<?xml version="1.0" encoding="UTF-8"?>
<gpx creator="StravaGPX" version="1.1" xmlns="http://www.topografix.com/GPX/1/1" xmlns:xsi="http://www.w3.org/2001/XMLSchema-instance" xsi:schemaLocation="http://www.topografix.com/GPX/1/1 http://www.topografix.com/GPX/1/1/gpx.xsd">
 <metadata>
  <name>Baixas - Rivesaltes - Opoul - Pas de lEchelle - Vingrau - Tautavel - Bataille</name>
  <author>
   <name>Chris Hancock</name>
   <link href="https://www.strava.com/athletes/2519062"/>
  </author>
  <copyright author="OpenStreetMap contributors">
   <year>2020</year>
   <license>https://www.openstreetmap.org/copyright</license>
  </copyright>
  <link href="https://www.strava.com/routes/3518951456257508874"/>
 </metadata>
 <trk>
  <name>Baixas - Rivesaltes - Opoul - Pas de lEchelle - Vingrau - Tautavel - Bataille</name>
  <link href="https://www.strava.com/routes/3518951456257508874"/>
  <type>cycling</type>
  <trkseg>
   <trkpt lat="42.65672" lon="2.5857300000000003">
    <ele>183.18</ele>
   </trkpt>
   <trkpt lat="42.6569" lon="2.5855900000000003">
    <ele>183.18</ele>
   </trkpt>
   <trkpt lat="42.657120000000006" lon="2.58551">
    <ele>182.76</ele>
   </trkpt>
   <trkpt lat="42.657210000000006" lon="2.58551">
    <ele>182.76</ele>
   </trkpt>
   <trkpt lat="42.65739000000001" lon="2.58555">
    <ele>182.76</ele>
   </trkpt>
   <trkpt lat="42.65757000000001" lon="2.5856700000000004">
    <ele>182.36</ele>
   </trkpt>
   <trkpt lat="42.657680000000006" lon="2.58582">
    <ele>182.36</ele>
   </trkpt>
   <trkpt lat="42.65776" lon="2.58598">
    <ele>182.36</ele>
   </trkpt>
   <trkpt lat="42.657810000000005" lon="2.58617">
    <ele>182.36</ele>
   </trkpt>
   <trkpt lat="42.657830000000004" lon="2.58664">
    <ele>181.9</ele>
   </trkpt>
   <trkpt lat="42.657835002611286" lon="2.58741499983248">
    <ele>181.55</ele>
   </trkpt>
   <trkpt lat="42.65784" lon="2.58819">
    <ele>181.55</ele>
   </trkpt>
   <trkpt lat="42.65787" lon="2.58854">
    <ele>181.46</ele>
   </trkpt>
   <trkpt lat="42.657920000000004" lon="2.58881">
    <ele>181.46</ele>
   </trkpt>
   <trkpt lat="42.658060000000006" lon="2.5892700000000004">
    <ele>181.22000000000003</ele>
   </trkpt>
   <trkpt lat="42.658440000000006" lon="2.5902700000000003">
    <ele>180.58</ele>
   </trkpt>
   <trkpt lat="42.658796672130244" lon="2.5910633242089802">
    <ele>180.07</ele>
   </trkpt>
   <trkpt lat="42.659153338786524" lon="2.59185665751908">
    <ele>179.8</ele>
   </trkpt>
   <trkpt lat="42.659510000000004" lon="2.5926500000000003">
    <ele>179.81000000000003</ele>
   </trkpt>
   <trkpt lat="42.65963" lon="2.59296">
    <ele>179.71</ele>
   </trkpt>
   <trkpt lat="42.65982000205417" lon="2.59365499770657">
    <ele>179.37</ele>
   </trkpt>
   <trkpt lat="42.66001000000001" lon="2.5943500000000004">
    <ele>179.09000000000003</ele>
   </trkpt>
   <trkpt lat="42.660050000000005" lon="2.5945600000000004">
    <ele>179.04</ele>
   </trkpt>
   <trkpt lat="42.66010000000001" lon="2.5951700000000004">
    <ele>178.70000000000002</ele>
   </trkpt>
   <trkpt lat="42.6602" lon="2.5956300000000003">
    <ele>177.78000000000003</ele>
   </trkpt>
   <trkpt lat="42.66055" lon="2.5967100000000003">
    <ele>175.96</ele>
   </trkpt>
   <trkpt lat="42.660675002757806" lon="2.59750499846066">
    <ele>174.93</ele>
   </trkpt>
   <trkpt lat="42.6608" lon="2.5983">
    <ele>174.27</ele>
   </trkpt>
   <trkpt lat="42.66085" lon="2.59846">
    <ele>174.01000000000002</ele>
   </trkpt>
   <trkpt lat="42.661010000000005" lon="2.5988100000000003">
    <ele>173.69</ele>
   </trkpt>
   <trkpt lat="42.66129" lon="2.59931">
    <ele>173.14000000000001</ele>
   </trkpt>
   <trkpt lat="42.661645000915314" lon="2.5997699973671695">
    <ele>172.34</ele>
   </trkpt>
   <trkpt lat="42.662000000000006" lon="2.6002300000000003">
    <ele>171.23000000000002</ele>
   </trkpt>
   <trkpt lat="42.662110000000006" lon="2.6004400000000003">
    <ele>170.95000000000002</ele>
   </trkpt>
   <trkpt lat="42.66235" lon="2.60108">
    <ele>168.99</ele>
   </trkpt>
   <trkpt lat="42.66243" lon="2.60157">
    <ele>168.70000000000002</ele>
   </trkpt>
   <trkpt lat="42.662400000000005" lon="2.6016700000000004">
    <ele>168.28</ele>
   </trkpt>
   <trkpt lat="42.66241" lon="2.6017300000000003">
    <ele>168.28</ele>
   </trkpt>
   <trkpt lat="42.66241" lon="2.60185">
    <ele>167.79000000000002</ele>
   </trkpt>
   <trkpt lat="42.662380000000006" lon="2.60197">
    <ele>167.51000000000002</ele>
   </trkpt>
   <trkpt lat="42.66217" lon="2.6024800000000003">
    <ele>166.58</ele>
   </trkpt>
   <trkpt lat="42.66199" lon="2.6027500000000003">
    <ele>166.67000000000002</ele>
   </trkpt>
   <trkpt lat="42.661930000000005" lon="2.60278">
    <ele>166.67000000000002</ele>
   </trkpt>
   <trkpt lat="42.6619" lon="2.6028100000000003">
    <ele>166.78</ele>
   </trkpt>
   <trkpt lat="42.66187" lon="2.6028800000000003">
    <ele>166.78</ele>
   </trkpt>
   <trkpt lat="42.661860000000004" lon="2.603">
    <ele>166.70000000000002</ele>
   </trkpt>
   <trkpt lat="42.661910000000006" lon="2.6031000000000004">
    <ele>166.70000000000002</ele>
   </trkpt>
   <trkpt lat="42.662310000000005" lon="2.6034800000000002">
    <ele>166.13</ele>
   </trkpt>
   <trkpt lat="42.66243" lon="2.60352">
    <ele>166.13</ele>
   </trkpt>
   <trkpt lat="42.66275" lon="2.60354">
    <ele>165.69</ele>
   </trkpt>
   <trkpt lat="42.663000000000004" lon="2.60358">
    <ele>165.48000000000002</ele>
   </trkpt>
   <trkpt lat="42.663090000000004" lon="2.6036200000000003">
    <ele>165.32000000000002</ele>
   </trkpt>
   <trkpt lat="42.66329" lon="2.6037700000000004">
    <ele>165.20000000000002</ele>
   </trkpt>
   <trkpt lat="42.66339000000001" lon="2.60387">
    <ele>164.79000000000002</ele>
   </trkpt>
   <trkpt lat="42.66349" lon="2.6040300000000003">
    <ele>164.79000000000002</ele>
   </trkpt>
   <trkpt lat="42.66362" lon="2.60433">
    <ele>164.27</ele>
   </trkpt>
   <trkpt lat="42.66402" lon="2.60537">
    <ele>162.94</ele>
   </trkpt>
   <trkpt lat="42.664080000000006" lon="2.60557">
    <ele>162.57000000000002</ele>
   </trkpt>
   <trkpt lat="42.664100000000005" lon="2.6058700000000004">
    <ele>162.57000000000002</ele>
   </trkpt>
   <trkpt lat="42.66427" lon="2.6060700000000003">
    <ele>161.82000000000002</ele>
   </trkpt>
   <trkpt lat="42.664390000000004" lon="2.60631">
    <ele>161.82000000000002</ele>
   </trkpt>
   <trkpt lat="42.66477001227938" lon="2.6072799822225745">
    <ele>161.13000000000002</ele>
   </trkpt>
   <trkpt lat="42.66515001637529" lon="2.608249976303546">
    <ele>160.4</ele>
   </trkpt>
   <trkpt lat="42.665530012287576" lon="2.6092199822429625">
    <ele>160.07000000000002</ele>
   </trkpt>
   <trkpt lat="42.665910000000004" lon="2.6101900000000002">
    <ele>159.67000000000002</ele>
   </trkpt>
   <trkpt lat="42.666256673751704" lon="2.611093323225936">
    <ele>159.35000000000002</ele>
   </trkpt>
   <trkpt lat="42.666603340406056" lon="2.6119966565270176">
    <ele>158.75</ele>
   </trkpt>
   <trkpt lat="42.66695000000001" lon="2.6129000000000002">
    <ele>158.19000000000003</ele>
   </trkpt>
   <trkpt lat="42.667120000000004" lon="2.6135">
    <ele>157.56</ele>
   </trkpt>
   <trkpt lat="42.667370000000005" lon="2.61412">
    <ele>156.82000000000002</ele>
   </trkpt>
   <trkpt lat="42.66765" lon="2.61486">
    <ele>156.73000000000002</ele>
   </trkpt>
   <trkpt lat="42.66787" lon="2.61526">
    <ele>156.22000000000003</ele>
   </trkpt>
   <trkpt lat="42.66809500149437" lon="2.615844997898293">
    <ele>155.89</ele>
   </trkpt>
   <trkpt lat="42.66832" lon="2.6164300000000003">
    <ele>155.0</ele>
   </trkpt>
   <trkpt lat="42.668400000000005" lon="2.61655">
    <ele>155.0</ele>
   </trkpt>
   <trkpt lat="42.66881334006124" lon="2.61742998828036">
    <ele>154.06</ele>
   </trkpt>
   <trkpt lat="42.66922667338704" lon="2.618309988264115">
    <ele>153.37</ele>
   </trkpt>
   <trkpt lat="42.66964" lon="2.61919">
    <ele>153.14000000000001</ele>
   </trkpt>
   <trkpt lat="42.669760000000004" lon="2.61952">
    <ele>153.10000000000002</ele>
   </trkpt>
   <trkpt lat="42.669810000000005" lon="2.62019">
    <ele>152.66000000000003</ele>
   </trkpt>
   <trkpt lat="42.669830000000005" lon="2.62028">
    <ele>152.66000000000003</ele>
   </trkpt>
   <trkpt lat="42.67007" lon="2.6208">
    <ele>152.07000000000002</ele>
   </trkpt>
   <trkpt lat="42.670460000000006" lon="2.6213300000000004">
    <ele>151.23</ele>
   </trkpt>
   <trkpt lat="42.67074" lon="2.62164">
    <ele>150.38000000000002</ele>
   </trkpt>
   <trkpt lat="42.67089" lon="2.6218800000000004">
    <ele>149.83</ele>
   </trkpt>
   <trkpt lat="42.67118000000001" lon="2.62217">
    <ele>148.7</ele>
   </trkpt>
   <trkpt lat="42.671310000000005" lon="2.62222">
    <ele>148.7</ele>
   </trkpt>
   <trkpt lat="42.67143" lon="2.6223">
    <ele>148.7</ele>
   </trkpt>
   <trkpt lat="42.67165000000001" lon="2.6224900000000004">
    <ele>147.92000000000002</ele>
   </trkpt>
   <trkpt lat="42.67174000000001" lon="2.6225400000000003">
    <ele>148.02</ele>
   </trkpt>
   <trkpt lat="42.67211" lon="2.6226100000000003">
    <ele>147.4</ele>
   </trkpt>
   <trkpt lat="42.67221000000001" lon="2.6226100000000003">
    <ele>147.03000000000003</ele>
   </trkpt>
   <trkpt lat="42.67230000000001" lon="2.62266">
    <ele>147.03000000000003</ele>
   </trkpt>
   <trkpt lat="42.672775001655616" lon="2.623279995240421">
    <ele>146.22000000000003</ele>
   </trkpt>
   <trkpt lat="42.67325" lon="2.6239000000000003">
    <ele>145.75000000000003</ele>
   </trkpt>
   <trkpt lat="42.673750000000005" lon="2.62461">
    <ele>145.38</ele>
   </trkpt>
   <trkpt lat="42.67383" lon="2.62453">
    <ele>145.12</ele>
   </trkpt>
   <trkpt lat="42.67392" lon="2.6245200000000004">
    <ele>144.70000000000002</ele>
   </trkpt>
   <trkpt lat="42.6745" lon="2.6249000000000002">
    <ele>142.39000000000001</ele>
   </trkpt>
   <trkpt lat="42.67488" lon="2.6252600000000004">
    <ele>140.97</ele>
   </trkpt>
   <trkpt lat="42.6751" lon="2.6253800000000003">
    <ele>139.75</ele>
   </trkpt>
   <trkpt lat="42.67562" lon="2.62556">
    <ele>137.26000000000002</ele>
   </trkpt>
   <trkpt lat="42.67604" lon="2.62568">
    <ele>137.21</ele>
   </trkpt>
   <trkpt lat="42.676120000000004" lon="2.6257">
    <ele>137.20000000000002</ele>
   </trkpt>
   <trkpt lat="42.67638" lon="2.62564">
    <ele>137.32</ele>
   </trkpt>
   <trkpt lat="42.67645" lon="2.6256600000000003">
    <ele>137.24</ele>
   </trkpt>
   <trkpt lat="42.67653000000001" lon="2.62571">
    <ele>137.09</ele>
   </trkpt>
   <trkpt lat="42.67685" lon="2.6260700000000003">
    <ele>135.46</ele>
   </trkpt>
   <trkpt lat="42.67707" lon="2.62636">
    <ele>134.71</ele>
   </trkpt>
   <trkpt lat="42.67741" lon="2.6270100000000003">
    <ele>133.81</ele>
   </trkpt>
   <trkpt lat="42.67766" lon="2.6272800000000003">
    <ele>133.56</ele>
   </trkpt>
   <trkpt lat="42.67813000164923" lon="2.627899995280748">
    <ele>133.20000000000002</ele>
   </trkpt>
   <trkpt lat="42.6786" lon="2.6285200000000004">
    <ele>132.72</ele>
   </trkpt>
   <trkpt lat="42.67923000231383" lon="2.629259992417593">
    <ele>131.76000000000002</ele>
   </trkpt>
   <trkpt lat="42.679860000000005" lon="2.6300000000000003">
    <ele>131.55</ele>
   </trkpt>
   <trkpt lat="42.67991000000001" lon="2.63011">
    <ele>131.55</ele>
   </trkpt>
   <trkpt lat="42.679930000000006" lon="2.63023">
    <ele>131.55</ele>
   </trkpt>
   <trkpt lat="42.679860000000005" lon="2.6305300000000003">
    <ele>131.32000000000002</ele>
   </trkpt>
   <trkpt lat="42.67976" lon="2.63084">
    <ele>131.20000000000002</ele>
   </trkpt>
   <trkpt lat="42.679520000000004" lon="2.6313000000000004">
    <ele>130.99</ele>
   </trkpt>
   <trkpt lat="42.67967" lon="2.63154">
    <ele>130.94</ele>
   </trkpt>
   <trkpt lat="42.679790000000004" lon="2.63167">
    <ele>130.94</ele>
   </trkpt>
   <trkpt lat="42.680260000000004" lon="2.63113">
    <ele>130.82000000000002</ele>
   </trkpt>
   <trkpt lat="42.680310000000006" lon="2.63112">
    <ele>130.75</ele>
   </trkpt>
   <trkpt lat="42.68057" lon="2.6314900000000003">
    <ele>130.9</ele>
   </trkpt>
   <trkpt lat="42.68081" lon="2.63127">
    <ele>130.24</ele>
   </trkpt>
   <trkpt lat="42.68103000000001" lon="2.63104">
    <ele>129.54999999999998</ele>
   </trkpt>
   <trkpt lat="42.68117" lon="2.63086">
    <ele>129.41</ele>
   </trkpt>
   <trkpt lat="42.68139" lon="2.63065">
    <ele>129.63000000000002</ele>
   </trkpt>
   <trkpt lat="42.68144" lon="2.6306200000000004">
    <ele>129.66</ele>
   </trkpt>
   <trkpt lat="42.681520000000006" lon="2.6306200000000004">
    <ele>129.66</ele>
   </trkpt>
   <trkpt lat="42.681610000000006" lon="2.6306800000000004">
    <ele>129.67000000000002</ele>
   </trkpt>
   <trkpt lat="42.682230000000004" lon="2.6308700000000003">
    <ele>129.60000000000002</ele>
   </trkpt>
   <trkpt lat="42.68251" lon="2.63086">
    <ele>129.37</ele>
   </trkpt>
   <trkpt lat="42.682840000000006" lon="2.63093">
    <ele>129.35000000000002</ele>
   </trkpt>
   <trkpt lat="42.682930000000006" lon="2.63099">
    <ele>129.35000000000002</ele>
   </trkpt>
   <trkpt lat="42.68305" lon="2.6311600000000004">
    <ele>129.23000000000002</ele>
   </trkpt>
   <trkpt lat="42.6833" lon="2.6314300000000004">
    <ele>129.18</ele>
   </trkpt>
   <trkpt lat="42.68338000000001" lon="2.6314800000000003">
    <ele>129.10000000000002</ele>
   </trkpt>
   <trkpt lat="42.683460000000004" lon="2.6314900000000003">
    <ele>129.10000000000002</ele>
   </trkpt>
   <trkpt lat="42.68368" lon="2.6312900000000004">
    <ele>128.57999999999998</ele>
   </trkpt>
   <trkpt lat="42.68376000000001" lon="2.63127">
    <ele>128.4</ele>
   </trkpt>
   <trkpt lat="42.68388" lon="2.63131">
    <ele>127.9</ele>
   </trkpt>
   <trkpt lat="42.683980000000005" lon="2.63132">
    <ele>127.9</ele>
   </trkpt>
   <trkpt lat="42.684070000000006" lon="2.6313700000000004">
    <ele>127.72</ele>
   </trkpt>
   <trkpt lat="42.68446" lon="2.63166">
    <ele>127.56</ele>
   </trkpt>
   <trkpt lat="42.6848" lon="2.63194">
    <ele>127.15</ele>
   </trkpt>
   <trkpt lat="42.685120000000005" lon="2.63226">
    <ele>127.15</ele>
   </trkpt>
   <trkpt lat="42.685590000000005" lon="2.6328500000000004">
    <ele>126.72</ele>
   </trkpt>
   <trkpt lat="42.68600500226784" lon="2.6335699952130684">
    <ele>126.44</ele>
   </trkpt>
   <trkpt lat="42.686420000000005" lon="2.63429">
    <ele>125.71000000000001</ele>
   </trkpt>
   <trkpt lat="42.686930000000004" lon="2.6352800000000003">
    <ele>125.64</ele>
   </trkpt>
   <trkpt lat="42.687470000000005" lon="2.6362400000000004">
    <ele>125.27000000000002</ele>
   </trkpt>
   <trkpt lat="42.687650000000005" lon="2.6365200000000004">
    <ele>125.04</ele>
   </trkpt>
   <trkpt lat="42.68809000165714" lon="2.6371249958042324">
    <ele>124.17000000000002</ele>
   </trkpt>
   <trkpt lat="42.68853" lon="2.6377300000000004">
    <ele>123.93</ele>
   </trkpt>
   <trkpt lat="42.68872" lon="2.6380500000000002">
    <ele>123.75000000000001</ele>
   </trkpt>
   <trkpt lat="42.689150000000005" lon="2.63898">
    <ele>123.01</ele>
   </trkpt>
   <trkpt lat="42.689410001015894" lon="2.6394799977697776">
    <ele>122.97000000000001</ele>
   </trkpt>
   <trkpt lat="42.68967000000001" lon="2.6399800000000004">
    <ele>122.8</ele>
   </trkpt>
   <trkpt lat="42.689800000000005" lon="2.6404500000000004">
    <ele>122.95</ele>
   </trkpt>
   <trkpt lat="42.68979" lon="2.6405700000000003">
    <ele>123.14000000000001</ele>
   </trkpt>
   <trkpt lat="42.68972" lon="2.64066">
    <ele>123.02</ele>
   </trkpt>
   <trkpt lat="42.689820000000005" lon="2.64089">
    <ele>122.53000000000002</ele>
   </trkpt>
   <trkpt lat="42.690020000000004" lon="2.6412000000000004">
    <ele>122.16</ele>
   </trkpt>
   <trkpt lat="42.69046" lon="2.64149">
    <ele>121.72000000000001</ele>
   </trkpt>
   <trkpt lat="42.690650000000005" lon="2.64168">
    <ele>121.56000000000002</ele>
   </trkpt>
   <trkpt lat="42.690720000000006" lon="2.64168">
    <ele>121.22</ele>
   </trkpt>
   <trkpt lat="42.690920000000006" lon="2.64162">
    <ele>121.00000000000001</ele>
   </trkpt>
   <trkpt lat="42.69106" lon="2.6416600000000003">
    <ele>120.97</ele>
   </trkpt>
   <trkpt lat="42.6912" lon="2.64176">
    <ele>120.92000000000002</ele>
   </trkpt>
   <trkpt lat="42.69167" lon="2.6424200000000004">
    <ele>120.49000000000001</ele>
   </trkpt>
   <trkpt lat="42.692150000000005" lon="2.64299">
    <ele>119.95000000000002</ele>
   </trkpt>
   <trkpt lat="42.69227" lon="2.64318">
    <ele>119.76</ele>
   </trkpt>
   <trkpt lat="42.69248" lon="2.64373">
    <ele>119.62</ele>
   </trkpt>
   <trkpt lat="42.692840000000004" lon="2.6447900000000004">
    <ele>119.49000000000001</ele>
   </trkpt>
   <trkpt lat="42.69294" lon="2.6449200000000004">
    <ele>119.32000000000001</ele>
   </trkpt>
   <trkpt lat="42.6931" lon="2.6450500000000003">
    <ele>118.92000000000002</ele>
   </trkpt>
   <trkpt lat="42.693180000000005" lon="2.6451900000000004">
    <ele>118.78</ele>
   </trkpt>
   <trkpt lat="42.69330500163723" lon="2.6457899991357183">
    <ele>118.49000000000001</ele>
   </trkpt>
   <trkpt lat="42.693430000000006" lon="2.6463900000000002">
    <ele>118.44</ele>
   </trkpt>
   <trkpt lat="42.69344" lon="2.64671">
    <ele>118.27000000000001</ele>
   </trkpt>
   <trkpt lat="42.693340000000006" lon="2.64739">
    <ele>118.14</ele>
   </trkpt>
   <trkpt lat="42.69339" lon="2.64746">
    <ele>117.88000000000001</ele>
   </trkpt>
   <trkpt lat="42.693630000000006" lon="2.6476400000000004">
    <ele>117.84000000000002</ele>
   </trkpt>
   <trkpt lat="42.69371" lon="2.64785">
    <ele>118.03</ele>
   </trkpt>
   <trkpt lat="42.693720000000006" lon="2.64907">
    <ele>117.89</ele>
   </trkpt>
   <trkpt lat="42.69366" lon="2.6502000000000003">
    <ele>117.54</ele>
   </trkpt>
   <trkpt lat="42.69357001039683" lon="2.65129333651466">
    <ele>116.95</ele>
   </trkpt>
   <trkpt lat="42.69348001039578" lon="2.652386669860663">
    <ele>115.39</ele>
   </trkpt>
   <trkpt lat="42.69339" lon="2.65348">
    <ele>115.27000000000001</ele>
   </trkpt>
   <trkpt lat="42.69332000000001" lon="2.6541900000000003">
    <ele>115.23</ele>
   </trkpt>
   <trkpt lat="42.693130000000004" lon="2.6552300000000004">
    <ele>114.81</ele>
   </trkpt>
   <trkpt lat="42.6931" lon="2.6563000000000003">
    <ele>114.44000000000001</ele>
   </trkpt>
   <trkpt lat="42.6931" lon="2.65748">
    <ele>114.12</ele>
   </trkpt>
   <trkpt lat="42.69315" lon="2.65864">
    <ele>112.57000000000001</ele>
   </trkpt>
   <trkpt lat="42.693270000000005" lon="2.65966">
    <ele>112.86000000000001</ele>
   </trkpt>
   <trkpt lat="42.69346" lon="2.66054">
    <ele>112.62</ele>
   </trkpt>
   <trkpt lat="42.693720000000006" lon="2.6614500000000003">
    <ele>111.99000000000001</ele>
   </trkpt>
   <trkpt lat="42.693740000000005" lon="2.6619800000000002">
    <ele>111.80000000000001</ele>
   </trkpt>
   <trkpt lat="42.69379000000001" lon="2.6622000000000003">
    <ele>111.9</ele>
   </trkpt>
   <trkpt lat="42.694" lon="2.6627400000000003">
    <ele>111.89</ele>
   </trkpt>
   <trkpt lat="42.694190000000006" lon="2.66311">
    <ele>111.63000000000001</ele>
   </trkpt>
   <trkpt lat="42.694320000000005" lon="2.6632900000000004">
    <ele>111.53</ele>
   </trkpt>
   <trkpt lat="42.694520000000004" lon="2.6635000000000004">
    <ele>111.28</ele>
   </trkpt>
   <trkpt lat="42.6949400032653" lon="2.664354994392478">
    <ele>110.56</ele>
   </trkpt>
   <trkpt lat="42.69536" lon="2.66521">
    <ele>110.80000000000001</ele>
   </trkpt>
   <trkpt lat="42.69541" lon="2.66534">
    <ele>110.91000000000001</ele>
   </trkpt>
   <trkpt lat="42.69541" lon="2.6657">
    <ele>110.95</ele>
   </trkpt>
   <trkpt lat="42.695570000000004" lon="2.6659400000000004">
    <ele>111.51</ele>
   </trkpt>
   <trkpt lat="42.69585" lon="2.6662700000000004">
    <ele>110.50000000000001</ele>
   </trkpt>
   <trkpt lat="42.69624667173237" lon="2.667033323576349">
    <ele>109.12</ele>
   </trkpt>
   <trkpt lat="42.69664333839643" lon="2.6677966569045086">
    <ele>108.78000000000002</ele>
   </trkpt>
   <trkpt lat="42.69704" lon="2.6685600000000003">
    <ele>108.39000000000001</ele>
   </trkpt>
   <trkpt lat="42.697500000000005" lon="2.66955">
    <ele>108.05000000000001</ele>
   </trkpt>
   <trkpt lat="42.697860000000006" lon="2.67058">
    <ele>107.38</ele>
   </trkpt>
   <trkpt lat="42.69807500179652" lon="2.6712249977280793">
    <ele>106.59</ele>
   </trkpt>
   <trkpt lat="42.69829" lon="2.67187">
    <ele>106.13</ele>
   </trkpt>
   <trkpt lat="42.698460000000004" lon="2.6725700000000003">
    <ele>106.21000000000001</ele>
   </trkpt>
   <trkpt lat="42.698690000000006" lon="2.6737200000000003">
    <ele>106.28000000000002</ele>
   </trkpt>
   <trkpt lat="42.698690000000006" lon="2.67383">
    <ele>106.28000000000002</ele>
   </trkpt>
   <trkpt lat="42.69865" lon="2.67389">
    <ele>106.3</ele>
   </trkpt>
   <trkpt lat="42.69838" lon="2.6739800000000002">
    <ele>106.22000000000001</ele>
   </trkpt>
   <trkpt lat="42.698350000000005" lon="2.6740700000000004">
    <ele>106.22000000000001</ele>
   </trkpt>
   <trkpt lat="42.69840000000001" lon="2.6745400000000004">
    <ele>106.02</ele>
   </trkpt>
   <trkpt lat="42.69845" lon="2.67465">
    <ele>106.05</ele>
   </trkpt>
   <trkpt lat="42.698510000000006" lon="2.67469">
    <ele>106.05</ele>
   </trkpt>
   <trkpt lat="42.69877" lon="2.67465">
    <ele>105.89000000000001</ele>
   </trkpt>
   <trkpt lat="42.698820000000005" lon="2.67469">
    <ele>105.89000000000001</ele>
   </trkpt>
   <trkpt lat="42.69892" lon="2.67586">
    <ele>105.05</ele>
   </trkpt>
   <trkpt lat="42.69896000000001" lon="2.67654">
    <ele>104.32000000000001</ele>
   </trkpt>
   <trkpt lat="42.698980000000006" lon="2.67736">
    <ele>104.0</ele>
   </trkpt>
   <trkpt lat="42.69895" lon="2.6781300000000003">
    <ele>103.27000000000001</ele>
   </trkpt>
   <trkpt lat="42.69887000000001" lon="2.6791500000000004">
    <ele>102.35000000000001</ele>
   </trkpt>
   <trkpt lat="42.69874500452007" lon="2.680170002093347">
    <ele>101.70000000000002</ele>
   </trkpt>
   <trkpt lat="42.698620000000005" lon="2.6811900000000004">
    <ele>100.54</ele>
   </trkpt>
   <trkpt lat="42.698460000000004" lon="2.6816400000000002">
    <ele>99.91000000000001</ele>
   </trkpt>
   <trkpt lat="42.698370000000004" lon="2.6821200000000003">
    <ele>99.86</ele>
   </trkpt>
   <trkpt lat="42.69836" lon="2.68228">
    <ele>99.86</ele>
   </trkpt>
   <trkpt lat="42.698420000000006" lon="2.68283">
    <ele>99.92</ele>
   </trkpt>
   <trkpt lat="42.69839" lon="2.68332">
    <ele>99.99000000000001</ele>
   </trkpt>
   <trkpt lat="42.698280000000004" lon="2.68413">
    <ele>100.49000000000001</ele>
   </trkpt>
   <trkpt lat="42.698185004014675" lon="2.6850900014038883">
    <ele>100.74000000000001</ele>
   </trkpt>
   <trkpt lat="42.69809" lon="2.6860500000000003">
    <ele>101.18</ele>
   </trkpt>
   <trkpt lat="42.698015001586015" lon="2.686655000778517">
    <ele>101.08</ele>
   </trkpt>
   <trkpt lat="42.69794" lon="2.68726">
    <ele>100.93</ele>
   </trkpt>
   <trkpt lat="42.69791" lon="2.6877000000000004">
    <ele>100.86</ele>
   </trkpt>
   <trkpt lat="42.69776" lon="2.6884300000000003">
    <ele>99.9</ele>
   </trkpt>
   <trkpt lat="42.69769" lon="2.6885100000000004">
    <ele>99.21000000000001</ele>
   </trkpt>
   <trkpt lat="42.6972" lon="2.6886500000000004">
    <ele>99.06</ele>
   </trkpt>
   <trkpt lat="42.69709" lon="2.6887100000000004">
    <ele>99.23</ele>
   </trkpt>
   <trkpt lat="42.697030000000005" lon="2.68881">
    <ele>99.2</ele>
   </trkpt>
   <trkpt lat="42.697030000000005" lon="2.68894">
    <ele>99.2</ele>
   </trkpt>
   <trkpt lat="42.697070000000004" lon="2.68908">
    <ele>99.23</ele>
   </trkpt>
   <trkpt lat="42.697250000000004" lon="2.68948">
    <ele>99.73</ele>
   </trkpt>
   <trkpt lat="42.69729" lon="2.68961">
    <ele>99.72</ele>
   </trkpt>
   <trkpt lat="42.697320000000005" lon="2.6898400000000002">
    <ele>99.52000000000001</ele>
   </trkpt>
   <trkpt lat="42.697300000000006" lon="2.68997">
    <ele>99.32000000000001</ele>
   </trkpt>
   <trkpt lat="42.69705000246549" lon="2.690740003448541">
    <ele>98.35000000000001</ele>
   </trkpt>
   <trkpt lat="42.6968" lon="2.69151">
    <ele>98.35000000000001</ele>
   </trkpt>
   <trkpt lat="42.69670000000001" lon="2.69172">
    <ele>98.29</ele>
   </trkpt>
   <trkpt lat="42.696630000000006" lon="2.69192">
    <ele>98.03</ele>
   </trkpt>
   <trkpt lat="42.696560000000005" lon="2.69226">
    <ele>97.97</ele>
   </trkpt>
   <trkpt lat="42.696380000000005" lon="2.69272">
    <ele>97.79</ele>
   </trkpt>
   <trkpt lat="42.696170002525484" lon="2.693480002521724">
    <ele>97.68</ele>
   </trkpt>
   <trkpt lat="42.69596000000001" lon="2.69424">
    <ele>97.36</ele>
   </trkpt>
   <trkpt lat="42.69568" lon="2.6953400000000003">
    <ele>96.87</ele>
   </trkpt>
   <trkpt lat="42.695600000000006" lon="2.69584">
    <ele>97.37</ele>
   </trkpt>
   <trkpt lat="42.695420000000006" lon="2.69626">
    <ele>98.58000000000001</ele>
   </trkpt>
   <trkpt lat="42.6953" lon="2.6966900000000003">
    <ele>101.49000000000001</ele>
   </trkpt>
   <trkpt lat="42.69529" lon="2.69682">
    <ele>101.49000000000001</ele>
   </trkpt>
   <trkpt lat="42.69606000006069" lon="2.6968879966255503">
    <ele>102.49000000000001</ele>
   </trkpt>
   <trkpt lat="42.69683000008117" lon="2.6969559949373663">
    <ele>102.72</ele>
   </trkpt>
   <trkpt lat="42.69760000006144" lon="2.6970239949355355">
    <ele>101.84000000000002</ele>
   </trkpt>
   <trkpt lat="42.69837000000146" lon="2.6970919966201445">
    <ele>100.4</ele>
   </trkpt>
   <trkpt lat="42.69914000000001" lon="2.6971600000000002">
    <ele>100.41000000000001</ele>
   </trkpt>
   <trkpt lat="42.699250000000006" lon="2.69721">
    <ele>100.33</ele>
   </trkpt>
   <trkpt lat="42.69939" lon="2.69741">
    <ele>100.33</ele>
   </trkpt>
   <trkpt lat="42.69948" lon="2.6975700000000002">
    <ele>100.36</ele>
   </trkpt>
   <trkpt lat="42.699540000000006" lon="2.6977900000000004">
    <ele>100.5</ele>
   </trkpt>
   <trkpt lat="42.69962" lon="2.6984500000000002">
    <ele>100.66000000000001</ele>
   </trkpt>
   <trkpt lat="42.69962000535873" lon="2.699559999965145">
    <ele>101.13000000000001</ele>
   </trkpt>
   <trkpt lat="42.69962" lon="2.70067">
    <ele>101.59000000000002</ele>
   </trkpt>
   <trkpt lat="42.69966" lon="2.7011900000000004">
    <ele>102.9</ele>
   </trkpt>
   <trkpt lat="42.6997" lon="2.7014500000000004">
    <ele>102.96000000000001</ele>
   </trkpt>
   <trkpt lat="42.69975" lon="2.70167">
    <ele>102.97</ele>
   </trkpt>
   <trkpt lat="42.70006000455148" lon="2.7026949948230343">
    <ele>101.48000000000002</ele>
   </trkpt>
   <trkpt lat="42.70037000000001" lon="2.70372">
    <ele>100.95</ele>
   </trkpt>
   <trkpt lat="42.70063334017332" lon="2.704606659150246">
    <ele>100.68</ele>
   </trkpt>
   <trkpt lat="42.700896673508076" lon="2.705493325821604">
    <ele>101.01</ele>
   </trkpt>
   <trkpt lat="42.70116" lon="2.7063800000000002">
    <ele>102.08</ele>
   </trkpt>
   <trkpt lat="42.701220000000006" lon="2.7067500000000004">
    <ele>102.83</ele>
   </trkpt>
   <trkpt lat="42.70123" lon="2.7069900000000002">
    <ele>103.3</ele>
   </trkpt>
   <trkpt lat="42.7012022737276" lon="2.7082066710147448">
    <ele>102.65</ele>
   </trkpt>
   <trkpt lat="42.701174534578804" lon="2.7094233409425987">
    <ele>100.68</ele>
   </trkpt>
   <trkpt lat="42.70114678255367" lon="2.710640009783059">
    <ele>98.95</ele>
   </trkpt>
   <trkpt lat="42.70111901765221" lon="2.711856677535623">
    <ele>97.15</ele>
   </trkpt>
   <trkpt lat="42.70109123987445" lon="2.7130733441997883">
    <ele>95.91000000000001</ele>
   </trkpt>
   <trkpt lat="42.70106344922042" lon="2.7142900097750515">
    <ele>95.48</ele>
   </trkpt>
   <trkpt lat="42.70103564569011" lon="2.715506674260911">
    <ele>95.25</ele>
   </trkpt>
   <trkpt lat="42.70100782928359" lon="2.716723337656863">
    <ele>94.85000000000001</ele>
   </trkpt>
   <trkpt lat="42.70098" lon="2.71794">
    <ele>95.06</ele>
   </trkpt>
   <trkpt lat="42.70094" lon="2.71824">
    <ele>95.03</ele>
   </trkpt>
   <trkpt lat="42.70076500289655" lon="2.719050002084033">
    <ele>94.36000000000001</ele>
   </trkpt>
   <trkpt lat="42.700590000000005" lon="2.71986">
    <ele>94.2</ele>
   </trkpt>
   <trkpt lat="42.70035601767636" lon="2.7208680151964666">
    <ele>93.79</ele>
   </trkpt>
   <trkpt lat="42.70012202651425" lon="2.7218760227955405">
    <ele>94.17</ele>
   </trkpt>
   <trkpt lat="42.6998880265138" lon="2.722884022797054">
    <ele>92.96</ele>
   </trkpt>
   <trkpt lat="42.69965401767515" lon="2.7238920152008412">
    <ele>92.26</ele>
   </trkpt>
   <trkpt lat="42.69942" lon="2.7249000000000003">
    <ele>91.32000000000001</ele>
   </trkpt>
   <trkpt lat="42.69932" lon="2.72529">
    <ele>91.00000000000001</ele>
   </trkpt>
   <trkpt lat="42.699270000000006" lon="2.72542">
    <ele>90.88</ele>
   </trkpt>
   <trkpt lat="42.69908" lon="2.72621">
    <ele>89.96000000000001</ele>
   </trkpt>
   <trkpt lat="42.69906" lon="2.7263800000000002">
    <ele>89.79</ele>
   </trkpt>
   <trkpt lat="42.69892" lon="2.7270000000000003">
    <ele>89.27</ele>
   </trkpt>
   <trkpt lat="42.698890000000006" lon="2.72712">
    <ele>89.03000000000002</ele>
   </trkpt>
   <trkpt lat="42.6987" lon="2.7280200000000003">
    <ele>88.69</ele>
   </trkpt>
   <trkpt lat="42.698600000000006" lon="2.7284400000000004">
    <ele>88.02</ele>
   </trkpt>
   <trkpt lat="42.69854" lon="2.7286200000000003">
    <ele>88.02</ele>
   </trkpt>
   <trkpt lat="42.69840000000001" lon="2.72895">
    <ele>87.59</ele>
   </trkpt>
   <trkpt lat="42.697990000000004" lon="2.7295900000000004">
    <ele>87.36</ele>
   </trkpt>
   <trkpt lat="42.697860000000006" lon="2.7298600000000004">
    <ele>86.91</ele>
   </trkpt>
   <trkpt lat="42.6976" lon="2.73057">
    <ele>86.56000000000002</ele>
   </trkpt>
   <trkpt lat="42.697570000000006" lon="2.7308800000000004">
    <ele>86.45000000000002</ele>
   </trkpt>
   <trkpt lat="42.69746000000001" lon="2.73144">
    <ele>86.19</ele>
   </trkpt>
   <trkpt lat="42.69727" lon="2.73204">
    <ele>86.06000000000002</ele>
   </trkpt>
   <trkpt lat="42.697140000000005" lon="2.7325100000000004">
    <ele>85.75</ele>
   </trkpt>
   <trkpt lat="42.697045001923286" lon="2.7331800012301826">
    <ele>85.37</ele>
   </trkpt>
   <trkpt lat="42.69695" lon="2.7338500000000003">
    <ele>85.14</ele>
   </trkpt>
   <trkpt lat="42.69689" lon="2.73442">
    <ele>84.78</ele>
   </trkpt>
   <trkpt lat="42.696780000000004" lon="2.73476">
    <ele>84.76</ele>
   </trkpt>
   <trkpt lat="42.696720000000006" lon="2.7348600000000003">
    <ele>84.65</ele>
   </trkpt>
   <trkpt lat="42.69675" lon="2.7350000000000003">
    <ele>84.65</ele>
   </trkpt>
   <trkpt lat="42.696830000000006" lon="2.73502">
    <ele>84.51</ele>
   </trkpt>
   <trkpt lat="42.69684" lon="2.73502">
    <ele>84.51</ele>
   </trkpt>
   <trkpt lat="42.69686" lon="2.73559">
    <ele>84.23000000000002</ele>
   </trkpt>
   <trkpt lat="42.69684" lon="2.73571">
    <ele>84.23000000000002</ele>
   </trkpt>
   <trkpt lat="42.69673" lon="2.73652">
    <ele>83.59</ele>
   </trkpt>
   <trkpt lat="42.69658500604882" lon="2.7377000028127005">
    <ele>83.10000000000001</ele>
   </trkpt>
   <trkpt lat="42.69644" lon="2.7388800000000004">
    <ele>82.12</ele>
   </trkpt>
   <trkpt lat="42.696284025137956" lon="2.740082012056687">
    <ele>81.73</ele>
   </trkpt>
   <trkpt lat="42.696128037708164" lon="2.7412840180749183">
    <ele>81.36</ele>
   </trkpt>
   <trkpt lat="42.69597203771076" lon="2.7424860180542736">
    <ele>80.69000000000001</ele>
   </trkpt>
   <trkpt lat="42.69581602514589" lon="2.743688011994327">
    <ele>80.53999999999999</ele>
   </trkpt>
   <trkpt lat="42.695660000000004" lon="2.7448900000000003">
    <ele>79.87</ele>
   </trkpt>
   <trkpt lat="42.695660000000004" lon="2.7453700000000003">
    <ele>79.74000000000001</ele>
   </trkpt>
   <trkpt lat="42.69572000180781" lon="2.746019999049716">
    <ele>79.75</ele>
   </trkpt>
   <trkpt lat="42.695780000000006" lon="2.7466700000000004">
    <ele>79.53</ele>
   </trkpt>
   <trkpt lat="42.69588500375668" lon="2.747599998383588">
    <ele>79.31</ele>
   </trkpt>
   <trkpt lat="42.69599" lon="2.74853">
    <ele>79.31</ele>
   </trkpt>
   <trkpt lat="42.69608000182795" lon="2.7491699994032848">
    <ele>79.67999999999999</ele>
   </trkpt>
   <trkpt lat="42.69617" lon="2.74981">
    <ele>79.85000000000001</ele>
   </trkpt>
   <trkpt lat="42.69623500220591" lon="2.7505249990588134">
    <ele>78.88000000000001</ele>
   </trkpt>
   <trkpt lat="42.6963" lon="2.75124">
    <ele>78.21</ele>
   </trkpt>
   <trkpt lat="42.69632" lon="2.7518200000000004">
    <ele>77.81</ele>
   </trkpt>
   <trkpt lat="42.69629401888874" lon="2.7528620017524417">
    <ele>76.9</ele>
   </trkpt>
   <trkpt lat="42.696268028332995" lon="2.7539040026328134">
    <ele>76.30000000000001</ele>
   </trkpt>
   <trkpt lat="42.6962420283328" lon="2.7549460026408">
    <ele>76.00000000000001</ele>
   </trkpt>
   <trkpt lat="42.69621601888814" lon="2.7559880017760867">
    <ele>75.88</ele>
   </trkpt>
   <trkpt lat="42.69619" lon="2.7570300000000003">
    <ele>75.89000000000001</ele>
   </trkpt>
   <trkpt lat="42.69626" lon="2.75753">
    <ele>76.00000000000001</ele>
   </trkpt>
   <trkpt lat="42.69632" lon="2.75773">
    <ele>76.49</ele>
   </trkpt>
   <trkpt lat="42.696340000000006" lon="2.75795">
    <ele>76.49</ele>
   </trkpt>
   <trkpt lat="42.696310000000004" lon="2.75807">
    <ele>76.12</ele>
   </trkpt>
   <trkpt lat="42.69617" lon="2.75836">
    <ele>75.87</ele>
   </trkpt>
   <trkpt lat="42.696090000000005" lon="2.7591900000000003">
    <ele>75.29</ele>
   </trkpt>
   <trkpt lat="42.696110000000004" lon="2.7597">
    <ele>75.4</ele>
   </trkpt>
   <trkpt lat="42.696070000000006" lon="2.7598700000000003">
    <ele>75.35</ele>
   </trkpt>
   <trkpt lat="42.69597" lon="2.75999">
    <ele>74.73</ele>
   </trkpt>
   <trkpt lat="42.69594" lon="2.76006">
    <ele>74.73</ele>
   </trkpt>
   <trkpt lat="42.6958450146642" lon="2.761120004821811">
    <ele>73.86000000000001</ele>
   </trkpt>
   <trkpt lat="42.69575001955478" lon="2.7621800064007838">
    <ele>73.67</ele>
   </trkpt>
   <trkpt lat="42.69565501467181" lon="2.7632400047366055">
    <ele>73.06</ele>
   </trkpt>
   <trkpt lat="42.69556" lon="2.7643000000000004">
    <ele>72.38</ele>
   </trkpt>
   <trkpt lat="42.695550000000004" lon="2.76453">
    <ele>72.38</ele>
   </trkpt>
   <trkpt lat="42.69561" lon="2.7648300000000003">
    <ele>72.4</ele>
   </trkpt>
   <trkpt lat="42.69554" lon="2.76486">
    <ele>72.48</ele>
   </trkpt>
   <trkpt lat="42.69552" lon="2.7648300000000003">
    <ele>72.48</ele>
   </trkpt>
   <trkpt lat="42.69547" lon="2.7648">
    <ele>72.45</ele>
   </trkpt>
   <trkpt lat="42.69541" lon="2.7648400000000004">
    <ele>72.35000000000001</ele>
   </trkpt>
   <trkpt lat="42.69539" lon="2.76492">
    <ele>72.2</ele>
   </trkpt>
   <trkpt lat="42.69541" lon="2.765">
    <ele>71.86</ele>
   </trkpt>
   <trkpt lat="42.695420000000006" lon="2.76521">
    <ele>71.86</ele>
   </trkpt>
   <trkpt lat="42.69538" lon="2.76547">
    <ele>71.7</ele>
   </trkpt>
   <trkpt lat="42.69531500215041" lon="2.7661750008600903">
    <ele>71.53000000000002</ele>
   </trkpt>
   <trkpt lat="42.69525" lon="2.76688">
    <ele>71.5</ele>
   </trkpt>
   <trkpt lat="42.695280000000004" lon="2.76711">
    <ele>71.5</ele>
   </trkpt>
   <trkpt lat="42.69568" lon="2.7681">
    <ele>71.31000000000002</ele>
   </trkpt>
   <trkpt lat="42.69574" lon="2.7682900000000004">
    <ele>71.31000000000002</ele>
   </trkpt>
   <trkpt lat="42.69590500363412" lon="2.7692049975291275">
    <ele>70.77</ele>
   </trkpt>
   <trkpt lat="42.696070000000006" lon="2.7701200000000004">
    <ele>70.5</ele>
   </trkpt>
   <trkpt lat="42.69615" lon="2.7707400000000004">
    <ele>70.18</ele>
   </trkpt>
   <trkpt lat="42.696245003978966" lon="2.771694998663206">
    <ele>69.94</ele>
   </trkpt>
   <trkpt lat="42.696340000000006" lon="2.77265">
    <ele>69.81000000000002</ele>
   </trkpt>
   <trkpt lat="42.696380000000005" lon="2.77281">
    <ele>69.81000000000002</ele>
   </trkpt>
   <trkpt lat="42.696600000000004" lon="2.7732500000000004">
    <ele>69.89</ele>
   </trkpt>
   <trkpt lat="42.6968" lon="2.77355">
    <ele>70.07000000000001</ele>
   </trkpt>
   <trkpt lat="42.6974280131131" lon="2.7744179648943876">
    <ele>69.07000000000001</ele>
   </trkpt>
   <trkpt lat="42.698056019672954" lon="2.775285947345209">
    <ele>68.79</ele>
   </trkpt>
   <trkpt lat="42.69868401967928" lon="2.7761539473530243">
    <ele>68.5</ele>
   </trkpt>
   <trkpt lat="42.69931201313183" lon="2.7770219649183905">
    <ele>68.56</ele>
   </trkpt>
   <trkpt lat="42.699940000000005" lon="2.77789">
    <ele>68.8</ele>
   </trkpt>
   <trkpt lat="42.70002" lon="2.7781700000000003">
    <ele>68.74000000000001</ele>
   </trkpt>
   <trkpt lat="42.70026" lon="2.77835">
    <ele>68.61</ele>
   </trkpt>
   <trkpt lat="42.70049" lon="2.7786000000000004">
    <ele>68.57000000000001</ele>
   </trkpt>
   <trkpt lat="42.70107001119386" lon="2.779401970037731">
    <ele>68.15</ele>
   </trkpt>
   <trkpt lat="42.70165001679309" lon="2.780203955059028">
    <ele>68.59000000000002</ele>
   </trkpt>
   <trkpt lat="42.702230016797465" lon="2.781005955064331">
    <ele>68.55</ele>
   </trkpt>
   <trkpt lat="42.702810011206765" lon="2.781807970054081">
    <ele>69.5</ele>
   </trkpt>
   <trkpt lat="42.703390000000006" lon="2.78261">
    <ele>70.37</ele>
   </trkpt>
   <trkpt lat="42.70393000000001" lon="2.7833200000000002">
    <ele>69.93</ele>
   </trkpt>
   <trkpt lat="42.70455000322521" lon="2.784189991217604">
    <ele>68.62</ele>
   </trkpt>
   <trkpt lat="42.70517" lon="2.78506">
    <ele>67.29</ele>
   </trkpt>
   <trkpt lat="42.70534000000001" lon="2.7853700000000003">
    <ele>67.12</ele>
   </trkpt>
   <trkpt lat="42.705470000000005" lon="2.78574">
    <ele>66.96000000000001</ele>
   </trkpt>
   <trkpt lat="42.70572500463041" lon="2.7867699958344527">
    <ele>67.0</ele>
   </trkpt>
   <trkpt lat="42.705980000000004" lon="2.7878000000000003">
    <ele>67.18</ele>
   </trkpt>
   <trkpt lat="42.70606" lon="2.7882000000000002">
    <ele>67.29</ele>
   </trkpt>
   <trkpt lat="42.706160000000004" lon="2.7885500000000003">
    <ele>67.65</ele>
   </trkpt>
   <trkpt lat="42.706300000000006" lon="2.78894">
    <ele>67.62</ele>
   </trkpt>
   <trkpt lat="42.70656" lon="2.78955">
    <ele>67.49000000000001</ele>
   </trkpt>
   <trkpt lat="42.706950000000006" lon="2.79061">
    <ele>67.0</ele>
   </trkpt>
   <trkpt lat="42.707370000000004" lon="2.79163">
    <ele>66.39</ele>
   </trkpt>
   <trkpt lat="42.7075" lon="2.79199">
    <ele>66.03</ele>
   </trkpt>
   <trkpt lat="42.70759" lon="2.79232">
    <ele>65.72</ele>
   </trkpt>
   <trkpt lat="42.70778000000001" lon="2.79335">
    <ele>65.7</ele>
   </trkpt>
   <trkpt lat="42.70796000000001" lon="2.79415">
    <ele>67.97</ele>
   </trkpt>
   <trkpt lat="42.708110000000005" lon="2.7945300000000004">
    <ele>68.47</ele>
   </trkpt>
   <trkpt lat="42.708490000000005" lon="2.7952700000000004">
    <ele>71.38</ele>
   </trkpt>
   <trkpt lat="42.708690000000004" lon="2.7955300000000003">
    <ele>73.23</ele>
   </trkpt>
   <trkpt lat="42.70897" lon="2.7958000000000003">
    <ele>74.12</ele>
   </trkpt>
   <trkpt lat="42.70951" lon="2.7962100000000003">
    <ele>76.49</ele>
   </trkpt>
   <trkpt lat="42.709920000000004" lon="2.7965600000000004">
    <ele>78.4</ele>
   </trkpt>
   <trkpt lat="42.71031000000001" lon="2.79694">
    <ele>80.85000000000001</ele>
   </trkpt>
   <trkpt lat="42.71036" lon="2.7970300000000003">
    <ele>80.85000000000001</ele>
   </trkpt>
   <trkpt lat="42.71038" lon="2.79712">
    <ele>80.96000000000001</ele>
   </trkpt>
   <trkpt lat="42.71043" lon="2.7972">
    <ele>80.96000000000001</ele>
   </trkpt>
   <trkpt lat="42.7105" lon="2.7972300000000003">
    <ele>81.46000000000001</ele>
   </trkpt>
   <trkpt lat="42.71058" lon="2.7972">
    <ele>81.46000000000001</ele>
   </trkpt>
   <trkpt lat="42.710640000000005" lon="2.79713">
    <ele>81.60000000000001</ele>
   </trkpt>
   <trkpt lat="42.710750000000004" lon="2.7970800000000002">
    <ele>81.65</ele>
   </trkpt>
   <trkpt lat="42.710950000000004" lon="2.7970400000000004">
    <ele>81.93</ele>
   </trkpt>
   <trkpt lat="42.711360000000006" lon="2.7970300000000003">
    <ele>83.30000000000001</ele>
   </trkpt>
   <trkpt lat="42.71166" lon="2.7970800000000002">
    <ele>83.48</ele>
   </trkpt>
   <trkpt lat="42.71233" lon="2.7973500000000002">
    <ele>83.69</ele>
   </trkpt>
   <trkpt lat="42.713010000000004" lon="2.7977100000000004">
    <ele>83.83</ele>
   </trkpt>
   <trkpt lat="42.713570000000004" lon="2.79815">
    <ele>83.55000000000001</ele>
   </trkpt>
   <trkpt lat="42.71419800563458" lon="2.798717977028424">
    <ele>83.46000000000001</ele>
   </trkpt>
   <trkpt lat="42.71482600846286" lon="2.7992859655520363">
    <ele>83.10000000000001</ele>
   </trkpt>
   <trkpt lat="42.71545400848473" lon="2.799853965571272">
    <ele>82.85000000000001</ele>
   </trkpt>
   <trkpt lat="42.71608200570005" lon="2.800421977086565">
    <ele>82.67</ele>
   </trkpt>
   <trkpt lat="42.716710000000006" lon="2.80099">
    <ele>82.68</ele>
   </trkpt>
   <trkpt lat="42.71725500106599" lon="2.801459995962805">
    <ele>82.83</ele>
   </trkpt>
   <trkpt lat="42.717800000000004" lon="2.80193">
    <ele>82.77000000000001</ele>
   </trkpt>
   <trkpt lat="42.71839000000001" lon="2.80248">
    <ele>82.74000000000001</ele>
   </trkpt>
   <trkpt lat="42.71862" lon="2.8026400000000002">
    <ele>83.17</ele>
   </trkpt>
   <trkpt lat="42.718770000000006" lon="2.8027">
    <ele>83.17</ele>
   </trkpt>
   <trkpt lat="42.718970000000006" lon="2.8027300000000004">
    <ele>83.5</ele>
   </trkpt>
   <trkpt lat="42.71956" lon="2.80275">
    <ele>83.62000000000002</ele>
   </trkpt>
   <trkpt lat="42.720343333398866" lon="2.8028016634056594">
    <ele>83.69</ele>
   </trkpt>
   <trkpt lat="42.7211266667745" lon="2.8028533281158277">
    <ele>83.95</ele>
   </trkpt>
   <trkpt lat="42.72191000012693" lon="2.802904994130573">
    <ele>84.62</ele>
   </trkpt>
   <trkpt lat="42.72269333345613" lon="2.802956661449964">
    <ele>85.96000000000001</ele>
   </trkpt>
   <trkpt lat="42.723476666762124" lon="2.8030083300740705">
    <ele>88.78000000000002</ele>
   </trkpt>
   <trkpt lat="42.72426" lon="2.8030600000000003">
    <ele>91.52</ele>
   </trkpt>
   <trkpt lat="42.72451" lon="2.8031">
    <ele>92.6</ele>
   </trkpt>
   <trkpt lat="42.72478" lon="2.80324">
    <ele>93.69000000000001</ele>
   </trkpt>
   <trkpt lat="42.72495000000001" lon="2.8034600000000003">
    <ele>94.7</ele>
   </trkpt>
   <trkpt lat="42.725370000000005" lon="2.80426">
    <ele>98.2</ele>
   </trkpt>
   <trkpt lat="42.725570000000005" lon="2.80459">
    <ele>99.06</ele>
   </trkpt>
   <trkpt lat="42.72583" lon="2.80479">
    <ele>99.52000000000001</ele>
   </trkpt>
   <trkpt lat="42.7266158445454" lon="2.805274099193663">
    <ele>101.32000000000001</ele>
   </trkpt>
   <trkpt lat="42.727401687052094" lon="2.8057582106527663">
    <ele>102.10000000000001</ele>
   </trkpt>
   <trkpt lat="42.72818752751994" lon="2.806242334377927">
    <ele>102.35000000000001</ele>
   </trkpt>
   <trkpt lat="42.728973365948846" lon="2.806726470369762">
    <ele>102.55</ele>
   </trkpt>
   <trkpt lat="42.72975920233871" lon="2.8072106186288877">
    <ele>102.61</ele>
   </trkpt>
   <trkpt lat="42.730545036689435" lon="2.8076947791559204">
    <ele>102.56000000000002</ele>
   </trkpt>
   <trkpt lat="42.73133086900088" lon="2.8081789519514766">
    <ele>101.91000000000001</ele>
   </trkpt>
   <trkpt lat="42.73211669927296" lon="2.8086631370161736">
    <ele>101.49000000000001</ele>
   </trkpt>
   <trkpt lat="42.732902527505566" lon="2.8091473343506275">
    <ele>100.80000000000001</ele>
   </trkpt>
   <trkpt lat="42.73368835369858" lon="2.8096315439554553">
    <ele>100.19</ele>
   </trkpt>
   <trkpt lat="42.734474177851915" lon="2.810115765831273">
    <ele>98.93</ele>
   </trkpt>
   <trkpt lat="42.735260000000004" lon="2.8106000000000004">
    <ele>97.02000000000001</ele>
   </trkpt>
   <trkpt lat="42.73567000029135" lon="2.8108649982388356">
    <ele>95.45</ele>
   </trkpt>
   <trkpt lat="42.73608" lon="2.8111300000000004">
    <ele>93.98</ele>
   </trkpt>
   <trkpt lat="42.736891435087415" lon="2.8116299607378643">
    <ele>93.39</ele>
   </trkpt>
   <trkpt lat="42.73770286800025" lon="2.8121299345602626">
    <ele>95.54</ele>
   </trkpt>
   <trkpt lat="42.7385142987384" lon="2.8126299214678743">
    <ele>96.51</ele>
   </trkpt>
   <trkpt lat="42.73932572730171" lon="2.81312992146138">
    <ele>96.52000000000001</ele>
   </trkpt>
   <trkpt lat="42.740137153690135" lon="2.8136299345414573">
    <ele>95.32</ele>
   </trkpt>
   <trkpt lat="42.74094857790347" lon="2.8141299607087853">
    <ele>94.54</ele>
   </trkpt>
   <trkpt lat="42.741760000000006" lon="2.81463">
    <ele>95.73</ele>
   </trkpt>
   <trkpt lat="42.74215" lon="2.81475">
    <ele>96.26</ele>
   </trkpt>
   <trkpt lat="42.74217" lon="2.81482">
    <ele>96.17</ele>
   </trkpt>
   <trkpt lat="42.74221" lon="2.8148700000000004">
    <ele>96.17</ele>
   </trkpt>
   <trkpt lat="42.74226" lon="2.8149">
    <ele>96.17</ele>
   </trkpt>
   <trkpt lat="42.74239" lon="2.81489">
    <ele>96.12</ele>
   </trkpt>
   <trkpt lat="42.74246" lon="2.8147900000000003">
    <ele>96.12</ele>
   </trkpt>
   <trkpt lat="42.742740000000005" lon="2.81469">
    <ele>94.7</ele>
   </trkpt>
   <trkpt lat="42.74287" lon="2.81462">
    <ele>94.26</ele>
   </trkpt>
   <trkpt lat="42.74346666815128" lon="2.814210007876623">
    <ele>90.4</ele>
   </trkpt>
   <trkpt lat="42.74406333484017" lon="2.8138000078614565">
    <ele>87.83</ele>
   </trkpt>
   <trkpt lat="42.74466" lon="2.81339">
    <ele>84.74000000000001</ele>
   </trkpt>
   <trkpt lat="42.745400000000004" lon="2.81291">
    <ele>81.95</ele>
   </trkpt>
   <trkpt lat="42.74557" lon="2.8128900000000003">
    <ele>82.15</ele>
   </trkpt>
   <trkpt lat="42.745610000000006" lon="2.81292">
    <ele>82.15</ele>
   </trkpt>
   <trkpt lat="42.74568" lon="2.81291">
    <ele>82.09</ele>
   </trkpt>
   <trkpt lat="42.745760000000004" lon="2.8128200000000003">
    <ele>81.98</ele>
   </trkpt>
   <trkpt lat="42.74577" lon="2.81273">
    <ele>80.57000000000001</ele>
   </trkpt>
   <trkpt lat="42.745850000000004" lon="2.8126200000000003">
    <ele>80.57000000000001</ele>
   </trkpt>
   <trkpt lat="42.74635500057664" lon="2.8122750027702965">
    <ele>78.78</ele>
   </trkpt>
   <trkpt lat="42.746860000000005" lon="2.8119300000000003">
    <ele>77.99000000000001</ele>
   </trkpt>
   <trkpt lat="42.74733500043908" lon="2.8116250023150333">
    <ele>76.87</ele>
   </trkpt>
   <trkpt lat="42.74781" lon="2.8113200000000003">
    <ele>76.27</ele>
   </trkpt>
   <trkpt lat="42.748160000000006" lon="2.8110600000000003">
    <ele>76.13</ele>
   </trkpt>
   <trkpt lat="42.74863000042948" lon="2.81075500229654">
    <ele>76.21</ele>
   </trkpt>
   <trkpt lat="42.749100000000006" lon="2.8104500000000003">
    <ele>77.43</ele>
   </trkpt>
   <trkpt lat="42.749210000000005" lon="2.81048">
    <ele>77.43</ele>
   </trkpt>
   <trkpt lat="42.74958" lon="2.81076">
    <ele>77.93</ele>
   </trkpt>
   <trkpt lat="42.750260000000004" lon="2.81122">
    <ele>77.65</ele>
   </trkpt>
   <trkpt lat="42.750690000000006" lon="2.81137">
    <ele>76.37</ele>
   </trkpt>
   <trkpt lat="42.75113" lon="2.81144">
    <ele>75.88</ele>
   </trkpt>
   <trkpt lat="42.75123000000001" lon="2.8114800000000004">
    <ele>75.79</ele>
   </trkpt>
   <trkpt lat="42.751290000000004" lon="2.8115300000000003">
    <ele>75.79</ele>
   </trkpt>
   <trkpt lat="42.75133" lon="2.81162">
    <ele>75.56</ele>
   </trkpt>
   <trkpt lat="42.75133000261265" lon="2.8123949999409232">
    <ele>74.29</ele>
   </trkpt>
   <trkpt lat="42.75133" lon="2.8131700000000004">
    <ele>73.47000000000001</ele>
   </trkpt>
   <trkpt lat="42.75135" lon="2.8134300000000003">
    <ele>73.47000000000001</ele>
   </trkpt>
   <trkpt lat="42.751400000000004" lon="2.8136900000000002">
    <ele>72.96000000000001</ele>
   </trkpt>
   <trkpt lat="42.751660005485526" lon="2.8144833267080336">
    <ele>72.18</ele>
   </trkpt>
   <trkpt lat="42.751920005495656" lon="2.815276660072168">
    <ele>70.93</ele>
   </trkpt>
   <trkpt lat="42.75218" lon="2.8160700000000003">
    <ele>70.07000000000001</ele>
   </trkpt>
   <trkpt lat="42.752500000000005" lon="2.81698">
    <ele>69.31</ele>
   </trkpt>
   <trkpt lat="42.75264000000001" lon="2.8172400000000004">
    <ele>68.92</ele>
   </trkpt>
   <trkpt lat="42.75271" lon="2.8174200000000003">
    <ele>68.82000000000001</ele>
   </trkpt>
   <trkpt lat="42.75273000000001" lon="2.8174900000000003">
    <ele>68.82000000000001</ele>
   </trkpt>
   <trkpt lat="42.752970000000005" lon="2.8179200000000004">
    <ele>67.78</ele>
   </trkpt>
   <trkpt lat="42.753060000000005" lon="2.8178500000000004">
    <ele>67.66000000000001</ele>
   </trkpt>
   <trkpt lat="42.753190000000004" lon="2.81814">
    <ele>66.79</ele>
   </trkpt>
   <trkpt lat="42.753350000000005" lon="2.81836">
    <ele>66.79</ele>
   </trkpt>
   <trkpt lat="42.75366500203652" lon="2.8190299967728896">
    <ele>65.58</ele>
   </trkpt>
   <trkpt lat="42.753980000000006" lon="2.8197">
    <ele>65.33</ele>
   </trkpt>
   <trkpt lat="42.75406" lon="2.8199">
    <ele>65.31</ele>
   </trkpt>
   <trkpt lat="42.754250000000006" lon="2.82091">
    <ele>64.56</ele>
   </trkpt>
   <trkpt lat="42.754310000000004" lon="2.82145">
    <ele>63.80000000000001</ele>
   </trkpt>
   <trkpt lat="42.75436334430854" lon="2.8225733313376526">
    <ele>62.31</ele>
   </trkpt>
   <trkpt lat="42.75441667763893" lon="2.8236966646089683">
    <ele>60.86000000000001</ele>
   </trkpt>
   <trkpt lat="42.754470000000005" lon="2.8248200000000003">
    <ele>60.120000000000005</ele>
   </trkpt>
   <trkpt lat="42.75451" lon="2.82511">
    <ele>59.97</ele>
   </trkpt>
   <trkpt lat="42.754560000000005" lon="2.82534">
    <ele>59.5</ele>
   </trkpt>
   <trkpt lat="42.754867177285654" lon="2.8264885372645994">
    <ele>58.27</ele>
   </trkpt>
   <trkpt lat="42.75517434309485" lon="2.827637085915038">
    <ele>56.43000000000001</ele>
   </trkpt>
   <trkpt lat="42.7554814974274" lon="2.8287856459511276">
    <ele>55.730000000000004</ele>
   </trkpt>
   <trkpt lat="42.755788640283036" lon="2.8299342173726765">
    <ele>54.57000000000001</ele>
   </trkpt>
   <trkpt lat="42.75609577166154" lon="2.831082800179495">
    <ele>52.7</ele>
   </trkpt>
   <trkpt lat="42.75640289156265" lon="2.8322313943713926">
    <ele>51.47</ele>
   </trkpt>
   <trkpt lat="42.756710000000005" lon="2.8333800000000005">
    <ele>50.400000000000006</ele>
   </trkpt>
   <trkpt lat="42.75676000000001" lon="2.8338500000000004">
    <ele>49.910000000000004</ele>
   </trkpt>
   <trkpt lat="42.75660336448108" lon="2.835046681780166">
    <ele>48.620000000000005</ele>
   </trkpt>
   <trkpt lat="42.75644671650354" lon="2.8362433575104284">
    <ele>47.78</ele>
   </trkpt>
   <trkpt lat="42.75629005606752" lon="2.8374400271903713">
    <ele>47.300000000000004</ele>
   </trkpt>
   <trkpt lat="42.75613338317317" lon="2.8386366908195773">
    <ele>46.09</ele>
   </trkpt>
   <trkpt lat="42.755976697820586" lon="2.8398333483976295">
    <ele>45.15</ele>
   </trkpt>
   <trkpt lat="42.75582000000001" lon="2.8410300000000004">
    <ele>43.86</ele>
   </trkpt>
   <trkpt lat="42.755720000000004" lon="2.8416500000000005">
    <ele>43.68</ele>
   </trkpt>
   <trkpt lat="42.75569" lon="2.842">
    <ele>43.32</ele>
   </trkpt>
   <trkpt lat="42.755680000000005" lon="2.84294">
    <ele>42.43</ele>
   </trkpt>
   <trkpt lat="42.75582000000001" lon="2.8436100000000004">
    <ele>42.18</ele>
   </trkpt>
   <trkpt lat="42.755700000000004" lon="2.8444000000000003">
    <ele>41.61</ele>
   </trkpt>
   <trkpt lat="42.75564000000001" lon="2.8444200000000004">
    <ele>41.61</ele>
   </trkpt>
   <trkpt lat="42.755500000000005" lon="2.8444000000000003">
    <ele>41.75</ele>
   </trkpt>
   <trkpt lat="42.75547" lon="2.84499">
    <ele>41.410000000000004</ele>
   </trkpt>
   <trkpt lat="42.75538" lon="2.84595">
    <ele>40.050000000000004</ele>
   </trkpt>
   <trkpt lat="42.75531" lon="2.8463000000000003">
    <ele>39.940000000000005</ele>
   </trkpt>
   <trkpt lat="42.75518" lon="2.8467300000000004">
    <ele>39.66</ele>
   </trkpt>
   <trkpt lat="42.75488" lon="2.84744">
    <ele>39.1</ele>
   </trkpt>
   <trkpt lat="42.754810000000006" lon="2.84791">
    <ele>39.61000000000001</ele>
   </trkpt>
   <trkpt lat="42.754760000000005" lon="2.8480200000000004">
    <ele>39.53</ele>
   </trkpt>
   <trkpt lat="42.75477" lon="2.8480800000000004">
    <ele>39.53</ele>
   </trkpt>
   <trkpt lat="42.754830000000005" lon="2.8481400000000003">
    <ele>39.330000000000005</ele>
   </trkpt>
   <trkpt lat="42.75489" lon="2.84824">
    <ele>39.330000000000005</ele>
   </trkpt>
   <trkpt lat="42.754920000000006" lon="2.8483400000000003">
    <ele>39.330000000000005</ele>
   </trkpt>
   <trkpt lat="42.754870000000004" lon="2.84879">
    <ele>38.71</ele>
   </trkpt>
   <trkpt lat="42.754870000000004" lon="2.84892">
    <ele>38.71</ele>
   </trkpt>
   <trkpt lat="42.755025005039265" lon="2.8499949973971197">
    <ele>38.37</ele>
   </trkpt>
   <trkpt lat="42.75518" lon="2.8510700000000004">
    <ele>38.18000000000001</ele>
   </trkpt>
   <trkpt lat="42.75511500546666" lon="2.8521900010006647">
    <ele>38.2</ele>
   </trkpt>
   <trkpt lat="42.755050000000004" lon="2.85331">
    <ele>38.19</ele>
   </trkpt>
   <trkpt lat="42.75502" lon="2.8535000000000004">
    <ele>37.93000000000001</ele>
   </trkpt>
   <trkpt lat="42.754940000000005" lon="2.85372">
    <ele>37.93000000000001</ele>
   </trkpt>
   <trkpt lat="42.75493" lon="2.85393">
    <ele>37.93000000000001</ele>
   </trkpt>
   <trkpt lat="42.75504000182737" lon="2.8545649992963735">
    <ele>37.73</ele>
   </trkpt>
   <trkpt lat="42.75515" lon="2.8552000000000004">
    <ele>37.46</ele>
   </trkpt>
   <trkpt lat="42.75538" lon="2.8563600000000005">
    <ele>36.2</ele>
   </trkpt>
   <trkpt lat="42.75538" lon="2.85658">
    <ele>36.08</ele>
   </trkpt>
   <trkpt lat="42.75535" lon="2.8567">
    <ele>36.08</ele>
   </trkpt>
   <trkpt lat="42.75536" lon="2.8568800000000003">
    <ele>35.93</ele>
   </trkpt>
   <trkpt lat="42.755390000000006" lon="2.85705">
    <ele>35.64000000000001</ele>
   </trkpt>
   <trkpt lat="42.755500000000005" lon="2.85726">
    <ele>35.64000000000001</ele>
   </trkpt>
   <trkpt lat="42.75571" lon="2.8583200000000004">
    <ele>35.69</ele>
   </trkpt>
   <trkpt lat="42.755700000000004" lon="2.8585900000000004">
    <ele>35.69</ele>
   </trkpt>
   <trkpt lat="42.75573000000001" lon="2.85868">
    <ele>35.74</ele>
   </trkpt>
   <trkpt lat="42.75569" lon="2.8589200000000003">
    <ele>35.74</ele>
   </trkpt>
   <trkpt lat="42.755700000000004" lon="2.85903">
    <ele>35.74</ele>
   </trkpt>
   <trkpt lat="42.75576" lon="2.85922">
    <ele>35.74</ele>
   </trkpt>
   <trkpt lat="42.75591000198191" lon="2.8598949983659803">
    <ele>35.49</ele>
   </trkpt>
   <trkpt lat="42.756060000000005" lon="2.86057">
    <ele>35.49</ele>
   </trkpt>
   <trkpt lat="42.7561" lon="2.8608100000000003">
    <ele>35.440000000000005</ele>
   </trkpt>
   <trkpt lat="42.75614" lon="2.86127">
    <ele>35.440000000000005</ele>
   </trkpt>
   <trkpt lat="42.75614" lon="2.8615500000000003">
    <ele>35.38</ele>
   </trkpt>
   <trkpt lat="42.75609" lon="2.86186">
    <ele>35.410000000000004</ele>
   </trkpt>
   <trkpt lat="42.755950000000006" lon="2.86234">
    <ele>35.78000000000001</ele>
   </trkpt>
   <trkpt lat="42.75585" lon="2.86255">
    <ele>35.870000000000005</ele>
   </trkpt>
   <trkpt lat="42.755660000000006" lon="2.86287">
    <ele>35.88</ele>
   </trkpt>
   <trkpt lat="42.75513" lon="2.8636800000000004">
    <ele>34.980000000000004</ele>
   </trkpt>
   <trkpt lat="42.75502" lon="2.86389">
    <ele>35.18</ele>
   </trkpt>
   <trkpt lat="42.754805002169654" lon="2.8646050026606016">
    <ele>36.63</ele>
   </trkpt>
   <trkpt lat="42.75459" lon="2.86532">
    <ele>40.63</ele>
   </trkpt>
   <trkpt lat="42.75455" lon="2.86573">
    <ele>41.81000000000001</ele>
   </trkpt>
   <trkpt lat="42.754560000000005" lon="2.8659600000000003">
    <ele>42.760000000000005</ele>
   </trkpt>
   <trkpt lat="42.75461000000001" lon="2.8662">
    <ele>43.34</ele>
   </trkpt>
   <trkpt lat="42.75470000000001" lon="2.8664600000000005">
    <ele>43.95</ele>
   </trkpt>
   <trkpt lat="42.754780000000004" lon="2.86662">
    <ele>44.120000000000005</ele>
   </trkpt>
   <trkpt lat="42.75475" lon="2.86656">
    <ele>44.06</ele>
   </trkpt>
   <trkpt lat="42.75479000000001" lon="2.8666500000000004">
    <ele>44.18</ele>
   </trkpt>
   <trkpt lat="42.755" lon="2.8669200000000004">
    <ele>44.11</ele>
   </trkpt>
   <trkpt lat="42.755190000000006" lon="2.86708">
    <ele>43.800000000000004</ele>
   </trkpt>
   <trkpt lat="42.75536" lon="2.8671900000000003">
    <ele>42.980000000000004</ele>
   </trkpt>
   <trkpt lat="42.75553" lon="2.8672700000000004">
    <ele>41.64</ele>
   </trkpt>
   <trkpt lat="42.75571" lon="2.8673100000000002">
    <ele>40.269999999999996</ele>
   </trkpt>
   <trkpt lat="42.755860000000006" lon="2.8673200000000003">
    <ele>39.14</ele>
   </trkpt>
   <trkpt lat="42.756060000000005" lon="2.86728">
    <ele>36.64000000000001</ele>
   </trkpt>
   <trkpt lat="42.756220000000006" lon="2.86722">
    <ele>36.64000000000001</ele>
   </trkpt>
   <trkpt lat="42.756370000000004" lon="2.8671100000000003">
    <ele>35.42</ele>
   </trkpt>
   <trkpt lat="42.75652" lon="2.86696">
    <ele>34.45</ele>
   </trkpt>
   <trkpt lat="42.75668" lon="2.86675">
    <ele>33.57</ele>
   </trkpt>
   <trkpt lat="42.75717" lon="2.86592">
    <ele>32.800000000000004</ele>
   </trkpt>
   <trkpt lat="42.757400000000004" lon="2.86561">
    <ele>33.0</ele>
   </trkpt>
   <trkpt lat="42.75753" lon="2.86561">
    <ele>32.980000000000004</ele>
   </trkpt>
   <trkpt lat="42.757810000000006" lon="2.8657700000000004">
    <ele>32.629999999999995</ele>
   </trkpt>
   <trkpt lat="42.758562500801084" lon="2.8660149910796964">
    <ele>31.1</ele>
   </trkpt>
   <trkpt lat="42.75931500107997" lon="2.866259988109918">
    <ele>29.330000000000002</ele>
   </trkpt>
   <trkpt lat="42.760067500836634" lon="2.8665049910909652">
    <ele>28.64</ele>
   </trkpt>
   <trkpt lat="42.76082" lon="2.86675">
    <ele>27.96</ele>
   </trkpt>
   <trkpt lat="42.76109" lon="2.8668600000000004">
    <ele>27.76</ele>
   </trkpt>
   <trkpt lat="42.76158500039354" lon="2.8671849973601584">
    <ele>27.720000000000002</ele>
   </trkpt>
   <trkpt lat="42.762080000000005" lon="2.8675100000000002">
    <ele>27.32</ele>
   </trkpt>
   <trkpt lat="42.762645000592364" lon="2.8678749966796517">
    <ele>26.35</ele>
   </trkpt>
   <trkpt lat="42.76321" lon="2.86824">
    <ele>26.0</ele>
   </trkpt>
   <trkpt lat="42.763310000000004" lon="2.8682600000000003">
    <ele>25.79</ele>
   </trkpt>
   <trkpt lat="42.763670000000005" lon="2.8682100000000004">
    <ele>25.75</ele>
   </trkpt>
   <trkpt lat="42.76379" lon="2.8682700000000003">
    <ele>25.75</ele>
   </trkpt>
   <trkpt lat="42.76388" lon="2.86836">
    <ele>25.720000000000002</ele>
   </trkpt>
   <trkpt lat="42.76395" lon="2.8685400000000003">
    <ele>25.720000000000002</ele>
   </trkpt>
   <trkpt lat="42.76404" lon="2.8688800000000003">
    <ele>25.86</ele>
   </trkpt>
   <trkpt lat="42.764050000000005" lon="2.8691000000000004">
    <ele>25.87</ele>
   </trkpt>
   <trkpt lat="42.764100000000006" lon="2.8691500000000003">
    <ele>25.87</ele>
   </trkpt>
   <trkpt lat="42.76415" lon="2.8691700000000004">
    <ele>25.87</ele>
   </trkpt>
   <trkpt lat="42.764520000000005" lon="2.8690100000000003">
    <ele>25.84</ele>
   </trkpt>
   <trkpt lat="42.76474" lon="2.86897">
    <ele>25.85</ele>
   </trkpt>
   <trkpt lat="42.76512" lon="2.86899">
    <ele>25.85</ele>
   </trkpt>
   <trkpt lat="42.76543" lon="2.86904">
    <ele>25.810000000000002</ele>
   </trkpt>
   <trkpt lat="42.76595500005672" lon="2.869214998491391">
    <ele>25.830000000000002</ele>
   </trkpt>
   <trkpt lat="42.76648" lon="2.86939">
    <ele>26.03</ele>
   </trkpt>
   <trkpt lat="42.76659" lon="2.86945">
    <ele>25.970000000000002</ele>
   </trkpt>
   <trkpt lat="42.76664" lon="2.8695100000000004">
    <ele>25.970000000000002</ele>
   </trkpt>
   <trkpt lat="42.76682" lon="2.86961">
    <ele>25.710000000000004</ele>
   </trkpt>
   <trkpt lat="42.767326669638" lon="2.8701933238032353">
    <ele>25.07</ele>
   </trkpt>
   <trkpt lat="42.767833336315576" lon="2.870776657148993">
    <ele>24.98</ele>
   </trkpt>
   <trkpt lat="42.76834" lon="2.87136">
    <ele>24.92</ele>
   </trkpt>
   <trkpt lat="42.76843" lon="2.8714600000000003">
    <ele>24.89</ele>
   </trkpt>
   <trkpt lat="42.768480000000004" lon="2.87149">
    <ele>24.89</ele>
   </trkpt>
   <trkpt lat="42.7685" lon="2.87155">
    <ele>24.990000000000002</ele>
   </trkpt>
   <trkpt lat="42.76852" lon="2.87157">
    <ele>24.990000000000002</ele>
   </trkpt>
   <trkpt lat="42.768550000000005" lon="2.87157">
    <ele>24.990000000000002</ele>
   </trkpt>
   <trkpt lat="42.76858" lon="2.8715200000000003">
    <ele>24.990000000000002</ele>
   </trkpt>
   <trkpt lat="42.768640000000005" lon="2.87149">
    <ele>24.990000000000002</ele>
   </trkpt>
   <trkpt lat="42.768750000000004" lon="2.8713300000000004">
    <ele>24.790000000000003</ele>
   </trkpt>
   <trkpt lat="42.76876" lon="2.87123">
    <ele>24.790000000000003</ele>
   </trkpt>
   <trkpt lat="42.76879" lon="2.8711800000000003">
    <ele>24.790000000000003</ele>
   </trkpt>
   <trkpt lat="42.76912" lon="2.8711900000000004">
    <ele>24.790000000000003</ele>
   </trkpt>
   <trkpt lat="42.76974500004077" lon="2.871165000250741">
    <ele>25.05</ele>
   </trkpt>
   <trkpt lat="42.77037000000001" lon="2.87114">
    <ele>25.52</ele>
   </trkpt>
   <trkpt lat="42.77076" lon="2.87117">
    <ele>25.720000000000002</ele>
   </trkpt>
   <trkpt lat="42.77111" lon="2.8712700000000004">
    <ele>25.96</ele>
   </trkpt>
   <trkpt lat="42.77179500028458" lon="2.871434998215122">
    <ele>26.680000000000003</ele>
   </trkpt>
   <trkpt lat="42.77248" lon="2.8716000000000004">
    <ele>25.93</ele>
   </trkpt>
   <trkpt lat="42.772740000000006" lon="2.87164">
    <ele>25.66</ele>
   </trkpt>
   <trkpt lat="42.77319000000001" lon="2.87171">
    <ele>24.220000000000002</ele>
   </trkpt>
   <trkpt lat="42.77357000000001" lon="2.8717300000000003">
    <ele>22.98</ele>
   </trkpt>
   <trkpt lat="42.77429" lon="2.8717">
    <ele>22.410000000000004</ele>
   </trkpt>
   <trkpt lat="42.77438" lon="2.87171">
    <ele>22.400000000000002</ele>
   </trkpt>
   <trkpt lat="42.77445" lon="2.8717">
    <ele>22.310000000000002</ele>
   </trkpt>
   <trkpt lat="42.774550000000005" lon="2.8717400000000004">
    <ele>22.310000000000002</ele>
   </trkpt>
   <trkpt lat="42.77456" lon="2.8717">
    <ele>22.310000000000002</ele>
   </trkpt>
   <trkpt lat="42.774660000000004" lon="2.87162">
    <ele>22.410000000000004</ele>
   </trkpt>
   <trkpt lat="42.77469000000001" lon="2.87155">
    <ele>22.410000000000004</ele>
   </trkpt>
   <trkpt lat="42.77524500068086" lon="2.871145003653489">
    <ele>22.53</ele>
   </trkpt>
   <trkpt lat="42.775800000000004" lon="2.87074">
    <ele>22.73</ele>
   </trkpt>
   <trkpt lat="42.775890000000004" lon="2.8707100000000003">
    <ele>22.73</ele>
   </trkpt>
   <trkpt lat="42.77599" lon="2.8708">
    <ele>22.61</ele>
   </trkpt>
   <trkpt lat="42.776050000000005" lon="2.87083">
    <ele>22.61</ele>
   </trkpt>
   <trkpt lat="42.776160000000004" lon="2.87081">
    <ele>22.680000000000003</ele>
   </trkpt>
   <trkpt lat="42.7762" lon="2.87075">
    <ele>22.680000000000003</ele>
   </trkpt>
   <trkpt lat="42.7762" lon="2.87062">
    <ele>22.740000000000002</ele>
   </trkpt>
   <trkpt lat="42.776140000000005" lon="2.8705600000000002">
    <ele>22.8</ele>
   </trkpt>
   <trkpt lat="42.77609" lon="2.87041">
    <ele>22.950000000000003</ele>
   </trkpt>
   <trkpt lat="42.77615" lon="2.8702300000000003">
    <ele>23.000000000000004</ele>
   </trkpt>
   <trkpt lat="42.776660003491536" lon="2.8693300074689394">
    <ele>23.69</ele>
   </trkpt>
   <trkpt lat="42.777170000000005" lon="2.86843">
    <ele>24.450000000000003</ele>
   </trkpt>
   <trkpt lat="42.77731000000001" lon="2.8681300000000003">
    <ele>23.8</ele>
   </trkpt>
   <trkpt lat="42.777350000000006" lon="2.8679300000000003">
    <ele>23.250000000000004</ele>
   </trkpt>
   <trkpt lat="42.777370000000005" lon="2.8674700000000004">
    <ele>22.56</ele>
   </trkpt>
   <trkpt lat="42.7774" lon="2.86737">
    <ele>22.6</ele>
   </trkpt>
   <trkpt lat="42.777440000000006" lon="2.86728">
    <ele>22.6</ele>
   </trkpt>
   <trkpt lat="42.777570000000004" lon="2.8671800000000003">
    <ele>22.590000000000003</ele>
   </trkpt>
   <trkpt lat="42.77797" lon="2.8674700000000004">
    <ele>23.6</ele>
   </trkpt>
   <trkpt lat="42.77863000000001" lon="2.86804">
    <ele>24.68</ele>
   </trkpt>
   <trkpt lat="42.77864" lon="2.86805">
    <ele>24.68</ele>
   </trkpt>
   <trkpt lat="42.77884" lon="2.86823">
    <ele>24.89</ele>
   </trkpt>
   <trkpt lat="42.77936500130509" lon="2.8687949951194547">
    <ele>26.12</ele>
   </trkpt>
   <trkpt lat="42.77989" lon="2.8693600000000004">
    <ele>24.73</ele>
   </trkpt>
   <trkpt lat="42.7805" lon="2.8702400000000003">
    <ele>24.560000000000002</ele>
   </trkpt>
   <trkpt lat="42.78098000000001" lon="2.8710400000000003">
    <ele>24.51</ele>
   </trkpt>
   <trkpt lat="42.78125000116363" lon="2.871554997772904">
    <ele>24.400000000000002</ele>
   </trkpt>
   <trkpt lat="42.78152" lon="2.8720700000000003">
    <ele>23.900000000000002</ele>
   </trkpt>
   <trkpt lat="42.78198000433616" lon="2.873064992670734">
    <ele>23.62</ele>
   </trkpt>
   <trkpt lat="42.78244" lon="2.87406">
    <ele>24.35</ele>
   </trkpt>
   <trkpt lat="42.782740000000004" lon="2.8746600000000004">
    <ele>25.32</ele>
   </trkpt>
   <trkpt lat="42.78291" lon="2.87482">
    <ele>25.980000000000004</ele>
   </trkpt>
   <trkpt lat="42.783350000000006" lon="2.8749900000000004">
    <ele>26.230000000000004</ele>
   </trkpt>
   <trkpt lat="42.78372" lon="2.87516">
    <ele>26.320000000000004</ele>
   </trkpt>
   <trkpt lat="42.78403" lon="2.8751900000000004">
    <ele>26.490000000000002</ele>
   </trkpt>
   <trkpt lat="42.78468" lon="2.87515">
    <ele>26.8</ele>
   </trkpt>
   <trkpt lat="42.78515" lon="2.8751800000000003">
    <ele>27.01</ele>
   </trkpt>
   <trkpt lat="42.785610000000005" lon="2.8752700000000004">
    <ele>27.23</ele>
   </trkpt>
   <trkpt lat="42.786460000091594" lon="2.8753449989760878">
    <ele>27.580000000000002</ele>
   </trkpt>
   <trkpt lat="42.787310000000005" lon="2.87542">
    <ele>27.8</ele>
   </trkpt>
   <trkpt lat="42.78788500025441" lon="2.8754499997343945">
    <ele>27.990000000000002</ele>
   </trkpt>
   <trkpt lat="42.78846" lon="2.87548">
    <ele>28.19</ele>
   </trkpt>
   <trkpt lat="42.78893" lon="2.87544">
    <ele>28.490000000000002</ele>
   </trkpt>
   <trkpt lat="42.78962000011774" lon="2.875336668966812">
    <ele>28.790000000000003</ele>
   </trkpt>
   <trkpt lat="42.79031000014257" lon="2.875233335629795">
    <ele>29.490000000000002</ele>
   </trkpt>
   <trkpt lat="42.791000000000004" lon="2.8751300000000004">
    <ele>29.830000000000002</ele>
   </trkpt>
   <trkpt lat="42.791410000000006" lon="2.8751">
    <ele>30.250000000000004</ele>
   </trkpt>
   <trkpt lat="42.79198" lon="2.87514">
    <ele>30.67</ele>
   </trkpt>
   <trkpt lat="42.79280500006898" lon="2.8752749981987322">
    <ele>30.980000000000004</ele>
   </trkpt>
   <trkpt lat="42.79363" lon="2.87541">
    <ele>32.03</ele>
   </trkpt>
   <trkpt lat="42.79395" lon="2.87549">
    <ele>32.449999999999996</ele>
   </trkpt>
   <trkpt lat="42.79422" lon="2.87563">
    <ele>32.79</ele>
   </trkpt>
   <trkpt lat="42.79428" lon="2.87569">
    <ele>32.79</ele>
   </trkpt>
   <trkpt lat="42.79430000000001" lon="2.87577">
    <ele>32.79</ele>
   </trkpt>
   <trkpt lat="42.794340000000005" lon="2.87584">
    <ele>32.74</ele>
   </trkpt>
   <trkpt lat="42.79439000000001" lon="2.87589">
    <ele>32.74</ele>
   </trkpt>
   <trkpt lat="42.794450000000005" lon="2.87591">
    <ele>32.74</ele>
   </trkpt>
   <trkpt lat="42.79457" lon="2.8758600000000003">
    <ele>32.77</ele>
   </trkpt>
   <trkpt lat="42.794700000000006" lon="2.8757200000000003">
    <ele>32.77</ele>
   </trkpt>
   <trkpt lat="42.794810000000005" lon="2.8757">
    <ele>33.07</ele>
   </trkpt>
   <trkpt lat="42.79496" lon="2.8757200000000003">
    <ele>33.07</ele>
   </trkpt>
   <trkpt lat="42.79568000033347" lon="2.8759949968021292">
    <ele>33.54</ele>
   </trkpt>
   <trkpt lat="42.796400000000006" lon="2.8762700000000003">
    <ele>34.03</ele>
   </trkpt>
   <trkpt lat="42.796690000000005" lon="2.8764100000000004">
    <ele>34.28</ele>
   </trkpt>
   <trkpt lat="42.79683000000001" lon="2.8765300000000003">
    <ele>34.39</ele>
   </trkpt>
   <trkpt lat="42.796910000000004" lon="2.87671">
    <ele>34.370000000000005</ele>
   </trkpt>
   <trkpt lat="42.7969" lon="2.87685">
    <ele>34.49</ele>
   </trkpt>
   <trkpt lat="42.79695" lon="2.8769400000000003">
    <ele>34.49</ele>
   </trkpt>
   <trkpt lat="42.79701" lon="2.87698">
    <ele>34.49</ele>
   </trkpt>
   <trkpt lat="42.797050000000006" lon="2.87698">
    <ele>34.52</ele>
   </trkpt>
   <trkpt lat="42.79712000000001" lon="2.8769400000000003">
    <ele>34.52</ele>
   </trkpt>
   <trkpt lat="42.797180000000004" lon="2.8768200000000004">
    <ele>34.52</ele>
   </trkpt>
   <trkpt lat="42.797340000000005" lon="2.8767300000000002">
    <ele>34.79</ele>
   </trkpt>
   <trkpt lat="42.79795000003059" lon="2.876934997927932">
    <ele>34.83</ele>
   </trkpt>
   <trkpt lat="42.79856" lon="2.8771400000000003">
    <ele>35.440000000000005</ele>
   </trkpt>
   <trkpt lat="42.79919" lon="2.87733">
    <ele>35.82000000000001</ele>
   </trkpt>
   <trkpt lat="42.7998149998757" lon="2.8773749995358653">
    <ele>36.62</ele>
   </trkpt>
   <trkpt lat="42.80044" lon="2.8774200000000003">
    <ele>37.06</ele>
   </trkpt>
   <trkpt lat="42.800700000000006" lon="2.87746">
    <ele>37.34</ele>
   </trkpt>
   <trkpt lat="42.801190000044954" lon="2.8775599992083283">
    <ele>38.17</ele>
   </trkpt>
   <trkpt lat="42.801680000000005" lon="2.87766">
    <ele>38.43000000000001</ele>
   </trkpt>
   <trkpt lat="42.80201" lon="2.8777500000000003">
    <ele>38.830000000000005</ele>
   </trkpt>
   <trkpt lat="42.802260000000004" lon="2.87787">
    <ele>38.95</ele>
   </trkpt>
   <trkpt lat="42.802550000000004" lon="2.8780500000000004">
    <ele>38.95</ele>
   </trkpt>
   <trkpt lat="42.803050000000006" lon="2.8783200000000004">
    <ele>38.99</ele>
   </trkpt>
   <trkpt lat="42.803360000000005" lon="2.87846">
    <ele>39.02</ele>
   </trkpt>
   <trkpt lat="42.80364" lon="2.87854">
    <ele>39.06</ele>
   </trkpt>
   <trkpt lat="42.80444500010408" lon="2.878689998049298">
    <ele>39.900000000000006</ele>
   </trkpt>
   <trkpt lat="42.80525" lon="2.8788400000000003">
    <ele>40.32</ele>
   </trkpt>
   <trkpt lat="42.805640000000004" lon="2.87882">
    <ele>40.650000000000006</ele>
   </trkpt>
   <trkpt lat="42.80633" lon="2.8786">
    <ele>41.09</ele>
   </trkpt>
   <trkpt lat="42.806815000418226" lon="2.878340001971966">
    <ele>41.52</ele>
   </trkpt>
   <trkpt lat="42.807300000000005" lon="2.87808">
    <ele>41.870000000000005</ele>
   </trkpt>
   <trkpt lat="42.80778000015787" lon="2.877880001558705">
    <ele>42.35</ele>
   </trkpt>
   <trkpt lat="42.808260000000004" lon="2.8776800000000002">
    <ele>42.760000000000005</ele>
   </trkpt>
   <trkpt lat="42.80875500023192" lon="2.87747500162021">
    <ele>43.160000000000004</ele>
   </trkpt>
   <trkpt lat="42.809250000000006" lon="2.87727">
    <ele>43.9</ele>
   </trkpt>
   <trkpt lat="42.80955" lon="2.87711">
    <ele>44.17</ele>
   </trkpt>
   <trkpt lat="42.80999500046356" lon="2.876825001979892">
    <ele>44.72</ele>
   </trkpt>
   <trkpt lat="42.81044000000001" lon="2.8765400000000003">
    <ele>45.19</ele>
   </trkpt>
   <trkpt lat="42.810930000000006" lon="2.87629">
    <ele>45.43000000000001</ele>
   </trkpt>
   <trkpt lat="42.81118" lon="2.8762000000000003">
    <ele>45.63</ele>
   </trkpt>
   <trkpt lat="42.811620000000005" lon="2.87616">
    <ele>45.85</ele>
   </trkpt>
   <trkpt lat="42.811870000000006" lon="2.87617">
    <ele>45.88</ele>
   </trkpt>
   <trkpt lat="42.81250000022096" lon="2.876304998655182">
    <ele>46.12</ele>
   </trkpt>
   <trkpt lat="42.81313" lon="2.87644">
    <ele>46.07000000000001</ele>
   </trkpt>
   <trkpt lat="42.8138150008785" lon="2.876699991358985">
    <ele>46.17</ele>
   </trkpt>
   <trkpt lat="42.814500001168796" lon="2.8769599884775108">
    <ele>46.01</ele>
   </trkpt>
   <trkpt lat="42.815185000870926" lon="2.877219991355837">
    <ele>46.03</ele>
   </trkpt>
   <trkpt lat="42.815870000000004" lon="2.8774800000000003">
    <ele>45.99</ele>
   </trkpt>
   <trkpt lat="42.81615" lon="2.8775700000000004">
    <ele>45.86000000000001</ele>
   </trkpt>
   <trkpt lat="42.816410000000005" lon="2.8776200000000003">
    <ele>45.730000000000004</ele>
   </trkpt>
   <trkpt lat="42.81692499998096" lon="2.8776649996227928">
    <ele>45.51</ele>
   </trkpt>
   <trkpt lat="42.817440000000005" lon="2.8777100000000004">
    <ele>45.4</ele>
   </trkpt>
   <trkpt lat="42.8177" lon="2.8777600000000003">
    <ele>45.25000000000001</ele>
   </trkpt>
   <trkpt lat="42.81795" lon="2.87786">
    <ele>45.230000000000004</ele>
   </trkpt>
   <trkpt lat="42.81839" lon="2.8781000000000003">
    <ele>45.64000000000001</ele>
   </trkpt>
   <trkpt lat="42.81879000000001" lon="2.87826">
    <ele>46.75000000000001</ele>
   </trkpt>
   <trkpt lat="42.81946500001612" lon="2.8783149993998203">
    <ele>46.6</ele>
   </trkpt>
   <trkpt lat="42.82014" lon="2.8783700000000003">
    <ele>46.49</ele>
   </trkpt>
   <trkpt lat="42.82043" lon="2.87846">
    <ele>46.57000000000001</ele>
   </trkpt>
   <trkpt lat="42.821110000000004" lon="2.8787800000000003">
    <ele>47.470000000000006</ele>
   </trkpt>
   <trkpt lat="42.82139" lon="2.87888">
    <ele>48.24</ele>
   </trkpt>
   <trkpt lat="42.821690000000004" lon="2.87896">
    <ele>48.580000000000005</ele>
   </trkpt>
   <trkpt lat="42.82238" lon="2.8791200000000003">
    <ele>49.440000000000005</ele>
   </trkpt>
   <trkpt lat="42.8226" lon="2.87915">
    <ele>50.13</ele>
   </trkpt>
   <trkpt lat="42.822750000000006" lon="2.87915">
    <ele>50.13</ele>
   </trkpt>
   <trkpt lat="42.82318" lon="2.8790500000000003">
    <ele>51.230000000000004</ele>
   </trkpt>
   <trkpt lat="42.823690000000006" lon="2.87888">
    <ele>52.21000000000001</ele>
   </trkpt>
   <trkpt lat="42.82395" lon="2.8788300000000002">
    <ele>52.9</ele>
   </trkpt>
   <trkpt lat="42.824740000000006" lon="2.8787700000000003">
    <ele>54.03</ele>
   </trkpt>
   <trkpt lat="42.825520000000004" lon="2.87868">
    <ele>55.14</ele>
   </trkpt>
   <trkpt lat="42.82565" lon="2.87862">
    <ele>55.71</ele>
   </trkpt>
   <trkpt lat="42.82583" lon="2.8785000000000003">
    <ele>55.71</ele>
   </trkpt>
   <trkpt lat="42.8265225036081" lon="2.8779750176361216">
    <ele>56.85</ele>
   </trkpt>
   <trkpt lat="42.827215004817944" lon="2.8774500235098093">
    <ele>58.06000000000001</ele>
   </trkpt>
   <trkpt lat="42.827907503629426" lon="2.8769250176205534">
    <ele>60.95</ele>
   </trkpt>
   <trkpt lat="42.8286" lon="2.8764000000000003">
    <ele>64.60000000000001</ele>
   </trkpt>
   <trkpt lat="42.82927000123557" lon="2.875875005662285">
    <ele>68.35000000000001</ele>
   </trkpt>
   <trkpt lat="42.82994" lon="2.87535">
    <ele>69.53</ele>
   </trkpt>
   <trkpt lat="42.830070000000006" lon="2.8752700000000004">
    <ele>69.53</ele>
   </trkpt>
   <trkpt lat="42.8303" lon="2.8752000000000004">
    <ele>69.55</ele>
   </trkpt>
   <trkpt lat="42.83109" lon="2.87514">
    <ele>69.95000000000002</ele>
   </trkpt>
   <trkpt lat="42.83127" lon="2.8750500000000003">
    <ele>69.39</ele>
   </trkpt>
   <trkpt lat="42.83137000000001" lon="2.8749200000000004">
    <ele>69.11</ele>
   </trkpt>
   <trkpt lat="42.83176" lon="2.87408">
    <ele>69.09000000000002</ele>
   </trkpt>
   <trkpt lat="42.832090007501414" lon="2.87315001000085">
    <ele>70.20000000000002</ele>
   </trkpt>
   <trkpt lat="42.83242000747682" lon="2.8722200100702993">
    <ele>71.45</ele>
   </trkpt>
   <trkpt lat="42.832750000000004" lon="2.87129">
    <ele>72.68</ele>
   </trkpt>
   <trkpt lat="42.83288" lon="2.87096">
    <ele>73.06</ele>
   </trkpt>
   <trkpt lat="42.833290000000005" lon="2.8703000000000003">
    <ele>74.01</ele>
   </trkpt>
   <trkpt lat="42.83353" lon="2.8699700000000004">
    <ele>74.48</ele>
   </trkpt>
   <trkpt lat="42.83391000092732" lon="2.869495002988613">
    <ele>75.63</ele>
   </trkpt>
   <trkpt lat="42.83429" lon="2.8690200000000003">
    <ele>78.34</ele>
   </trkpt>
   <trkpt lat="42.834410000000005" lon="2.86891">
    <ele>79.48</ele>
   </trkpt>
   <trkpt lat="42.83457000000001" lon="2.86884">
    <ele>80.45</ele>
   </trkpt>
   <trkpt lat="42.83469" lon="2.8688300000000004">
    <ele>80.98</ele>
   </trkpt>
   <trkpt lat="42.835280000000004" lon="2.8688800000000003">
    <ele>84.05000000000001</ele>
   </trkpt>
   <trkpt lat="42.835370000000005" lon="2.8689000000000004">
    <ele>85.53</ele>
   </trkpt>
   <trkpt lat="42.83545" lon="2.86898">
    <ele>85.53</ele>
   </trkpt>
   <trkpt lat="42.83549" lon="2.8690700000000002">
    <ele>85.53</ele>
   </trkpt>
   <trkpt lat="42.83549" lon="2.8692100000000003">
    <ele>86.91</ele>
   </trkpt>
   <trkpt lat="42.835420000000006" lon="2.86953">
    <ele>88.24000000000001</ele>
   </trkpt>
   <trkpt lat="42.83541" lon="2.86966">
    <ele>88.7</ele>
   </trkpt>
   <trkpt lat="42.835440000000006" lon="2.8698300000000003">
    <ele>89.33</ele>
   </trkpt>
   <trkpt lat="42.83549" lon="2.8699500000000002">
    <ele>89.33</ele>
   </trkpt>
   <trkpt lat="42.835860000000004" lon="2.87049">
    <ele>92.19000000000001</ele>
   </trkpt>
   <trkpt lat="42.836420000000004" lon="2.87142">
    <ele>99.07000000000001</ele>
   </trkpt>
   <trkpt lat="42.83653" lon="2.87157">
    <ele>99.07000000000001</ele>
   </trkpt>
   <trkpt lat="42.83663000000001" lon="2.87164">
    <ele>99.07000000000001</ele>
   </trkpt>
   <trkpt lat="42.836740000000006" lon="2.8716800000000005">
    <ele>100.42</ele>
   </trkpt>
   <trkpt lat="42.836870000000005" lon="2.87169">
    <ele>101.9</ele>
   </trkpt>
   <trkpt lat="42.83702" lon="2.8716600000000003">
    <ele>101.9</ele>
   </trkpt>
   <trkpt lat="42.837270000000004" lon="2.87156">
    <ele>103.63000000000001</ele>
   </trkpt>
   <trkpt lat="42.8374" lon="2.8714700000000004">
    <ele>105.22</ele>
   </trkpt>
   <trkpt lat="42.83753" lon="2.8713400000000004">
    <ele>106.45</ele>
   </trkpt>
   <trkpt lat="42.837630000000004" lon="2.87117">
    <ele>107.04</ele>
   </trkpt>
   <trkpt lat="42.837700000000005" lon="2.87109">
    <ele>107.85000000000001</ele>
   </trkpt>
   <trkpt lat="42.83776" lon="2.8710500000000003">
    <ele>108.31</ele>
   </trkpt>
   <trkpt lat="42.837830000000004" lon="2.8710600000000004">
    <ele>108.31</ele>
   </trkpt>
   <trkpt lat="42.837920000000004" lon="2.87116">
    <ele>108.97000000000001</ele>
   </trkpt>
   <trkpt lat="42.83794" lon="2.87122">
    <ele>108.97000000000001</ele>
   </trkpt>
   <trkpt lat="42.837950000000006" lon="2.8713100000000003">
    <ele>109.00000000000001</ele>
   </trkpt>
   <trkpt lat="42.837920000000004" lon="2.87142">
    <ele>109.00000000000001</ele>
   </trkpt>
   <trkpt lat="42.837790000000005" lon="2.87162">
    <ele>110.32000000000001</ele>
   </trkpt>
   <trkpt lat="42.837740000000004" lon="2.8717300000000003">
    <ele>110.32000000000001</ele>
   </trkpt>
   <trkpt lat="42.83771" lon="2.8718800000000004">
    <ele>111.07000000000001</ele>
   </trkpt>
   <trkpt lat="42.83771" lon="2.8721200000000002">
    <ele>111.93</ele>
   </trkpt>
   <trkpt lat="42.837740000000004" lon="2.8723500000000004">
    <ele>112.92</ele>
   </trkpt>
   <trkpt lat="42.83792500141052" lon="2.872924998191425">
    <ele>115.05000000000001</ele>
   </trkpt>
   <trkpt lat="42.83811" lon="2.8735000000000004">
    <ele>117.39</ele>
   </trkpt>
   <trkpt lat="42.83826500148871" lon="2.8740849985314547">
    <ele>121.13000000000001</ele>
   </trkpt>
   <trkpt lat="42.838420000000006" lon="2.87467">
    <ele>123.84</ele>
   </trkpt>
   <trkpt lat="42.83851000000001" lon="2.8751100000000003">
    <ele>125.06</ele>
   </trkpt>
   <trkpt lat="42.838570000000004" lon="2.8751900000000004">
    <ele>125.06</ele>
   </trkpt>
   <trkpt lat="42.83867" lon="2.8752600000000004">
    <ele>126.51</ele>
   </trkpt>
   <trkpt lat="42.839270000000006" lon="2.87528">
    <ele>129.29999999999998</ele>
   </trkpt>
   <trkpt lat="42.83937" lon="2.8752600000000004">
    <ele>129.65</ele>
   </trkpt>
   <trkpt lat="42.83955" lon="2.8751200000000003">
    <ele>130.06</ele>
   </trkpt>
   <trkpt lat="42.839740000000006" lon="2.87475">
    <ele>130.81</ele>
   </trkpt>
   <trkpt lat="42.83981000000001" lon="2.8746500000000004">
    <ele>130.81</ele>
   </trkpt>
   <trkpt lat="42.83991" lon="2.8745800000000004">
    <ele>131.09</ele>
   </trkpt>
   <trkpt lat="42.84" lon="2.87455">
    <ele>131.36</ele>
   </trkpt>
   <trkpt lat="42.840090000000004" lon="2.8745600000000002">
    <ele>131.36</ele>
   </trkpt>
   <trkpt lat="42.840210000000006" lon="2.87461">
    <ele>131.36</ele>
   </trkpt>
   <trkpt lat="42.840520000000005" lon="2.8747900000000004">
    <ele>133.37</ele>
   </trkpt>
   <trkpt lat="42.84062" lon="2.87481">
    <ele>133.65</ele>
   </trkpt>
   <trkpt lat="42.84071" lon="2.8748">
    <ele>134.04000000000002</ele>
   </trkpt>
   <trkpt lat="42.84084" lon="2.87476">
    <ele>134.27</ele>
   </trkpt>
   <trkpt lat="42.841480000000004" lon="2.87441">
    <ele>135.74</ele>
   </trkpt>
   <trkpt lat="42.841660000000005" lon="2.87434">
    <ele>136.05</ele>
   </trkpt>
   <trkpt lat="42.84254000000001" lon="2.87415">
    <ele>139.08</ele>
   </trkpt>
   <trkpt lat="42.842650000000006" lon="2.87414">
    <ele>139.08</ele>
   </trkpt>
   <trkpt lat="42.84277" lon="2.8741700000000003">
    <ele>139.53</ele>
   </trkpt>
   <trkpt lat="42.84286" lon="2.8742300000000003">
    <ele>139.53</ele>
   </trkpt>
   <trkpt lat="42.843" lon="2.8743700000000003">
    <ele>140.3</ele>
   </trkpt>
   <trkpt lat="42.84326" lon="2.8747300000000005">
    <ele>141.64000000000001</ele>
   </trkpt>
   <trkpt lat="42.84353" lon="2.87496">
    <ele>142.77</ele>
   </trkpt>
   <trkpt lat="42.84369" lon="2.87503">
    <ele>142.77</ele>
   </trkpt>
   <trkpt lat="42.844324999973985" lon="2.875214998047467">
    <ele>144.53000000000003</ele>
   </trkpt>
   <trkpt lat="42.84496" lon="2.8754000000000004">
    <ele>146.41</ele>
   </trkpt>
   <trkpt lat="42.84507000000001" lon="2.87549">
    <ele>146.77</ele>
   </trkpt>
   <trkpt lat="42.845220000000005" lon="2.8757300000000003">
    <ele>147.55</ele>
   </trkpt>
   <trkpt lat="42.845400000000005" lon="2.8762700000000003">
    <ele>149.08</ele>
   </trkpt>
   <trkpt lat="42.845470000000006" lon="2.8763900000000002">
    <ele>149.08</ele>
   </trkpt>
   <trkpt lat="42.84555" lon="2.8764800000000004">
    <ele>149.08</ele>
   </trkpt>
   <trkpt lat="42.84573" lon="2.87651">
    <ele>149.08</ele>
   </trkpt>
   <trkpt lat="42.84586" lon="2.87645">
    <ele>150.4</ele>
   </trkpt>
   <trkpt lat="42.84633" lon="2.8760700000000003">
    <ele>151.51</ele>
   </trkpt>
   <trkpt lat="42.846610000000005" lon="2.8760000000000003">
    <ele>152.08</ele>
   </trkpt>
   <trkpt lat="42.84743" lon="2.8758700000000004">
    <ele>151.68</ele>
   </trkpt>
   <trkpt lat="42.848090000000006" lon="2.87575">
    <ele>151.22000000000003</ele>
   </trkpt>
   <trkpt lat="42.84866000026668" lon="2.875580001526728">
    <ele>150.36</ele>
   </trkpt>
   <trkpt lat="42.849230000000006" lon="2.87541">
    <ele>151.22000000000003</ele>
   </trkpt>
   <trkpt lat="42.84942" lon="2.87542">
    <ele>152.04</ele>
   </trkpt>
   <trkpt lat="42.84989" lon="2.87557">
    <ele>154.64</ele>
   </trkpt>
   <trkpt lat="42.8502" lon="2.87564">
    <ele>158.94000000000003</ele>
   </trkpt>
   <trkpt lat="42.85036" lon="2.8756500000000003">
    <ele>158.94000000000003</ele>
   </trkpt>
   <trkpt lat="42.850480000000005" lon="2.87563">
    <ele>158.94000000000003</ele>
   </trkpt>
   <trkpt lat="42.85096" lon="2.87548">
    <ele>161.92000000000002</ele>
   </trkpt>
   <trkpt lat="42.851200000000006" lon="2.87548">
    <ele>161.92000000000002</ele>
   </trkpt>
   <trkpt lat="42.85143" lon="2.8755300000000004">
    <ele>163.86</ele>
   </trkpt>
   <trkpt lat="42.85164" lon="2.8756000000000004">
    <ele>164.55</ele>
   </trkpt>
   <trkpt lat="42.85233" lon="2.87575">
    <ele>165.34</ele>
   </trkpt>
   <trkpt lat="42.85296" lon="2.87568">
    <ele>166.99000000000004</ele>
   </trkpt>
   <trkpt lat="42.85381" lon="2.87556">
    <ele>170.8</ele>
   </trkpt>
   <trkpt lat="42.854000000000006" lon="2.8755200000000003">
    <ele>172.20000000000002</ele>
   </trkpt>
   <trkpt lat="42.85425" lon="2.8755">
    <ele>173.05</ele>
   </trkpt>
   <trkpt lat="42.854350000000004" lon="2.8755300000000004">
    <ele>173.05</ele>
   </trkpt>
   <trkpt lat="42.85443" lon="2.8755800000000002">
    <ele>173.05</ele>
   </trkpt>
   <trkpt lat="42.85465000000001" lon="2.87577">
    <ele>175.65</ele>
   </trkpt>
   <trkpt lat="42.85497" lon="2.87609">
    <ele>175.94</ele>
   </trkpt>
   <trkpt lat="42.85519" lon="2.87624">
    <ele>176.46</ele>
   </trkpt>
   <trkpt lat="42.855410000000006" lon="2.87636">
    <ele>176.51000000000002</ele>
   </trkpt>
   <trkpt lat="42.855540000000005" lon="2.8764100000000004">
    <ele>176.51000000000002</ele>
   </trkpt>
   <trkpt lat="42.85569" lon="2.87643">
    <ele>176.45000000000002</ele>
   </trkpt>
   <trkpt lat="42.85591" lon="2.8764200000000004">
    <ele>176.45000000000002</ele>
   </trkpt>
   <trkpt lat="42.85614" lon="2.87638">
    <ele>176.3</ele>
   </trkpt>
   <trkpt lat="42.85638" lon="2.8764100000000004">
    <ele>175.9</ele>
   </trkpt>
   <trkpt lat="42.856880000000004" lon="2.8765300000000003">
    <ele>174.17000000000002</ele>
   </trkpt>
   <trkpt lat="42.8571" lon="2.8765400000000003">
    <ele>173.74</ele>
   </trkpt>
   <trkpt lat="42.85732" lon="2.8764900000000004">
    <ele>171.81</ele>
   </trkpt>
   <trkpt lat="42.857850000000006" lon="2.87632">
    <ele>168.96000000000004</ele>
   </trkpt>
   <trkpt lat="42.85804" lon="2.8762800000000004">
    <ele>167.13</ele>
   </trkpt>
   <trkpt lat="42.85877000000001" lon="2.8761900000000002">
    <ele>163.67000000000002</ele>
   </trkpt>
   <trkpt lat="42.85945" lon="2.8760700000000003">
    <ele>163.49</ele>
   </trkpt>
   <trkpt lat="42.860040000000005" lon="2.8760000000000003">
    <ele>164.18</ele>
   </trkpt>
   <trkpt lat="42.86019" lon="2.87604">
    <ele>164.58</ele>
   </trkpt>
   <trkpt lat="42.86034" lon="2.8761200000000002">
    <ele>165.10000000000002</ele>
   </trkpt>
   <trkpt lat="42.86046" lon="2.8763500000000004">
    <ele>166.69</ele>
   </trkpt>
   <trkpt lat="42.86063" lon="2.87697">
    <ele>168.52</ele>
   </trkpt>
   <trkpt lat="42.860690000000005" lon="2.87713">
    <ele>169.05</ele>
   </trkpt>
   <trkpt lat="42.861070000000005" lon="2.87787">
    <ele>169.88</ele>
   </trkpt>
   <trkpt lat="42.86139" lon="2.87842">
    <ele>169.9</ele>
   </trkpt>
   <trkpt lat="42.861760000000004" lon="2.87868">
    <ele>168.86</ele>
   </trkpt>
   <trkpt lat="42.86197000000001" lon="2.8787200000000004">
    <ele>167.25</ele>
   </trkpt>
   <trkpt lat="42.86216" lon="2.8787200000000004">
    <ele>167.25</ele>
   </trkpt>
   <trkpt lat="42.86238" lon="2.8786400000000003">
    <ele>165.08</ele>
   </trkpt>
   <trkpt lat="42.862570000000005" lon="2.8785000000000003">
    <ele>164.11</ele>
   </trkpt>
   <trkpt lat="42.862700000000004" lon="2.8783600000000003">
    <ele>164.11</ele>
   </trkpt>
   <trkpt lat="42.86283" lon="2.8781600000000003">
    <ele>161.89000000000001</ele>
   </trkpt>
   <trkpt lat="42.862970000000004" lon="2.8778300000000003">
    <ele>160.85000000000002</ele>
   </trkpt>
   <trkpt lat="42.86305" lon="2.8775700000000004">
    <ele>160.85000000000002</ele>
   </trkpt>
   <trkpt lat="42.86317500155321" lon="2.8769750011439434">
    <ele>158.92000000000002</ele>
   </trkpt>
   <trkpt lat="42.8633" lon="2.87638">
    <ele>156.49</ele>
   </trkpt>
   <trkpt lat="42.86343" lon="2.8761">
    <ele>155.3</ele>
   </trkpt>
   <trkpt lat="42.863580000000006" lon="2.87591">
    <ele>154.55</ele>
   </trkpt>
   <trkpt lat="42.86425500115994" lon="2.8754000055549738">
    <ele>154.16000000000003</ele>
   </trkpt>
   <trkpt lat="42.86493" lon="2.87489">
    <ele>154.84</ele>
   </trkpt>
   <trkpt lat="42.865660000000005" lon="2.8743600000000002">
    <ele>155.75</ele>
   </trkpt>
   <trkpt lat="42.866020000000006" lon="2.87414">
    <ele>156.03</ele>
   </trkpt>
   <trkpt lat="42.86650000013542" lon="2.8738850020612015">
    <ele>157.16000000000003</ele>
   </trkpt>
   <trkpt lat="42.866980000000005" lon="2.8736300000000004">
    <ele>157.97</ele>
   </trkpt>
   <trkpt lat="42.86756000033637" lon="2.8733500026332117">
    <ele>159.54000000000002</ele>
   </trkpt>
   <trkpt lat="42.868140000000004" lon="2.8730700000000002">
    <ele>161.91000000000003</ele>
   </trkpt>
   <trkpt lat="42.86865" lon="2.87279">
    <ele>164.05</ele>
   </trkpt>
   <trkpt lat="42.8688" lon="2.8727300000000002">
    <ele>164.05</ele>
   </trkpt>
   <trkpt lat="42.86914" lon="2.8725400000000003">
    <ele>165.79000000000002</ele>
   </trkpt>
   <trkpt lat="42.869110000000006" lon="2.8724800000000004">
    <ele>165.79000000000002</ele>
   </trkpt>
   <trkpt lat="42.86903" lon="2.8724200000000004">
    <ele>165.86</ele>
   </trkpt>
   <trkpt lat="42.86923" lon="2.8719300000000003">
    <ele>167.08</ele>
   </trkpt>
   <trkpt lat="42.869330000000005" lon="2.8719300000000003">
    <ele>167.66</ele>
   </trkpt>
   <trkpt lat="42.86939" lon="2.8719">
    <ele>167.97</ele>
   </trkpt>
   <trkpt lat="42.869460000000004" lon="2.87177">
    <ele>169.06</ele>
   </trkpt>
   <trkpt lat="42.86952" lon="2.87157">
    <ele>171.16</ele>
   </trkpt>
   <trkpt lat="42.869580000000006" lon="2.8715200000000003">
    <ele>173.11</ele>
   </trkpt>
   <trkpt lat="42.869730000000004" lon="2.8714600000000003">
    <ele>173.56</ele>
   </trkpt>
   <trkpt lat="42.869420000000005" lon="2.87089">
    <ele>175.35</ele>
   </trkpt>
   <trkpt lat="42.86943" lon="2.8709100000000003">
    <ele>175.27</ele>
   </trkpt>
   <trkpt lat="42.86909500159253" lon="2.8703099967903025">
    <ele>178.00000000000003</ele>
   </trkpt>
   <trkpt lat="42.86876" lon="2.8697100000000004">
    <ele>182.57</ele>
   </trkpt>
   <trkpt lat="42.86853000000001" lon="2.8691600000000004">
    <ele>184.57000000000002</ele>
   </trkpt>
   <trkpt lat="42.86849" lon="2.869">
    <ele>184.94000000000003</ele>
   </trkpt>
   <trkpt lat="42.86825" lon="2.86866">
    <ele>185.11</ele>
   </trkpt>
   <trkpt lat="42.86779000000001" lon="2.86817">
    <ele>185.24</ele>
   </trkpt>
   <trkpt lat="42.867580000000004" lon="2.8678800000000004">
    <ele>185.47000000000003</ele>
   </trkpt>
   <trkpt lat="42.867470000000004" lon="2.8676600000000003">
    <ele>185.81</ele>
   </trkpt>
   <trkpt lat="42.867430000000006" lon="2.8675">
    <ele>186.16000000000003</ele>
   </trkpt>
   <trkpt lat="42.867470000000004" lon="2.86736">
    <ele>186.7</ele>
   </trkpt>
   <trkpt lat="42.867560000000005" lon="2.8672700000000004">
    <ele>186.7</ele>
   </trkpt>
   <trkpt lat="42.867920000000005" lon="2.8671300000000004">
    <ele>187.45</ele>
   </trkpt>
   <trkpt lat="42.86802" lon="2.8670500000000003">
    <ele>187.74</ele>
   </trkpt>
   <trkpt lat="42.868100000000005" lon="2.8669100000000003">
    <ele>188.07000000000002</ele>
   </trkpt>
   <trkpt lat="42.8682" lon="2.8666300000000002">
    <ele>188.81</ele>
   </trkpt>
   <trkpt lat="42.868300000000005" lon="2.86626">
    <ele>189.70000000000002</ele>
   </trkpt>
   <trkpt lat="42.86826000000001" lon="2.866">
    <ele>189.9</ele>
   </trkpt>
   <trkpt lat="42.867960000000004" lon="2.86547">
    <ele>191.10999999999999</ele>
   </trkpt>
   <trkpt lat="42.86766" lon="2.8650100000000003">
    <ele>193.48000000000002</ele>
   </trkpt>
   <trkpt lat="42.867520000000006" lon="2.8648700000000002">
    <ele>193.91000000000003</ele>
   </trkpt>
   <trkpt lat="42.867110000000004" lon="2.8645600000000004">
    <ele>197.21</ele>
   </trkpt>
   <trkpt lat="42.86663" lon="2.8641500000000004">
    <ele>199.75</ele>
   </trkpt>
   <trkpt lat="42.866460000000004" lon="2.8639400000000004">
    <ele>200.59</ele>
   </trkpt>
   <trkpt lat="42.86604500359933" lon="2.8630299938737163">
    <ele>200.91</ele>
   </trkpt>
   <trkpt lat="42.86563" lon="2.8621200000000004">
    <ele>200.97</ele>
   </trkpt>
   <trkpt lat="42.86541000242529" lon="2.8613749973797407">
    <ele>202.94</ele>
   </trkpt>
   <trkpt lat="42.865190000000005" lon="2.8606300000000005">
    <ele>206.34000000000003</ele>
   </trkpt>
   <trkpt lat="42.86515000000001" lon="2.86045">
    <ele>206.83</ele>
   </trkpt>
   <trkpt lat="42.865140000000004" lon="2.86025">
    <ele>206.78</ele>
   </trkpt>
   <trkpt lat="42.86518" lon="2.85908">
    <ele>204.97</ele>
   </trkpt>
   <trkpt lat="42.865170000000006" lon="2.85887">
    <ele>204.40000000000003</ele>
   </trkpt>
   <trkpt lat="42.86507" lon="2.85834">
    <ele>202.09</ele>
   </trkpt>
   <trkpt lat="42.86504" lon="2.8580400000000004">
    <ele>200.86</ele>
   </trkpt>
   <trkpt lat="42.865" lon="2.85788">
    <ele>198.9</ele>
   </trkpt>
   <trkpt lat="42.86488000000001" lon="2.85759">
    <ele>197.57000000000002</ele>
   </trkpt>
   <trkpt lat="42.86478" lon="2.85746">
    <ele>196.94</ele>
   </trkpt>
   <trkpt lat="42.86468000000001" lon="2.8573700000000004">
    <ele>196.94</ele>
   </trkpt>
   <trkpt lat="42.86412000000001" lon="2.85705">
    <ele>191.88000000000002</ele>
   </trkpt>
   <trkpt lat="42.863730000000004" lon="2.85692">
    <ele>190.16000000000003</ele>
   </trkpt>
   <trkpt lat="42.86338000000001" lon="2.8568300000000004">
    <ele>187.47000000000003</ele>
   </trkpt>
   <trkpt lat="42.86327" lon="2.8567500000000003">
    <ele>186.95</ele>
   </trkpt>
   <trkpt lat="42.86321" lon="2.8566800000000003">
    <ele>186.65</ele>
   </trkpt>
   <trkpt lat="42.863170000000004" lon="2.8565600000000004">
    <ele>186.32000000000002</ele>
   </trkpt>
   <trkpt lat="42.863150000000005" lon="2.8564200000000004">
    <ele>184.57000000000002</ele>
   </trkpt>
   <trkpt lat="42.86318000000001" lon="2.85624">
    <ele>184.57000000000002</ele>
   </trkpt>
   <trkpt lat="42.86325" lon="2.85605">
    <ele>183.31000000000003</ele>
   </trkpt>
   <trkpt lat="42.863800000000005" lon="2.85528">
    <ele>176.48000000000002</ele>
   </trkpt>
   <trkpt lat="42.86392" lon="2.8550000000000004">
    <ele>176.48000000000002</ele>
   </trkpt>
   <trkpt lat="42.864230000000006" lon="2.85406">
    <ele>172.13</ele>
   </trkpt>
   <trkpt lat="42.864270000000005" lon="2.8538900000000003">
    <ele>170.95000000000002</ele>
   </trkpt>
   <trkpt lat="42.864230000000006" lon="2.85367">
    <ele>170.45000000000002</ele>
   </trkpt>
   <trkpt lat="42.863980000000005" lon="2.85318">
    <ele>167.64000000000001</ele>
   </trkpt>
   <trkpt lat="42.86365000000001" lon="2.8522700000000003">
    <ele>162.12</ele>
   </trkpt>
   <trkpt lat="42.863550000000004" lon="2.85204">
    <ele>159.4</ele>
   </trkpt>
   <trkpt lat="42.8631" lon="2.8512500000000003">
    <ele>153.06</ele>
   </trkpt>
   <trkpt lat="42.862820001751516" lon="2.850634997443131">
    <ele>150.21</ele>
   </trkpt>
   <trkpt lat="42.86254" lon="2.85002">
    <ele>147.57</ele>
   </trkpt>
   <trkpt lat="42.86215000000001" lon="2.8494200000000003">
    <ele>145.86</ele>
   </trkpt>
   <trkpt lat="42.861920000000005" lon="2.8491000000000004">
    <ele>145.52</ele>
   </trkpt>
   <trkpt lat="42.861760000000004" lon="2.84892">
    <ele>145.34000000000003</ele>
   </trkpt>
   <trkpt lat="42.86150000000001" lon="2.8487000000000005">
    <ele>145.29</ele>
   </trkpt>
   <trkpt lat="42.86124" lon="2.8482100000000004">
    <ele>144.87</ele>
   </trkpt>
   <trkpt lat="42.8609" lon="2.84778">
    <ele>144.73000000000002</ele>
   </trkpt>
   <trkpt lat="42.86077" lon="2.84736">
    <ele>144.53000000000003</ele>
   </trkpt>
   <trkpt lat="42.860760000000006" lon="2.84717">
    <ele>144.53000000000003</ele>
   </trkpt>
   <trkpt lat="42.86083" lon="2.84649">
    <ele>144.6</ele>
   </trkpt>
   <trkpt lat="42.86079" lon="2.84628">
    <ele>144.73000000000002</ele>
   </trkpt>
   <trkpt lat="42.86074000000001" lon="2.8461900000000004">
    <ele>144.76</ele>
   </trkpt>
   <trkpt lat="42.86063" lon="2.84606">
    <ele>144.74</ele>
   </trkpt>
   <trkpt lat="42.86056000000001" lon="2.84602">
    <ele>144.74</ele>
   </trkpt>
   <trkpt lat="42.860420000000005" lon="2.84601">
    <ele>144.79</ele>
   </trkpt>
   <trkpt lat="42.86028" lon="2.8460500000000004">
    <ele>144.88</ele>
   </trkpt>
   <trkpt lat="42.86019" lon="2.8460500000000004">
    <ele>145.45000000000002</ele>
   </trkpt>
   <trkpt lat="42.860110000000006" lon="2.8460300000000003">
    <ele>145.68</ele>
   </trkpt>
   <trkpt lat="42.85998" lon="2.8459100000000004">
    <ele>146.74</ele>
   </trkpt>
   <trkpt lat="42.859880000000004" lon="2.8457800000000004">
    <ele>147.63</ele>
   </trkpt>
   <trkpt lat="42.85978" lon="2.84552">
    <ele>148.99</ele>
   </trkpt>
   <trkpt lat="42.85974" lon="2.84533">
    <ele>149.59</ele>
   </trkpt>
   <trkpt lat="42.859680000000004" lon="2.8452">
    <ele>151.18</ele>
   </trkpt>
   <trkpt lat="42.859570000000005" lon="2.84504">
    <ele>152.13000000000002</ele>
   </trkpt>
   <trkpt lat="42.85934" lon="2.84479">
    <ele>152.63000000000002</ele>
   </trkpt>
   <trkpt lat="42.85918" lon="2.84459">
    <ele>154.58</ele>
   </trkpt>
   <trkpt lat="42.85864" lon="2.8437">
    <ele>160.31</ele>
   </trkpt>
   <trkpt lat="42.85822" lon="2.8431300000000004">
    <ele>164.72</ele>
   </trkpt>
   <trkpt lat="42.85764" lon="2.84229">
    <ele>170.66</ele>
   </trkpt>
   <trkpt lat="42.857330000000005" lon="2.8414400000000004">
    <ele>174.90000000000003</ele>
   </trkpt>
   <trkpt lat="42.856860000000005" lon="2.84052">
    <ele>180.31000000000003</ele>
   </trkpt>
   <trkpt lat="42.85672" lon="2.84031">
    <ele>181.17000000000002</ele>
   </trkpt>
   <trkpt lat="42.85656" lon="2.84016">
    <ele>182.55</ele>
   </trkpt>
   <trkpt lat="42.85645" lon="2.8400200000000004">
    <ele>184.29</ele>
   </trkpt>
   <trkpt lat="42.856180001280364" lon="2.839469997522205">
    <ele>188.09</ele>
   </trkpt>
   <trkpt lat="42.85591" lon="2.8389200000000003">
    <ele>190.06</ele>
   </trkpt>
   <trkpt lat="42.855500000000006" lon="2.838">
    <ele>196.92000000000002</ele>
   </trkpt>
   <trkpt lat="42.855160000000005" lon="2.83746">
    <ele>199.65</ele>
   </trkpt>
   <trkpt lat="42.855090000000004" lon="2.83732">
    <ele>200.18</ele>
   </trkpt>
   <trkpt lat="42.85504" lon="2.8371500000000003">
    <ele>200.82000000000002</ele>
   </trkpt>
   <trkpt lat="42.85502" lon="2.8369700000000004">
    <ele>200.99000000000004</ele>
   </trkpt>
   <trkpt lat="42.85505000238388" lon="2.8362300003296697">
    <ele>203.03</ele>
   </trkpt>
   <trkpt lat="42.85508" lon="2.83549">
    <ele>205.37000000000003</ele>
   </trkpt>
   <trkpt lat="42.85506" lon="2.83536">
    <ele>205.71</ele>
   </trkpt>
   <trkpt lat="42.85499" lon="2.83515">
    <ele>206.15000000000003</ele>
   </trkpt>
   <trkpt lat="42.85471500141992" lon="2.8345949976893414">
    <ele>208.49</ele>
   </trkpt>
   <trkpt lat="42.854440000000004" lon="2.8340400000000003">
    <ele>209.89000000000001</ele>
   </trkpt>
   <trkpt lat="42.85423500182478" lon="2.8334099982093424">
    <ele>212.12000000000003</ele>
   </trkpt>
   <trkpt lat="42.85403" lon="2.83278">
    <ele>215.72000000000003</ele>
   </trkpt>
   <trkpt lat="42.85362000249359" lon="2.8320299951052106">
    <ele>219.07000000000002</ele>
   </trkpt>
   <trkpt lat="42.853210000000004" lon="2.83128">
    <ele>223.55</ele>
   </trkpt>
   <trkpt lat="42.85282" lon="2.83041">
    <ele>226.98000000000002</ele>
   </trkpt>
   <trkpt lat="42.85271" lon="2.83007">
    <ele>228.37</ele>
   </trkpt>
   <trkpt lat="42.85257" lon="2.82941">
    <ele>230.48000000000002</ele>
   </trkpt>
   <trkpt lat="42.852410000000006" lon="2.82845">
    <ele>232.17000000000002</ele>
   </trkpt>
   <trkpt lat="42.85237" lon="2.82796">
    <ele>233.01000000000002</ele>
   </trkpt>
   <trkpt lat="42.85226000191783" lon="2.827294998777343">
    <ele>234.65000000000003</ele>
   </trkpt>
   <trkpt lat="42.85215" lon="2.82663">
    <ele>235.91</ele>
   </trkpt>
   <trkpt lat="42.8521" lon="2.82622">
    <ele>236.32000000000002</ele>
   </trkpt>
   <trkpt lat="42.852040005257884" lon="2.825119998804803">
    <ele>237.27</ele>
   </trkpt>
   <trkpt lat="42.851980000000005" lon="2.8240200000000004">
    <ele>238.81000000000003</ele>
   </trkpt>
   <trkpt lat="42.85188500394937" lon="2.8230699987641414">
    <ele>240.53000000000003</ele>
   </trkpt>
   <trkpt lat="42.85179" lon="2.8221200000000004">
    <ele>242.57</ele>
   </trkpt>
   <trkpt lat="42.85168" lon="2.8214300000000003">
    <ele>245.94000000000003</ele>
   </trkpt>
   <trkpt lat="42.851620000000004" lon="2.8207000000000004">
    <ele>248.35000000000002</ele>
   </trkpt>
   <trkpt lat="42.851530000000004" lon="2.8202100000000003">
    <ele>250.37000000000003</ele>
   </trkpt>
   <trkpt lat="42.851490000000005" lon="2.8197900000000002">
    <ele>252.51000000000002</ele>
   </trkpt>
   <trkpt lat="42.85145000000001" lon="2.8196600000000003">
    <ele>253.24</ele>
   </trkpt>
   <trkpt lat="42.851330000000004" lon="2.81949">
    <ele>254.12</ele>
   </trkpt>
   <trkpt lat="42.85128" lon="2.81935">
    <ele>254.64000000000001</ele>
   </trkpt>
   <trkpt lat="42.851200000000006" lon="2.81868">
    <ele>258.65999999999997</ele>
   </trkpt>
   <trkpt lat="42.85119" lon="2.8179200000000004">
    <ele>260.97</ele>
   </trkpt>
   <trkpt lat="42.851150000000004" lon="2.8175800000000004">
    <ele>262.09000000000003</ele>
   </trkpt>
   <trkpt lat="42.85107000187022" lon="2.816929999417268">
    <ele>263.56</ele>
   </trkpt>
   <trkpt lat="42.85099" lon="2.8162800000000003">
    <ele>264.20000000000005</ele>
   </trkpt>
   <trkpt lat="42.850930000000005" lon="2.8160200000000004">
    <ele>264.37</ele>
   </trkpt>
   <trkpt lat="42.85074" lon="2.81556">
    <ele>265.32</ele>
   </trkpt>
   <trkpt lat="42.850680000000004" lon="2.8146400000000003">
    <ele>268.07000000000005</ele>
   </trkpt>
   <trkpt lat="42.85063" lon="2.81449">
    <ele>268.36</ele>
   </trkpt>
   <trkpt lat="42.850370000000005" lon="2.81401">
    <ele>269.38</ele>
   </trkpt>
   <trkpt lat="42.85024000180235" lon="2.813359998452021">
    <ele>270.49</ele>
   </trkpt>
   <trkpt lat="42.85011" lon="2.81271">
    <ele>271.73</ele>
   </trkpt>
   <trkpt lat="42.85007" lon="2.81258">
    <ele>272.63000000000005</ele>
   </trkpt>
   <trkpt lat="42.849970000000006" lon="2.8124100000000003">
    <ele>272.88</ele>
   </trkpt>
   <trkpt lat="42.84985" lon="2.8123400000000003">
    <ele>273.07000000000005</ele>
   </trkpt>
   <trkpt lat="42.849560000000004" lon="2.81224">
    <ele>273.32</ele>
   </trkpt>
   <trkpt lat="42.849450000000004" lon="2.8120700000000003">
    <ele>273.31</ele>
   </trkpt>
   <trkpt lat="42.84937" lon="2.81183">
    <ele>273.16</ele>
   </trkpt>
   <trkpt lat="42.849180000000004" lon="2.81108">
    <ele>274.15</ele>
   </trkpt>
   <trkpt lat="42.84895" lon="2.81055">
    <ele>274.39000000000004</ele>
   </trkpt>
   <trkpt lat="42.84892000000001" lon="2.8101900000000004">
    <ele>275.18</ele>
   </trkpt>
   <trkpt lat="42.84902500272413" lon="2.8094000012778095">
    <ele>278.68</ele>
   </trkpt>
   <trkpt lat="42.84913" lon="2.8086100000000003">
    <ele>280.38</ele>
   </trkpt>
   <trkpt lat="42.84926" lon="2.80824">
    <ele>281.43</ele>
   </trkpt>
   <trkpt lat="42.849430000000005" lon="2.8071400000000004">
    <ele>283.09</ele>
   </trkpt>
   <trkpt lat="42.849410000000006" lon="2.8069400000000004">
    <ele>283.03</ele>
   </trkpt>
   <trkpt lat="42.849320000000006" lon="2.80674">
    <ele>283.07000000000005</ele>
   </trkpt>
   <trkpt lat="42.84913" lon="2.80661">
    <ele>283.55</ele>
   </trkpt>
   <trkpt lat="42.849000000000004" lon="2.8063800000000003">
    <ele>283.64</ele>
   </trkpt>
   <trkpt lat="42.84892000000001" lon="2.8060400000000003">
    <ele>283.56</ele>
   </trkpt>
   <trkpt lat="42.848910000000004" lon="2.80574">
    <ele>283.17</ele>
   </trkpt>
   <trkpt lat="42.84900500564414" lon="2.80460000187872">
    <ele>280.89000000000004</ele>
   </trkpt>
   <trkpt lat="42.8491" lon="2.8034600000000003">
    <ele>277.96000000000004</ele>
   </trkpt>
   <trkpt lat="42.84939000000001" lon="2.80242">
    <ele>275.13000000000005</ele>
   </trkpt>
   <trkpt lat="42.84944" lon="2.80188">
    <ele>273.69000000000005</ele>
   </trkpt>
   <trkpt lat="42.849410000000006" lon="2.8010400000000004">
    <ele>271.5</ele>
   </trkpt>
   <trkpt lat="42.849360000000004" lon="2.80003">
    <ele>269.48</ele>
   </trkpt>
   <trkpt lat="42.849250000000005" lon="2.7995900000000002">
    <ele>268.45</ele>
   </trkpt>
   <trkpt lat="42.84911" lon="2.79915">
    <ele>267.79</ele>
   </trkpt>
   <trkpt lat="42.848655003337726" lon="2.7982649933445303">
    <ele>265.17</ele>
   </trkpt>
   <trkpt lat="42.848200000000006" lon="2.7973800000000004">
    <ele>263.0</ele>
   </trkpt>
   <trkpt lat="42.84812" lon="2.79725">
    <ele>261.94</ele>
   </trkpt>
   <trkpt lat="42.84803" lon="2.79719">
    <ele>261.94</ele>
   </trkpt>
   <trkpt lat="42.84796" lon="2.7971800000000004">
    <ele>261.62</ele>
   </trkpt>
   <trkpt lat="42.84758" lon="2.79721">
    <ele>260.24</ele>
   </trkpt>
   <trkpt lat="42.847500000000004" lon="2.7971800000000004">
    <ele>259.72</ele>
   </trkpt>
   <trkpt lat="42.847440000000006" lon="2.7971100000000004">
    <ele>259.72</ele>
   </trkpt>
   <trkpt lat="42.84789000000001" lon="2.79653">
    <ele>259.20000000000005</ele>
   </trkpt>
   <trkpt lat="42.848020000000005" lon="2.7964">
    <ele>258.98</ele>
   </trkpt>
   <trkpt lat="42.84814" lon="2.79633">
    <ele>258.77</ele>
   </trkpt>
   <trkpt lat="42.84823" lon="2.79631">
    <ele>258.56</ele>
   </trkpt>
   <trkpt lat="42.84834" lon="2.79632">
    <ele>258.56</ele>
   </trkpt>
   <trkpt lat="42.84843" lon="2.7963600000000004">
    <ele>257.94</ele>
   </trkpt>
   <trkpt lat="42.84854000000001" lon="2.7964700000000002">
    <ele>257.65999999999997</ele>
   </trkpt>
   <trkpt lat="42.848960000000005" lon="2.79705">
    <ele>256.19</ele>
   </trkpt>
   <trkpt lat="42.849070000000005" lon="2.7971600000000003">
    <ele>254.72</ele>
   </trkpt>
   <trkpt lat="42.8492" lon="2.79725">
    <ele>254.72</ele>
   </trkpt>
   <trkpt lat="42.84971" lon="2.79748">
    <ele>252.42000000000002</ele>
   </trkpt>
   <trkpt lat="42.84977000000001" lon="2.79748">
    <ele>252.13000000000002</ele>
   </trkpt>
   <trkpt lat="42.84982" lon="2.7974500000000004">
    <ele>252.13000000000002</ele>
   </trkpt>
   <trkpt lat="42.849880000000006" lon="2.7973600000000003">
    <ele>251.78</ele>
   </trkpt>
   <trkpt lat="42.84989" lon="2.7972200000000003">
    <ele>251.78</ele>
   </trkpt>
   <trkpt lat="42.84986000000001" lon="2.7971000000000004">
    <ele>250.67</ele>
   </trkpt>
   <trkpt lat="42.849590000000006" lon="2.7967000000000004">
    <ele>249.55</ele>
   </trkpt>
   <trkpt lat="42.84955" lon="2.79658">
    <ele>249.55</ele>
   </trkpt>
   <trkpt lat="42.84953" lon="2.79645">
    <ele>249.55</ele>
   </trkpt>
   <trkpt lat="42.84953" lon="2.79631">
    <ele>248.91000000000003</ele>
   </trkpt>
   <trkpt lat="42.84955" lon="2.79618">
    <ele>248.91000000000003</ele>
   </trkpt>
   <trkpt lat="42.84966" lon="2.7957300000000003">
    <ele>248.12</ele>
   </trkpt>
   <trkpt lat="42.84973" lon="2.7955400000000004">
    <ele>247.71</ele>
   </trkpt>
   <trkpt lat="42.8498" lon="2.79543">
    <ele>247.4</ele>
   </trkpt>
   <trkpt lat="42.84987" lon="2.79538">
    <ele>247.03000000000003</ele>
   </trkpt>
   <trkpt lat="42.84996" lon="2.7953500000000004">
    <ele>246.6</ele>
   </trkpt>
   <trkpt lat="42.85014" lon="2.7953500000000004">
    <ele>245.39000000000001</ele>
   </trkpt>
   <trkpt lat="42.85052" lon="2.7951900000000003">
    <ele>243.76000000000002</ele>
   </trkpt>
   <trkpt lat="42.850620000000006" lon="2.7951">
    <ele>243.76000000000002</ele>
   </trkpt>
   <trkpt lat="42.85119" lon="2.7943800000000003">
    <ele>239.52</ele>
   </trkpt>
   <trkpt lat="42.85139" lon="2.79408">
    <ele>237.41</ele>
   </trkpt>
   <trkpt lat="42.85179000080241" lon="2.793660002683499">
    <ele>236.34</ele>
   </trkpt>
   <trkpt lat="42.85219" lon="2.7932400000000004">
    <ele>232.68</ele>
   </trkpt>
   <trkpt lat="42.85262" lon="2.7927400000000002">
    <ele>229.34</ele>
   </trkpt>
   <trkpt lat="42.852830000000004" lon="2.7923600000000004">
    <ele>227.04000000000002</ele>
   </trkpt>
   <trkpt lat="42.85349" lon="2.79157">
    <ele>222.54000000000002</ele>
   </trkpt>
   <trkpt lat="42.853910000000006" lon="2.7911400000000004">
    <ele>219.78000000000003</ele>
   </trkpt>
   <trkpt lat="42.85427000000001" lon="2.79084">
    <ele>218.15</ele>
   </trkpt>
   <trkpt lat="42.85439" lon="2.7907800000000003">
    <ele>217.60000000000002</ele>
   </trkpt>
   <trkpt lat="42.854580000000006" lon="2.7907300000000004">
    <ele>216.70000000000002</ele>
   </trkpt>
   <trkpt lat="42.854670000000006" lon="2.79069">
    <ele>216.70000000000002</ele>
   </trkpt>
   <trkpt lat="42.85474000000001" lon="2.79061">
    <ele>216.38000000000002</ele>
   </trkpt>
   <trkpt lat="42.85477" lon="2.79042">
    <ele>215.54</ele>
   </trkpt>
   <trkpt lat="42.854710000000004" lon="2.79028">
    <ele>215.54</ele>
   </trkpt>
   <trkpt lat="42.854580000000006" lon="2.7901800000000003">
    <ele>213.15</ele>
   </trkpt>
   <trkpt lat="42.853820000000006" lon="2.7899100000000003">
    <ele>208.50000000000003</ele>
   </trkpt>
   <trkpt lat="42.85301000040729" lon="2.7896099960711687">
    <ele>203.23000000000002</ele>
   </trkpt>
   <trkpt lat="42.8522" lon="2.7893100000000004">
    <ele>199.20000000000002</ele>
   </trkpt>
   <trkpt lat="42.85202" lon="2.7892300000000003">
    <ele>197.9</ele>
   </trkpt>
   <trkpt lat="42.851940000000006" lon="2.7891500000000002">
    <ele>197.9</ele>
   </trkpt>
   <trkpt lat="42.85188" lon="2.78906">
    <ele>196.42000000000002</ele>
   </trkpt>
   <trkpt lat="42.85168" lon="2.78826">
    <ele>192.88000000000002</ele>
   </trkpt>
   <trkpt lat="42.85166" lon="2.7880900000000004">
    <ele>192.88000000000002</ele>
   </trkpt>
   <trkpt lat="42.8517" lon="2.7878900000000004">
    <ele>191.39000000000001</ele>
   </trkpt>
   <trkpt lat="42.85175" lon="2.7878100000000003">
    <ele>191.39000000000001</ele>
   </trkpt>
   <trkpt lat="42.85230000000001" lon="2.78722">
    <ele>187.8</ele>
   </trkpt>
   <trkpt lat="42.8524" lon="2.7870800000000004">
    <ele>187.8</ele>
   </trkpt>
   <trkpt lat="42.852610000000006" lon="2.7866700000000004">
    <ele>186.61</ele>
   </trkpt>
   <trkpt lat="42.852650000000004" lon="2.78655">
    <ele>184.52</ele>
   </trkpt>
   <trkpt lat="42.852650000000004" lon="2.7864600000000004">
    <ele>184.52</ele>
   </trkpt>
   <trkpt lat="42.85262" lon="2.78635">
    <ele>184.52</ele>
   </trkpt>
   <trkpt lat="42.85253" lon="2.7862">
    <ele>182.62</ele>
   </trkpt>
   <trkpt lat="42.85249" lon="2.7861000000000002">
    <ele>182.62</ele>
   </trkpt>
   <trkpt lat="42.85239000000001" lon="2.7855700000000003">
    <ele>180.72000000000003</ele>
   </trkpt>
   <trkpt lat="42.85249" lon="2.7850900000000003">
    <ele>178.68</ele>
   </trkpt>
   <trkpt lat="42.852450000000005" lon="2.7849500000000003">
    <ele>178.68</ele>
   </trkpt>
   <trkpt lat="42.85239000000001" lon="2.7849000000000004">
    <ele>178.68</ele>
   </trkpt>
   <trkpt lat="42.852250000000005" lon="2.78487">
    <ele>177.6</ele>
   </trkpt>
   <trkpt lat="42.851760000000006" lon="2.78492">
    <ele>175.09000000000003</ele>
   </trkpt>
   <trkpt lat="42.85164" lon="2.7849500000000003">
    <ele>175.09000000000003</ele>
   </trkpt>
   <trkpt lat="42.85154" lon="2.785">
    <ele>173.79000000000002</ele>
   </trkpt>
   <trkpt lat="42.851240000000004" lon="2.7853600000000003">
    <ele>172.75</ele>
   </trkpt>
   <trkpt lat="42.851130000000005" lon="2.7854300000000003">
    <ele>171.90000000000003</ele>
   </trkpt>
   <trkpt lat="42.851040000000005" lon="2.7854300000000003">
    <ele>171.40000000000003</ele>
   </trkpt>
   <trkpt lat="42.850970000000004" lon="2.78541">
    <ele>170.83</ele>
   </trkpt>
   <trkpt lat="42.85087" lon="2.7852400000000004">
    <ele>170.52</ele>
   </trkpt>
   <trkpt lat="42.85079" lon="2.7849700000000004">
    <ele>167.25</ele>
   </trkpt>
   <trkpt lat="42.8507" lon="2.7847600000000003">
    <ele>167.25</ele>
   </trkpt>
   <trkpt lat="42.85058" lon="2.7845400000000002">
    <ele>165.72</ele>
   </trkpt>
   <trkpt lat="42.85031" lon="2.78419">
    <ele>163.65</ele>
   </trkpt>
   <trkpt lat="42.849865000910874" lon="2.783749996897713">
    <ele>161.41000000000003</ele>
   </trkpt>
   <trkpt lat="42.84942" lon="2.78331">
    <ele>160.01000000000002</ele>
   </trkpt>
   <trkpt lat="42.848760000000006" lon="2.7827300000000004">
    <ele>156.39</ele>
   </trkpt>
   <trkpt lat="42.84863" lon="2.7825900000000003">
    <ele>155.9</ele>
   </trkpt>
   <trkpt lat="42.848490000000005" lon="2.7823200000000003">
    <ele>155.23</ele>
   </trkpt>
   <trkpt lat="42.84816500249435" lon="2.781564996060458">
    <ele>154.55</ele>
   </trkpt>
   <trkpt lat="42.847840000000005" lon="2.7808100000000002">
    <ele>153.12</ele>
   </trkpt>
   <trkpt lat="42.84772" lon="2.78013">
    <ele>150.45</ele>
   </trkpt>
   <trkpt lat="42.8477" lon="2.7796900000000004">
    <ele>149.76</ele>
   </trkpt>
   <trkpt lat="42.84774" lon="2.7794600000000003">
    <ele>149.12</ele>
   </trkpt>
   <trkpt lat="42.847860000000004" lon="2.77915">
    <ele>148.67000000000002</ele>
   </trkpt>
   <trkpt lat="42.84805" lon="2.77889">
    <ele>148.63</ele>
   </trkpt>
   <trkpt lat="42.84789000000001" lon="2.77876">
    <ele>147.13</ele>
   </trkpt>
   <trkpt lat="42.847680000000004" lon="2.7786600000000004">
    <ele>145.96</ele>
   </trkpt>
   <trkpt lat="42.847190000000005" lon="2.7784700000000004">
    <ele>143.59000000000003</ele>
   </trkpt>
   <trkpt lat="42.846540000000005" lon="2.7781700000000003">
    <ele>140.62000000000003</ele>
   </trkpt>
   <trkpt lat="42.84635" lon="2.77802">
    <ele>139.8</ele>
   </trkpt>
   <trkpt lat="42.84626" lon="2.77788">
    <ele>139.52</ele>
   </trkpt>
   <trkpt lat="42.84584" lon="2.7770400000000004">
    <ele>136.83</ele>
   </trkpt>
   <trkpt lat="42.84572" lon="2.7769700000000004">
    <ele>136.29000000000002</ele>
   </trkpt>
   <trkpt lat="42.84537" lon="2.77687">
    <ele>135.4</ele>
   </trkpt>
   <trkpt lat="42.84525" lon="2.7767700000000004">
    <ele>135.4</ele>
   </trkpt>
   <trkpt lat="42.84516000000001" lon="2.7765500000000003">
    <ele>134.84</ele>
   </trkpt>
   <trkpt lat="42.84501" lon="2.77611">
    <ele>134.73000000000002</ele>
   </trkpt>
   <trkpt lat="42.844930000000005" lon="2.7757400000000003">
    <ele>134.27</ele>
   </trkpt>
   <trkpt lat="42.84460000000001" lon="2.7749400000000004">
    <ele>133.19</ele>
   </trkpt>
   <trkpt lat="42.84425" lon="2.77436">
    <ele>132.58</ele>
   </trkpt>
   <trkpt lat="42.843990000000005" lon="2.7738400000000003">
    <ele>131.61</ele>
   </trkpt>
   <trkpt lat="42.84371" lon="2.7726800000000003">
    <ele>129.67000000000002</ele>
   </trkpt>
   <trkpt lat="42.84338" lon="2.77204">
    <ele>128.31</ele>
   </trkpt>
   <trkpt lat="42.84308" lon="2.7712700000000003">
    <ele>126.98</ele>
   </trkpt>
   <trkpt lat="42.84306" lon="2.7704000000000004">
    <ele>126.49000000000002</ele>
   </trkpt>
   <trkpt lat="42.84301000000001" lon="2.7696300000000003">
    <ele>126.37</ele>
   </trkpt>
   <trkpt lat="42.842780000000005" lon="2.7690200000000003">
    <ele>126.11</ele>
   </trkpt>
   <trkpt lat="42.84241" lon="2.7682800000000003">
    <ele>125.25</ele>
   </trkpt>
   <trkpt lat="42.84201" lon="2.76786">
    <ele>124.33000000000001</ele>
   </trkpt>
   <trkpt lat="42.84158" lon="2.7675400000000003">
    <ele>123.87</ele>
   </trkpt>
   <trkpt lat="42.8414" lon="2.7671200000000002">
    <ele>123.06000000000002</ele>
   </trkpt>
   <trkpt lat="42.841120000000004" lon="2.7666000000000004">
    <ele>122.50000000000001</ele>
   </trkpt>
   <trkpt lat="42.840730000787495" lon="2.766169997267046">
    <ele>122.02</ele>
   </trkpt>
   <trkpt lat="42.840340000000005" lon="2.76574">
    <ele>121.11000000000001</ele>
   </trkpt>
   <trkpt lat="42.84022" lon="2.7655800000000004">
    <ele>121.11000000000001</ele>
   </trkpt>
   <trkpt lat="42.840120000000006" lon="2.76539">
    <ele>120.72</ele>
   </trkpt>
   <trkpt lat="42.839710000000004" lon="2.7643500000000003">
    <ele>119.34000000000002</ele>
   </trkpt>
   <trkpt lat="42.83961" lon="2.76413">
    <ele>118.88000000000001</ele>
   </trkpt>
   <trkpt lat="42.83943" lon="2.76384">
    <ele>118.52000000000001</ele>
   </trkpt>
   <trkpt lat="42.83912" lon="2.7634600000000002">
    <ele>118.33</ele>
   </trkpt>
   <trkpt lat="42.83870000068768" lon="2.7630499971704796">
    <ele>117.91000000000001</ele>
   </trkpt>
   <trkpt lat="42.838280000000005" lon="2.76264">
    <ele>117.72</ele>
   </trkpt>
   <trkpt lat="42.83794" lon="2.7622500000000003">
    <ele>117.77000000000001</ele>
   </trkpt>
   <trkpt lat="42.837680000000006" lon="2.7617900000000004">
    <ele>117.4</ele>
   </trkpt>
   <trkpt lat="42.837610000000005" lon="2.7615800000000004">
    <ele>117.29</ele>
   </trkpt>
   <trkpt lat="42.837360000000004" lon="2.76054">
    <ele>117.07000000000001</ele>
   </trkpt>
   <trkpt lat="42.836960000000005" lon="2.7597400000000003">
    <ele>115.43</ele>
   </trkpt>
   <trkpt lat="42.836560000000006" lon="2.7590500000000002">
    <ele>113.32000000000001</ele>
   </trkpt>
   <trkpt lat="42.836130000000004" lon="2.7585200000000003">
    <ele>112.05000000000001</ele>
   </trkpt>
   <trkpt lat="42.83560333643961" lon="2.757919989742919">
    <ele>111.58000000000001</ele>
   </trkpt>
   <trkpt lat="42.835076669746535" lon="2.757319989712972">
    <ele>111.46000000000001</ele>
   </trkpt>
   <trkpt lat="42.83455" lon="2.75672">
    <ele>110.97000000000001</ele>
   </trkpt>
   <trkpt lat="42.834320000000005" lon="2.7565000000000004">
    <ele>110.76</ele>
   </trkpt>
   <trkpt lat="42.834050000000005" lon="2.7563000000000004">
    <ele>110.59</ele>
   </trkpt>
   <trkpt lat="42.833830000000006" lon="2.75617">
    <ele>110.59</ele>
   </trkpt>
   <trkpt lat="42.833245000388914" lon="2.7558949974250693">
    <ele>110.00000000000001</ele>
   </trkpt>
   <trkpt lat="42.832660000000004" lon="2.7556200000000004">
    <ele>109.6</ele>
   </trkpt>
   <trkpt lat="42.83231000000001" lon="2.75552">
    <ele>109.27000000000001</ele>
   </trkpt>
   <trkpt lat="42.83212" lon="2.75544">
    <ele>108.99</ele>
   </trkpt>
   <trkpt lat="42.83194" lon="2.7553300000000003">
    <ele>108.86000000000001</ele>
   </trkpt>
   <trkpt lat="42.83118" lon="2.7547">
    <ele>107.37</ele>
   </trkpt>
   <trkpt lat="42.83088" lon="2.75443">
    <ele>106.31000000000002</ele>
   </trkpt>
   <trkpt lat="42.83035333624055" lon="2.753849990093627">
    <ele>105.10000000000001</ele>
   </trkpt>
   <trkpt lat="42.82982666955382" lon="2.753269990071668">
    <ele>104.50000000000001</ele>
   </trkpt>
   <trkpt lat="42.8293" lon="2.7526900000000003">
    <ele>104.81000000000002</ele>
   </trkpt>
   <trkpt lat="42.82918" lon="2.75258">
    <ele>104.88000000000001</ele>
   </trkpt>
   <trkpt lat="42.82889" lon="2.7523700000000004">
    <ele>104.97</ele>
   </trkpt>
   <trkpt lat="42.82846000000001" lon="2.7521500000000003">
    <ele>105.11000000000001</ele>
   </trkpt>
   <trkpt lat="42.828190000000006" lon="2.75206">
    <ele>105.11000000000001</ele>
   </trkpt>
   <trkpt lat="42.827510000000004" lon="2.7520000000000002">
    <ele>105.09</ele>
   </trkpt>
   <trkpt lat="42.826890000000006" lon="2.75186">
    <ele>105.47000000000001</ele>
   </trkpt>
   <trkpt lat="42.82661" lon="2.7518300000000004">
    <ele>105.44</ele>
   </trkpt>
   <trkpt lat="42.825869999938696" lon="2.751850000241118">
    <ele>104.9</ele>
   </trkpt>
   <trkpt lat="42.82513" lon="2.7518700000000003">
    <ele>104.51</ele>
   </trkpt>
   <trkpt lat="42.82491" lon="2.75185">
    <ele>104.4</ele>
   </trkpt>
   <trkpt lat="42.82464" lon="2.75178">
    <ele>104.4</ele>
   </trkpt>
   <trkpt lat="42.824035000193014" lon="2.7515799980490345">
    <ele>104.62</ele>
   </trkpt>
   <trkpt lat="42.82343" lon="2.75138">
    <ele>104.24000000000001</ele>
   </trkpt>
   <trkpt lat="42.82323" lon="2.7513300000000003">
    <ele>104.22</ele>
   </trkpt>
   <trkpt lat="42.82302000000001" lon="2.75131">
    <ele>104.24000000000001</ele>
   </trkpt>
   <trkpt lat="42.822410000000005" lon="2.75132">
    <ele>103.96000000000001</ele>
   </trkpt>
   <trkpt lat="42.821660000050805" lon="2.751199998542427">
    <ele>103.34000000000002</ele>
   </trkpt>
   <trkpt lat="42.820910000000005" lon="2.7510800000000004">
    <ele>103.21000000000001</ele>
   </trkpt>
   <trkpt lat="42.82074" lon="2.75103">
    <ele>103.35000000000001</ele>
   </trkpt>
   <trkpt lat="42.82011000000001" lon="2.7507300000000003">
    <ele>103.4</ele>
   </trkpt>
   <trkpt lat="42.81983" lon="2.75063">
    <ele>103.35000000000001</ele>
   </trkpt>
   <trkpt lat="42.81933000015277" lon="2.750494998928173">
    <ele>102.88000000000001</ele>
   </trkpt>
   <trkpt lat="42.818830000000005" lon="2.75036">
    <ele>102.72</ele>
   </trkpt>
   <trkpt lat="42.81848" lon="2.75023">
    <ele>102.61</ele>
   </trkpt>
   <trkpt lat="42.81823000000001" lon="2.7501">
    <ele>102.55</ele>
   </trkpt>
   <trkpt lat="42.817730000295334" lon="2.749794997467047">
    <ele>102.53</ele>
   </trkpt>
   <trkpt lat="42.81723" lon="2.74949">
    <ele>102.59000000000002</ele>
   </trkpt>
   <trkpt lat="42.81669" lon="2.7493200000000004">
    <ele>102.61</ele>
   </trkpt>
   <trkpt lat="42.815830000000005" lon="2.74914">
    <ele>102.59000000000002</ele>
   </trkpt>
   <trkpt lat="42.81571" lon="2.74908">
    <ele>102.59000000000002</ele>
   </trkpt>
   <trkpt lat="42.81561000000001" lon="2.74893">
    <ele>102.74000000000001</ele>
   </trkpt>
   <trkpt lat="42.81521" lon="2.7480200000000004">
    <ele>103.06000000000002</ele>
   </trkpt>
   <trkpt lat="42.815020000000004" lon="2.7473">
    <ele>102.28</ele>
   </trkpt>
   <trkpt lat="42.814800000000005" lon="2.74669">
    <ele>101.97</ele>
   </trkpt>
   <trkpt lat="42.81467000000001" lon="2.7463800000000003">
    <ele>101.8</ele>
   </trkpt>
   <trkpt lat="42.81448" lon="2.74601">
    <ele>101.75</ele>
   </trkpt>
   <trkpt lat="42.81429000000001" lon="2.74567">
    <ele>101.85000000000001</ele>
   </trkpt>
   <trkpt lat="42.814150000000005" lon="2.74562">
    <ele>101.79</ele>
   </trkpt>
   <trkpt lat="42.8138" lon="2.7453600000000002">
    <ele>101.84000000000002</ele>
   </trkpt>
   <trkpt lat="42.813770000000005" lon="2.74526">
    <ele>101.84000000000002</ele>
   </trkpt>
   <trkpt lat="42.81412" lon="2.7446400000000004">
    <ele>99.5</ele>
   </trkpt>
   <trkpt lat="42.81466" lon="2.74378">
    <ele>98.93</ele>
   </trkpt>
   <trkpt lat="42.81488" lon="2.74339">
    <ele>99.54</ele>
   </trkpt>
   <trkpt lat="42.81514000000001" lon="2.7423300000000004">
    <ele>99.84</ele>
   </trkpt>
   <trkpt lat="42.81517" lon="2.74215">
    <ele>99.84</ele>
   </trkpt>
   <trkpt lat="42.815200000000004" lon="2.7417100000000003">
    <ele>98.5</ele>
   </trkpt>
   <trkpt lat="42.815160000000006" lon="2.74092">
    <ele>98.57000000000001</ele>
   </trkpt>
   <trkpt lat="42.81497" lon="2.7397400000000003">
    <ele>101.14</ele>
   </trkpt>
   <trkpt lat="42.81481" lon="2.7393400000000003">
    <ele>102.45000000000002</ele>
   </trkpt>
   <trkpt lat="42.81441" lon="2.7385900000000003">
    <ele>106.67000000000002</ele>
   </trkpt>
   <trkpt lat="42.81427" lon="2.7382700000000004">
    <ele>107.48</ele>
   </trkpt>
   <trkpt lat="42.81421" lon="2.7378600000000004">
    <ele>108.28000000000002</ele>
   </trkpt>
   <trkpt lat="42.814280000000004" lon="2.7369800000000004">
    <ele>109.16000000000001</ele>
   </trkpt>
   <trkpt lat="42.81441" lon="2.7365500000000003">
    <ele>109.69000000000001</ele>
   </trkpt>
   <trkpt lat="42.81465" lon="2.73579">
    <ele>109.97000000000001</ele>
   </trkpt>
   <trkpt lat="42.814710000000005" lon="2.7354800000000004">
    <ele>110.21</ele>
   </trkpt>
   <trkpt lat="42.814710000000005" lon="2.7352800000000004">
    <ele>110.80000000000001</ele>
   </trkpt>
   <trkpt lat="42.81447" lon="2.73463">
    <ele>111.21000000000001</ele>
   </trkpt>
   <trkpt lat="42.81441" lon="2.7343400000000004">
    <ele>111.56</ele>
   </trkpt>
   <trkpt lat="42.81426000375511" lon="2.733409997696248">
    <ele>113.86</ele>
   </trkpt>
   <trkpt lat="42.81411000000001" lon="2.7324800000000002">
    <ele>114.96000000000001</ele>
   </trkpt>
   <trkpt lat="42.81407" lon="2.73233">
    <ele>115.06</ele>
   </trkpt>
   <trkpt lat="42.81394" lon="2.7320100000000003">
    <ele>115.21000000000001</ele>
   </trkpt>
   <trkpt lat="42.81342" lon="2.73144">
    <ele>117.91000000000001</ele>
   </trkpt>
   <trkpt lat="42.81313" lon="2.7309900000000003">
    <ele>119.82000000000001</ele>
   </trkpt>
   <trkpt lat="42.81275" lon="2.73029">
    <ele>124.92000000000002</ele>
   </trkpt>
   <trkpt lat="42.812470000000005" lon="2.72949">
    <ele>129.61</ele>
   </trkpt>
   <trkpt lat="42.81215" lon="2.7287700000000004">
    <ele>132.38</ele>
   </trkpt>
   <trkpt lat="42.812070000000006" lon="2.7284">
    <ele>133.41</ele>
   </trkpt>
   <trkpt lat="42.811960000000006" lon="2.7274800000000003">
    <ele>135.25</ele>
   </trkpt>
   <trkpt lat="42.81186" lon="2.7271">
    <ele>135.75</ele>
   </trkpt>
   <trkpt lat="42.81167000000001" lon="2.7265900000000003">
    <ele>136.27</ele>
   </trkpt>
   <trkpt lat="42.811510000000006" lon="2.7262600000000003">
    <ele>136.03</ele>
   </trkpt>
   <trkpt lat="42.81099001676079" lon="2.7254585309931567">
    <ele>132.55</ele>
   </trkpt>
   <trkpt lat="42.81047002793244" lon="2.724657075462437">
    <ele>129.25</ele>
   </trkpt>
   <trkpt lat="42.80995003351517" lon="2.723855633407512">
    <ele>126.83</ele>
   </trkpt>
   <trkpt lat="42.80943003350914" lon="2.723054204828057">
    <ele>125.66000000000003</ele>
   </trkpt>
   <trkpt lat="42.808910027914564" lon="2.722252789723743">
    <ele>124.37</ele>
   </trkpt>
   <trkpt lat="42.80839001673164" lon="2.7214513880942435">
    <ele>121.89000000000001</ele>
   </trkpt>
   <trkpt lat="42.80787" lon="2.72065">
    <ele>119.47</ele>
   </trkpt>
   <trkpt lat="42.80774" lon="2.72033">
    <ele>118.5</ele>
   </trkpt>
   <trkpt lat="42.807610000000004" lon="2.7197400000000003">
    <ele>115.88000000000001</ele>
   </trkpt>
   <trkpt lat="42.80753000000001" lon="2.71919">
    <ele>113.79000000000002</ele>
   </trkpt>
   <trkpt lat="42.80753000000001" lon="2.71877">
    <ele>112.75</ele>
   </trkpt>
   <trkpt lat="42.807550000000006" lon="2.71844">
    <ele>111.50000000000001</ele>
   </trkpt>
   <trkpt lat="42.807500000000005" lon="2.7181200000000003">
    <ele>110.55000000000001</ele>
   </trkpt>
   <trkpt lat="42.807300000000005" lon="2.7175800000000003">
    <ele>107.24</ele>
   </trkpt>
   <trkpt lat="42.807120000000005" lon="2.7174300000000002">
    <ele>105.67000000000002</ele>
   </trkpt>
   <trkpt lat="42.80679000000001" lon="2.71733">
    <ele>103.21000000000001</ele>
   </trkpt>
   <trkpt lat="42.806560000000005" lon="2.71715">
    <ele>101.97</ele>
   </trkpt>
   <trkpt lat="42.806290000000004" lon="2.7167700000000004">
    <ele>101.16000000000001</ele>
   </trkpt>
   <trkpt lat="42.80604" lon="2.7165000000000004">
    <ele>101.25</ele>
   </trkpt>
   <trkpt lat="42.80576000000001" lon="2.71641">
    <ele>101.65</ele>
   </trkpt>
   <trkpt lat="42.80539" lon="2.71639">
    <ele>102.21000000000001</ele>
   </trkpt>
   <trkpt lat="42.805060000000005" lon="2.7162900000000003">
    <ele>102.94</ele>
   </trkpt>
   <trkpt lat="42.804660000000005" lon="2.71604">
    <ele>103.88000000000001</ele>
   </trkpt>
   <trkpt lat="42.80422000041046" lon="2.715709997605454">
    <ele>103.95000000000002</ele>
   </trkpt>
   <trkpt lat="42.80378" lon="2.71538">
    <ele>104.63000000000001</ele>
   </trkpt>
   <trkpt lat="42.803540000000005" lon="2.7151300000000003">
    <ele>105.69</ele>
   </trkpt>
   <trkpt lat="42.803165001554376" lon="2.7145499966249367">
    <ele>106.42000000000002</ele>
   </trkpt>
   <trkpt lat="42.80279" lon="2.71397">
    <ele>106.24000000000001</ele>
   </trkpt>
   <trkpt lat="42.80234500265823" lon="2.713194994504438">
    <ele>105.47000000000001</ele>
   </trkpt>
   <trkpt lat="42.8019" lon="2.7124200000000003">
    <ele>104.09</ele>
   </trkpt>
   <trkpt lat="42.80154" lon="2.7119000000000004">
    <ele>103.37</ele>
   </trkpt>
   <trkpt lat="42.80098" lon="2.7113300000000002">
    <ele>102.17</ele>
   </trkpt>
   <trkpt lat="42.80064" lon="2.7108700000000003">
    <ele>102.8</ele>
   </trkpt>
   <trkpt lat="42.8002900025499" lon="2.7101049956811063">
    <ele>103.53000000000002</ele>
   </trkpt>
   <trkpt lat="42.79994000000001" lon="2.70934">
    <ele>104.10000000000001</ele>
   </trkpt>
   <trkpt lat="42.799526684543714" lon="2.708433303040558">
    <ele>104.37</ele>
   </trkpt>
   <trkpt lat="42.79911336193451" lon="2.7075266181943634">
    <ele>104.59</ele>
   </trkpt>
   <trkpt lat="42.79870003217257" lon="2.7066199454612883">
    <ele>105.62</ele>
   </trkpt>
   <trkpt lat="42.798286695258106" lon="2.7057132848412055">
    <ele>106.47000000000001</ele>
   </trkpt>
   <trkpt lat="42.79787335119133" lon="2.7048066363339873">
    <ele>107.27</ele>
   </trkpt>
   <trkpt lat="42.79746" lon="2.7039000000000004">
    <ele>109.57000000000001</ele>
   </trkpt>
   <trkpt lat="42.797250000000005" lon="2.70357">
    <ele>111.11000000000001</ele>
   </trkpt>
   <trkpt lat="42.796840000667736" lon="2.703144997061718">
    <ele>114.95</ele>
   </trkpt>
   <trkpt lat="42.79643" lon="2.7027200000000002">
    <ele>117.88000000000001</ele>
   </trkpt>
   <trkpt lat="42.795730000000006" lon="2.7020600000000004">
    <ele>119.72</ele>
   </trkpt>
   <trkpt lat="42.7953100008685" lon="2.701604996877145">
    <ele>118.21000000000001</ele>
   </trkpt>
   <trkpt lat="42.79489" lon="2.70115">
    <ele>117.44</ele>
   </trkpt>
   <trkpt lat="42.794560000000004" lon="2.70075">
    <ele>116.55000000000001</ele>
   </trkpt>
   <trkpt lat="42.79435" lon="2.70054">
    <ele>116.45</ele>
   </trkpt>
   <trkpt lat="42.79386" lon="2.70018">
    <ele>115.81</ele>
   </trkpt>
   <trkpt lat="42.79336000000001" lon="2.69986">
    <ele>115.76000000000002</ele>
   </trkpt>
   <trkpt lat="42.79299" lon="2.69958">
    <ele>116.15</ele>
   </trkpt>
   <trkpt lat="42.79271000000001" lon="2.6992800000000003">
    <ele>116.33</ele>
   </trkpt>
   <trkpt lat="42.79247" lon="2.6990700000000003">
    <ele>117.34000000000002</ele>
   </trkpt>
   <trkpt lat="42.7922" lon="2.6989">
    <ele>118.17</ele>
   </trkpt>
   <trkpt lat="42.791970000000006" lon="2.6987900000000002">
    <ele>118.59000000000002</ele>
   </trkpt>
   <trkpt lat="42.79173" lon="2.69862">
    <ele>120.56000000000002</ele>
   </trkpt>
   <trkpt lat="42.791540000000005" lon="2.6983400000000004">
    <ele>121.76</ele>
   </trkpt>
   <trkpt lat="42.791470000000004" lon="2.69815">
    <ele>122.63000000000001</ele>
   </trkpt>
   <trkpt lat="42.79142" lon="2.6979">
    <ele>123.05</ele>
   </trkpt>
   <trkpt lat="42.791335001673474" lon="2.6972799991572747">
    <ele>124.93</ele>
   </trkpt>
   <trkpt lat="42.791250000000005" lon="2.69666">
    <ele>125.68</ele>
   </trkpt>
   <trkpt lat="42.79111" lon="2.69546">
    <ele>124.61000000000001</ele>
   </trkpt>
   <trkpt lat="42.791050000000006" lon="2.6951300000000002">
    <ele>124.13</ele>
   </trkpt>
   <trkpt lat="42.790780000000005" lon="2.6943">
    <ele>124.4</ele>
   </trkpt>
   <trkpt lat="42.79052" lon="2.6936000000000004">
    <ele>125.98</ele>
   </trkpt>
   <trkpt lat="42.79023" lon="2.69301">
    <ele>128.5</ele>
   </trkpt>
   <trkpt lat="42.79017" lon="2.6928500000000004">
    <ele>130.19</ele>
   </trkpt>
   <trkpt lat="42.79003" lon="2.6922200000000003">
    <ele>132.26000000000002</ele>
   </trkpt>
   <trkpt lat="42.7899" lon="2.6919500000000003">
    <ele>132.49</ele>
   </trkpt>
   <trkpt lat="42.789730000000006" lon="2.6917500000000003">
    <ele>132.11</ele>
   </trkpt>
   <trkpt lat="42.78956" lon="2.6916">
    <ele>131.28</ele>
   </trkpt>
   <trkpt lat="42.78938" lon="2.6913400000000003">
    <ele>130.15</ele>
   </trkpt>
   <trkpt lat="42.789280000000005" lon="2.6910700000000003">
    <ele>128.64000000000001</ele>
   </trkpt>
   <trkpt lat="42.78907500480621" lon="2.690019996573496">
    <ele>123.35000000000001</ele>
   </trkpt>
   <trkpt lat="42.78887" lon="2.6889700000000003">
    <ele>118.74000000000001</ele>
   </trkpt>
   <trkpt lat="42.78868000000001" lon="2.68832">
    <ele>114.67</ele>
   </trkpt>
   <trkpt lat="42.78846500146864" lon="2.6877249977354807">
    <ele>112.93</ele>
   </trkpt>
   <trkpt lat="42.788250000000005" lon="2.6871300000000002">
    <ele>110.63000000000001</ele>
   </trkpt>
   <trkpt lat="42.78802333907404" lon="2.686319994182928">
    <ele>107.05</ele>
   </trkpt>
   <trkpt lat="42.78779667243955" lon="2.6855099942979717">
    <ele>103.15</ele>
   </trkpt>
   <trkpt lat="42.78757" lon="2.6847000000000003">
    <ele>99.83</ele>
   </trkpt>
   <trkpt lat="42.78743" lon="2.68441">
    <ele>98.33000000000001</ele>
   </trkpt>
   <trkpt lat="42.7873" lon="2.68428">
    <ele>97.4</ele>
   </trkpt>
   <trkpt lat="42.78671000000001" lon="2.68399">
    <ele>95.25</ele>
   </trkpt>
   <trkpt lat="42.786590000000004" lon="2.68385">
    <ele>95.25</ele>
   </trkpt>
   <trkpt lat="42.78632" lon="2.68337">
    <ele>94.03</ele>
   </trkpt>
   <trkpt lat="42.78618" lon="2.6832200000000004">
    <ele>92.73</ele>
   </trkpt>
   <trkpt lat="42.78611" lon="2.68318">
    <ele>92.73</ele>
   </trkpt>
   <trkpt lat="42.786030000000004" lon="2.68318">
    <ele>91.67</ele>
   </trkpt>
   <trkpt lat="42.785970000000006" lon="2.6832000000000003">
    <ele>91.67</ele>
   </trkpt>
   <trkpt lat="42.785900000000005" lon="2.68325">
    <ele>91.67</ele>
   </trkpt>
   <trkpt lat="42.78566" lon="2.68353">
    <ele>90.47000000000001</ele>
   </trkpt>
   <trkpt lat="42.7856" lon="2.68358">
    <ele>90.3</ele>
   </trkpt>
   <trkpt lat="42.78555" lon="2.68359">
    <ele>90.3</ele>
   </trkpt>
   <trkpt lat="42.785470000000004" lon="2.68358">
    <ele>90.31</ele>
   </trkpt>
   <trkpt lat="42.785410000000006" lon="2.6835600000000004">
    <ele>90.31</ele>
   </trkpt>
   <trkpt lat="42.78533" lon="2.6836">
    <ele>89.00000000000001</ele>
   </trkpt>
   <trkpt lat="42.785120000000006" lon="2.6838800000000003">
    <ele>87.54</ele>
   </trkpt>
   <trkpt lat="42.78483000000001" lon="2.68448">
    <ele>85.88000000000001</ele>
   </trkpt>
   <trkpt lat="42.784760000000006" lon="2.6845000000000003">
    <ele>85.87</ele>
   </trkpt>
   <trkpt lat="42.784710000000004" lon="2.68448">
    <ele>85.79</ele>
   </trkpt>
   <trkpt lat="42.78466" lon="2.68441">
    <ele>85.79</ele>
   </trkpt>
   <trkpt lat="42.784580000000005" lon="2.6844300000000003">
    <ele>85.84000000000002</ele>
   </trkpt>
   <trkpt lat="42.784530000000004" lon="2.68452">
    <ele>85.84000000000002</ele>
   </trkpt>
   <trkpt lat="42.78430000123573" lon="2.6850650021584794">
    <ele>84.56</ele>
   </trkpt>
   <trkpt lat="42.78407000000001" lon="2.68561">
    <ele>83.56</ele>
   </trkpt>
   <trkpt lat="42.7839" lon="2.6859100000000002">
    <ele>83.15</ele>
   </trkpt>
   <trkpt lat="42.783530000874414" lon="2.686325002339814">
    <ele>82.54</ele>
   </trkpt>
   <trkpt lat="42.78316" lon="2.6867400000000004">
    <ele>82.37</ele>
   </trkpt>
   <trkpt lat="42.78287" lon="2.68711">
    <ele>82.15</ele>
   </trkpt>
   <trkpt lat="42.782590000000006" lon="2.6875600000000004">
    <ele>82.23</ele>
   </trkpt>
   <trkpt lat="42.78235" lon="2.6880800000000002">
    <ele>82.39</ele>
   </trkpt>
   <trkpt lat="42.78204" lon="2.68887">
    <ele>82.80000000000001</ele>
   </trkpt>
   <trkpt lat="42.78175" lon="2.68933">
    <ele>82.64</ele>
   </trkpt>
   <trkpt lat="42.781620000000004" lon="2.6895100000000003">
    <ele>82.64</ele>
   </trkpt>
   <trkpt lat="42.78137" lon="2.6897800000000003">
    <ele>82.23</ele>
   </trkpt>
   <trkpt lat="42.78089000000001" lon="2.6900600000000003">
    <ele>81.87</ele>
   </trkpt>
   <trkpt lat="42.78052" lon="2.6903200000000003">
    <ele>81.7</ele>
   </trkpt>
   <trkpt lat="42.780260000000006" lon="2.69058">
    <ele>81.7</ele>
   </trkpt>
   <trkpt lat="42.780010000000004" lon="2.69098">
    <ele>81.60000000000001</ele>
   </trkpt>
   <trkpt lat="42.77975000000001" lon="2.6914700000000003">
    <ele>81.61</ele>
   </trkpt>
   <trkpt lat="42.779610000000005" lon="2.69187">
    <ele>81.57000000000001</ele>
   </trkpt>
   <trkpt lat="42.779310005473825" lon="2.692990005363405">
    <ele>81.43</ele>
   </trkpt>
   <trkpt lat="42.77901000000001" lon="2.6941100000000002">
    <ele>81.29</ele>
   </trkpt>
   <trkpt lat="42.77888" lon="2.69438">
    <ele>81.29</ele>
   </trkpt>
   <trkpt lat="42.77839" lon="2.6949500000000004">
    <ele>81.21000000000001</ele>
   </trkpt>
   <trkpt lat="42.77823" lon="2.69516">
    <ele>81.25</ele>
   </trkpt>
   <trkpt lat="42.778090000000006" lon="2.6954200000000004">
    <ele>81.25</ele>
   </trkpt>
   <trkpt lat="42.777750000000005" lon="2.6964900000000003">
    <ele>81.22</ele>
   </trkpt>
   <trkpt lat="42.777660000000004" lon="2.6966500000000004">
    <ele>81.19000000000001</ele>
   </trkpt>
   <trkpt lat="42.77761" lon="2.6967000000000003">
    <ele>81.19000000000001</ele>
   </trkpt>
   <trkpt lat="42.77745" lon="2.69672">
    <ele>81.21000000000001</ele>
   </trkpt>
   <trkpt lat="42.77741" lon="2.69668">
    <ele>81.2</ele>
   </trkpt>
   <trkpt lat="42.777350000000006" lon="2.6966900000000003">
    <ele>81.2</ele>
   </trkpt>
   <trkpt lat="42.777330000000006" lon="2.69672">
    <ele>81.17</ele>
   </trkpt>
   <trkpt lat="42.77723" lon="2.6967000000000003">
    <ele>81.17</ele>
   </trkpt>
   <trkpt lat="42.77652500087459" lon="2.696234994662519">
    <ele>80.67</ele>
   </trkpt>
   <trkpt lat="42.77582" lon="2.69577">
    <ele>79.94000000000001</ele>
   </trkpt>
   <trkpt lat="42.775470000000006" lon="2.6956100000000003">
    <ele>78.98</ele>
   </trkpt>
   <trkpt lat="42.775110000000005" lon="2.69553">
    <ele>78.52000000000001</ele>
   </trkpt>
   <trkpt lat="42.77487" lon="2.69552">
    <ele>78.37</ele>
   </trkpt>
   <trkpt lat="42.774420000000006" lon="2.69566">
    <ele>78.17</ele>
   </trkpt>
   <trkpt lat="42.77398" lon="2.6959600000000004">
    <ele>78.11000000000001</ele>
   </trkpt>
   <trkpt lat="42.77384000000001" lon="2.6960900000000003">
    <ele>78.11000000000001</ele>
   </trkpt>
   <trkpt lat="42.773430000000005" lon="2.69668">
    <ele>78.01</ele>
   </trkpt>
   <trkpt lat="42.773160000000004" lon="2.69729">
    <ele>77.81</ele>
   </trkpt>
   <trkpt lat="42.77286" lon="2.6979100000000003">
    <ele>77.82</ele>
   </trkpt>
   <trkpt lat="42.77277" lon="2.6981100000000002">
    <ele>77.78</ele>
   </trkpt>
   <trkpt lat="42.77237" lon="2.69783">
    <ele>78.04</ele>
   </trkpt>
   <trkpt lat="42.771820000000005" lon="2.6975800000000003">
    <ele>78.95</ele>
   </trkpt>
   <trkpt lat="42.77160000000001" lon="2.6973900000000004">
    <ele>79.08000000000001</ele>
   </trkpt>
   <trkpt lat="42.77101000465731" lon="2.6966599861181924">
    <ele>79.47000000000001</ele>
   </trkpt>
   <trkpt lat="42.77042000467818" lon="2.6959299861442214">
    <ele>79.81</ele>
   </trkpt>
   <trkpt lat="42.769830000000006" lon="2.6952000000000003">
    <ele>80.59</ele>
   </trkpt>
   <trkpt lat="42.76917500276875" lon="2.6944199918972283">
    <ele>81.82000000000001</ele>
   </trkpt>
   <trkpt lat="42.76852" lon="2.6936400000000003">
    <ele>83.80000000000001</ele>
   </trkpt>
   <trkpt lat="42.76854" lon="2.69361">
    <ele>83.92</ele>
   </trkpt>
   <trkpt lat="42.768550000000005" lon="2.6935100000000003">
    <ele>83.92</ele>
   </trkpt>
   <trkpt lat="42.768530000000005" lon="2.69343">
    <ele>83.92</ele>
   </trkpt>
   <trkpt lat="42.7685" lon="2.6934">
    <ele>84.12</ele>
   </trkpt>
   <trkpt lat="42.76843" lon="2.6933800000000003">
    <ele>84.12</ele>
   </trkpt>
   <trkpt lat="42.76836" lon="2.69343">
    <ele>84.16000000000001</ele>
   </trkpt>
   <trkpt lat="42.767720000000004" lon="2.6926200000000002">
    <ele>86.55</ele>
   </trkpt>
   <trkpt lat="42.767300000000006" lon="2.6920400000000004">
    <ele>87.43</ele>
   </trkpt>
   <trkpt lat="42.76682500271366" lon="2.691254994035218">
    <ele>87.77</ele>
   </trkpt>
   <trkpt lat="42.76635" lon="2.6904700000000004">
    <ele>87.84</ele>
   </trkpt>
   <trkpt lat="42.765790003247695" lon="2.6896099922723797">
    <ele>87.83</ele>
   </trkpt>
   <trkpt lat="42.76523" lon="2.68875">
    <ele>88.91</ele>
   </trkpt>
   <trkpt lat="42.764770004856615" lon="2.688003322254946">
    <ele>90.03000000000002</ele>
   </trkpt>
   <trkpt lat="42.76431000486276" lon="2.6872566555983965">
    <ele>93.04</ele>
   </trkpt>
   <trkpt lat="42.763850000000005" lon="2.68651">
    <ele>95.10000000000001</ele>
   </trkpt>
   <trkpt lat="42.76339" lon="2.6858000000000004">
    <ele>97.82000000000001</ele>
   </trkpt>
   <trkpt lat="42.76308" lon="2.68541">
    <ele>99.59</ele>
   </trkpt>
   <trkpt lat="42.76255000161052" lon="2.6849799926446045">
    <ele>101.53</ele>
   </trkpt>
   <trkpt lat="42.7620200016124" lon="2.6845499926462137">
    <ele>100.33</ele>
   </trkpt>
   <trkpt lat="42.76149" lon="2.68412">
    <ele>97.82000000000001</ele>
   </trkpt>
   <trkpt lat="42.761230000000005" lon="2.68387">
    <ele>97.10000000000001</ele>
   </trkpt>
   <trkpt lat="42.76098" lon="2.6836">
    <ele>96.52000000000001</ele>
   </trkpt>
   <trkpt lat="42.760580000000004" lon="2.68311">
    <ele>96.36</ele>
   </trkpt>
   <trkpt lat="42.75998667206079" lon="2.6823233182806376">
    <ele>96.17</ele>
   </trkpt>
   <trkpt lat="42.7593933387375" lon="2.681536651627566">
    <ele>96.71000000000001</ele>
   </trkpt>
   <trkpt lat="42.7588" lon="2.68075">
    <ele>97.25</ele>
   </trkpt>
   <trkpt lat="42.75820502315715" lon="2.679980933551085">
    <ele>99.14</ele>
   </trkpt>
   <trkpt lat="42.75761004116871" lon="2.679211881871107">
    <ele>100.42</ele>
   </trkpt>
   <trkpt lat="42.75701505403487" lon="2.6784428449596023">
    <ele>98.76000000000002</ele>
   </trkpt>
   <trkpt lat="42.75642006175586" lon="2.6776738228161068">
    <ele>98.53</ele>
   </trkpt>
   <trkpt lat="42.75582506433186" lon="2.676904815440159">
    <ele>98.59</ele>
   </trkpt>
   <trkpt lat="42.755230061763086" lon="2.6761358228312933">
    <ele>100.95</ele>
   </trkpt>
   <trkpt lat="42.75463505404975" lon="2.6753668449890466">
    <ele>102.81000000000002</ele>
   </trkpt>
   <trkpt lat="42.75404004119206" lon="2.674597881912956">
    <ele>104.79</ele>
   </trkpt>
   <trkpt lat="42.75344502319021" lon="2.6738289336025574">
    <ele>106.91</ele>
   </trkpt>
   <trkpt lat="42.75285" lon="2.6730600000000004">
    <ele>108.35000000000001</ele>
   </trkpt>
   <trkpt lat="42.75230000687623" lon="2.672334980721034">
    <ele>109.09</ele>
   </trkpt>
   <trkpt lat="42.751750009179474" lon="2.6716099743098165">
    <ele>109.00000000000001</ele>
   </trkpt>
   <trkpt lat="42.75120000690988" lon="2.6708849807659787">
    <ele>110.2</ele>
   </trkpt>
   <trkpt lat="42.75065" lon="2.67016">
    <ele>112.36000000000001</ele>
   </trkpt>
   <trkpt lat="42.75032" lon="2.66981">
    <ele>113.65</ele>
   </trkpt>
   <trkpt lat="42.74969000158591" lon="2.6691999937682596">
    <ele>115.39</ele>
   </trkpt>
   <trkpt lat="42.74906" lon="2.66859">
    <ele>117.99000000000001</ele>
   </trkpt>
   <trkpt lat="42.74886" lon="2.6684300000000003">
    <ele>118.37</ele>
   </trkpt>
   <trkpt lat="42.748720000000006" lon="2.66835">
    <ele>119.09000000000002</ele>
   </trkpt>
   <trkpt lat="42.748580000000004" lon="2.66832">
    <ele>119.35000000000001</ele>
   </trkpt>
   <trkpt lat="42.74842" lon="2.66833">
    <ele>119.35000000000001</ele>
   </trkpt>
   <trkpt lat="42.74828" lon="2.6683800000000004">
    <ele>120.04</ele>
   </trkpt>
   <trkpt lat="42.74814000000001" lon="2.6685100000000004">
    <ele>120.53000000000002</ele>
   </trkpt>
   <trkpt lat="42.748070000000006" lon="2.66866">
    <ele>120.99000000000001</ele>
   </trkpt>
   <trkpt lat="42.74803" lon="2.66886">
    <ele>121.50000000000001</ele>
   </trkpt>
   <trkpt lat="42.74806" lon="2.6694500000000003">
    <ele>122.88000000000001</ele>
   </trkpt>
   <trkpt lat="42.74804" lon="2.66968">
    <ele>123.19000000000001</ele>
   </trkpt>
   <trkpt lat="42.747960000000006" lon="2.6699200000000003">
    <ele>123.92000000000002</ele>
   </trkpt>
   <trkpt lat="42.74785000000001" lon="2.6701">
    <ele>124.53000000000002</ele>
   </trkpt>
   <trkpt lat="42.74772" lon="2.67022">
    <ele>125.60000000000001</ele>
   </trkpt>
   <trkpt lat="42.74752" lon="2.6702700000000004">
    <ele>125.60000000000001</ele>
   </trkpt>
   <trkpt lat="42.747330000000005" lon="2.6702000000000004">
    <ele>126.84</ele>
   </trkpt>
   <trkpt lat="42.747220000000006" lon="2.67008">
    <ele>127.96000000000002</ele>
   </trkpt>
   <trkpt lat="42.747110000000006" lon="2.6699100000000002">
    <ele>127.96000000000002</ele>
   </trkpt>
   <trkpt lat="42.747080000000004" lon="2.6696600000000004">
    <ele>129.57000000000002</ele>
   </trkpt>
   <trkpt lat="42.747110000000006" lon="2.66923">
    <ele>130.81</ele>
   </trkpt>
   <trkpt lat="42.74707" lon="2.66908">
    <ele>131.5</ele>
   </trkpt>
   <trkpt lat="42.746970000000005" lon="2.6689200000000004">
    <ele>131.89000000000001</ele>
   </trkpt>
   <trkpt lat="42.746880000000004" lon="2.66889">
    <ele>132.72</ele>
   </trkpt>
   <trkpt lat="42.746790000000004" lon="2.6689200000000004">
    <ele>132.72</ele>
   </trkpt>
   <trkpt lat="42.74663" lon="2.66902">
    <ele>133.09</ele>
   </trkpt>
   <trkpt lat="42.746340000000004" lon="2.6692400000000003">
    <ele>134.91</ele>
   </trkpt>
   <trkpt lat="42.746190000000006" lon="2.6693100000000003">
    <ele>134.91</ele>
   </trkpt>
   <trkpt lat="42.746" lon="2.66935">
    <ele>136.89000000000001</ele>
   </trkpt>
   <trkpt lat="42.74586" lon="2.66935">
    <ele>137.85</ele>
   </trkpt>
   <trkpt lat="42.74559" lon="2.66928">
    <ele>139.47</ele>
   </trkpt>
   <trkpt lat="42.745400000000004" lon="2.66914">
    <ele>139.47</ele>
   </trkpt>
   <trkpt lat="42.744770001590105" lon="2.6685399939256036">
    <ele>144.52</ele>
   </trkpt>
   <trkpt lat="42.74414" lon="2.66794">
    <ele>148.01</ele>
   </trkpt>
   <trkpt lat="42.743610000000004" lon="2.6674800000000003">
    <ele>149.88000000000002</ele>
   </trkpt>
   <trkpt lat="42.743430000000004" lon="2.66739">
    <ele>151.72000000000003</ele>
   </trkpt>
   <trkpt lat="42.743100000000005" lon="2.66726">
    <ele>152.78</ele>
   </trkpt>
   <trkpt lat="42.74275" lon="2.6672200000000004">
    <ele>153.95</ele>
   </trkpt>
   <trkpt lat="42.74242" lon="2.6672800000000003">
    <ele>156.73000000000002</ele>
   </trkpt>
   <trkpt lat="42.742270000000005" lon="2.6673400000000003">
    <ele>156.73000000000002</ele>
   </trkpt>
   <trkpt lat="42.742110000000004" lon="2.6674700000000002">
    <ele>157.9</ele>
   </trkpt>
   <trkpt lat="42.74184" lon="2.66778">
    <ele>160.07000000000002</ele>
   </trkpt>
   <trkpt lat="42.741690000000006" lon="2.6678800000000003">
    <ele>160.88000000000002</ele>
   </trkpt>
   <trkpt lat="42.741510000000005" lon="2.66794">
    <ele>160.88000000000002</ele>
   </trkpt>
   <trkpt lat="42.74139" lon="2.6679500000000003">
    <ele>160.88000000000002</ele>
   </trkpt>
   <trkpt lat="42.741220000000006" lon="2.66792">
    <ele>163.60000000000002</ele>
   </trkpt>
   <trkpt lat="42.74094" lon="2.6677400000000002">
    <ele>163.60000000000002</ele>
   </trkpt>
   <trkpt lat="42.740730000000006" lon="2.6676300000000004">
    <ele>165.32000000000002</ele>
   </trkpt>
   <trkpt lat="42.74062000000001" lon="2.6676100000000003">
    <ele>165.32000000000002</ele>
   </trkpt>
   <trkpt lat="42.740500000000004" lon="2.6676300000000004">
    <ele>165.84</ele>
   </trkpt>
   <trkpt lat="42.740390000000005" lon="2.6676800000000003">
    <ele>165.84</ele>
   </trkpt>
   <trkpt lat="42.740260000000006" lon="2.66778">
    <ele>167.09</ele>
   </trkpt>
   <trkpt lat="42.74" lon="2.6681000000000004">
    <ele>168.56</ele>
   </trkpt>
   <trkpt lat="42.73989" lon="2.6681500000000002">
    <ele>168.56</ele>
   </trkpt>
   <trkpt lat="42.739760000000004" lon="2.6681800000000004">
    <ele>169.25</ele>
   </trkpt>
   <trkpt lat="42.73966" lon="2.66813">
    <ele>169.25</ele>
   </trkpt>
   <trkpt lat="42.73955" lon="2.66793">
    <ele>170.01000000000002</ele>
   </trkpt>
   <trkpt lat="42.73950000000001" lon="2.6676300000000004">
    <ele>171.08</ele>
   </trkpt>
   <trkpt lat="42.73950000000001" lon="2.66699">
    <ele>173.76000000000002</ele>
   </trkpt>
   <trkpt lat="42.739470000000004" lon="2.6668800000000004">
    <ele>174.45000000000002</ele>
   </trkpt>
   <trkpt lat="42.739380000000004" lon="2.6667300000000003">
    <ele>175.47</ele>
   </trkpt>
   <trkpt lat="42.73924" lon="2.66663">
    <ele>175.47</ele>
   </trkpt>
   <trkpt lat="42.73912000000001" lon="2.66663">
    <ele>175.47</ele>
   </trkpt>
   <trkpt lat="42.73899" lon="2.6666600000000003">
    <ele>176.99</ele>
   </trkpt>
   <trkpt lat="42.73886" lon="2.66678">
    <ele>176.99</ele>
   </trkpt>
   <trkpt lat="42.738780000000006" lon="2.66697">
    <ele>178.76</ele>
   </trkpt>
   <trkpt lat="42.7387" lon="2.6672700000000003">
    <ele>178.76</ele>
   </trkpt>
   <trkpt lat="42.738620000000004" lon="2.66745">
    <ele>180.02</ele>
   </trkpt>
   <trkpt lat="42.73847000000001" lon="2.6675600000000004">
    <ele>181.02</ele>
   </trkpt>
   <trkpt lat="42.73834" lon="2.66758">
    <ele>181.02</ele>
   </trkpt>
   <trkpt lat="42.73818000000001" lon="2.6675600000000004">
    <ele>182.29</ele>
   </trkpt>
   <trkpt lat="42.737500000000004" lon="2.66731">
    <ele>185.50000000000003</ele>
   </trkpt>
   <trkpt lat="42.737350000000006" lon="2.6672800000000003">
    <ele>185.50000000000003</ele>
   </trkpt>
   <trkpt lat="42.73724000000001" lon="2.6673">
    <ele>187.54000000000002</ele>
   </trkpt>
   <trkpt lat="42.73713" lon="2.6673500000000003">
    <ele>187.54000000000002</ele>
   </trkpt>
   <trkpt lat="42.73702" lon="2.66745">
    <ele>187.96</ele>
   </trkpt>
   <trkpt lat="42.73684" lon="2.6677700000000004">
    <ele>189.07000000000002</ele>
   </trkpt>
   <trkpt lat="42.73675" lon="2.66786">
    <ele>190.09</ele>
   </trkpt>
   <trkpt lat="42.736630000000005" lon="2.66791">
    <ele>190.09</ele>
   </trkpt>
   <trkpt lat="42.736540000000005" lon="2.6679000000000004">
    <ele>191.15</ele>
   </trkpt>
   <trkpt lat="42.736450000000005" lon="2.66785">
    <ele>191.15</ele>
   </trkpt>
   <trkpt lat="42.736160000000005" lon="2.6675600000000004">
    <ele>193.47</ele>
   </trkpt>
   <trkpt lat="42.736000000000004" lon="2.66745">
    <ele>194.14000000000001</ele>
   </trkpt>
   <trkpt lat="42.73588" lon="2.6674">
    <ele>194.14000000000001</ele>
   </trkpt>
   <trkpt lat="42.735730000000004" lon="2.66737">
    <ele>195.58</ele>
   </trkpt>
   <trkpt lat="42.73548" lon="2.6674100000000003">
    <ele>195.58</ele>
   </trkpt>
   <trkpt lat="42.735010000539944" lon="2.6677350024074484">
    <ele>199.04000000000002</ele>
   </trkpt>
   <trkpt lat="42.73454" lon="2.66806">
    <ele>202.61</ele>
   </trkpt>
   <trkpt lat="42.73431" lon="2.6682400000000004">
    <ele>202.61</ele>
   </trkpt>
   <trkpt lat="42.734100000000005" lon="2.6685700000000003">
    <ele>203.98000000000002</ele>
   </trkpt>
   <trkpt lat="42.734030000000004" lon="2.6687700000000003">
    <ele>205.71</ele>
   </trkpt>
   <trkpt lat="42.73395" lon="2.6691900000000004">
    <ele>206.99</ele>
   </trkpt>
   <trkpt lat="42.73389" lon="2.66934">
    <ele>207.39000000000001</ele>
   </trkpt>
   <trkpt lat="42.7338" lon="2.6693900000000004">
    <ele>207.61</ele>
   </trkpt>
   <trkpt lat="42.73368000000001" lon="2.6694000000000004">
    <ele>208.59000000000003</ele>
   </trkpt>
   <trkpt lat="42.7334" lon="2.6693000000000002">
    <ele>209.53000000000003</ele>
   </trkpt>
   <trkpt lat="42.73328" lon="2.6693100000000003">
    <ele>211.27</ele>
   </trkpt>
   <trkpt lat="42.733180000000004" lon="2.6694000000000004">
    <ele>211.27</ele>
   </trkpt>
   <trkpt lat="42.733050000000006" lon="2.66962">
    <ele>212.61</ele>
   </trkpt>
   <trkpt lat="42.732745002389215" lon="2.6703700038296954">
    <ele>215.59</ele>
   </trkpt>
   <trkpt lat="42.732440000000004" lon="2.67112">
    <ele>218.86</ele>
   </trkpt>
   <trkpt lat="42.732310000000005" lon="2.67137">
    <ele>218.86</ele>
   </trkpt>
   <trkpt lat="42.731700000000004" lon="2.6720900000000003">
    <ele>223.20000000000002</ele>
   </trkpt>
   <trkpt lat="42.73158" lon="2.6721700000000004">
    <ele>223.20000000000002</ele>
   </trkpt>
   <trkpt lat="42.73147" lon="2.67218">
    <ele>225.22000000000003</ele>
   </trkpt>
   <trkpt lat="42.731390000000005" lon="2.6721500000000002">
    <ele>225.22000000000003</ele>
   </trkpt>
   <trkpt lat="42.731320000000004" lon="2.6720800000000002">
    <ele>225.22000000000003</ele>
   </trkpt>
   <trkpt lat="42.73129" lon="2.6719600000000003">
    <ele>226.18</ele>
   </trkpt>
   <trkpt lat="42.731280000000005" lon="2.67185">
    <ele>226.18</ele>
   </trkpt>
   <trkpt lat="42.731355001659544" lon="2.671235000625707">
    <ele>228.72</ele>
   </trkpt>
   <trkpt lat="42.73143" lon="2.6706200000000004">
    <ele>230.14000000000001</ele>
   </trkpt>
   <trkpt lat="42.73142" lon="2.67043">
    <ele>231.09</ele>
   </trkpt>
   <trkpt lat="42.73134" lon="2.6702500000000002">
    <ele>231.53</ele>
   </trkpt>
   <trkpt lat="42.731230000000004" lon="2.67016">
    <ele>232.15</ele>
   </trkpt>
   <trkpt lat="42.73111" lon="2.6701400000000004">
    <ele>233.35000000000002</ele>
   </trkpt>
   <trkpt lat="42.731010000000005" lon="2.67016">
    <ele>233.35000000000002</ele>
   </trkpt>
   <trkpt lat="42.730900000000005" lon="2.67029">
    <ele>233.85000000000002</ele>
   </trkpt>
   <trkpt lat="42.7306450015497" lon="2.670890002504853">
    <ele>235.69</ele>
   </trkpt>
   <trkpt lat="42.73039000000001" lon="2.6714900000000004">
    <ele>238.47</ele>
   </trkpt>
   <trkpt lat="42.730290000000004" lon="2.67165">
    <ele>238.90000000000003</ele>
   </trkpt>
   <trkpt lat="42.73019" lon="2.67171">
    <ele>240.01000000000002</ele>
   </trkpt>
   <trkpt lat="42.73006" lon="2.67171">
    <ele>240.01000000000002</ele>
   </trkpt>
   <trkpt lat="42.72997" lon="2.67166">
    <ele>241.00000000000003</ele>
   </trkpt>
   <trkpt lat="42.7299" lon="2.67153">
    <ele>241.00000000000003</ele>
   </trkpt>
   <trkpt lat="42.72988" lon="2.67132">
    <ele>242.1</ele>
   </trkpt>
   <trkpt lat="42.72993000269784" lon="2.670530000901542">
    <ele>246.1</ele>
   </trkpt>
   <trkpt lat="42.729980000000005" lon="2.66974">
    <ele>247.8</ele>
   </trkpt>
   <trkpt lat="42.72997" lon="2.66949">
    <ele>248.67000000000002</ele>
   </trkpt>
   <trkpt lat="42.72993" lon="2.66927">
    <ele>249.08</ele>
   </trkpt>
   <trkpt lat="42.72975" lon="2.66909">
    <ele>249.85000000000002</ele>
   </trkpt>
   <trkpt lat="42.729600000000005" lon="2.66908">
    <ele>250.65000000000003</ele>
   </trkpt>
   <trkpt lat="42.72948" lon="2.66913">
    <ele>251.02</ele>
   </trkpt>
   <trkpt lat="42.72900500093267" lon="2.6696300039917955">
    <ele>253.81000000000003</ele>
   </trkpt>
   <trkpt lat="42.728530000000006" lon="2.6701300000000003">
    <ele>256.21999999999997</ele>
   </trkpt>
   <trkpt lat="42.7284" lon="2.6702000000000004">
    <ele>256.21999999999997</ele>
   </trkpt>
   <trkpt lat="42.72823" lon="2.67016">
    <ele>257.87000000000006</ele>
   </trkpt>
   <trkpt lat="42.727990000000005" lon="2.6700000000000004">
    <ele>259.14000000000004</ele>
   </trkpt>
   <trkpt lat="42.72787" lon="2.66995">
    <ele>259.62</ele>
   </trkpt>
   <trkpt lat="42.727740000000004" lon="2.6699300000000004">
    <ele>261.16</ele>
   </trkpt>
   <trkpt lat="42.72749" lon="2.67004">
    <ele>262.16</ele>
   </trkpt>
   <trkpt lat="42.72737" lon="2.6700500000000003">
    <ele>262.16</ele>
   </trkpt>
   <trkpt lat="42.727270000000004" lon="2.6700100000000004">
    <ele>262.61</ele>
   </trkpt>
   <trkpt lat="42.727070000000005" lon="2.6698000000000004">
    <ele>263.55</ele>
   </trkpt>
   <trkpt lat="42.726800000000004" lon="2.6692500000000003">
    <ele>265.11</ele>
   </trkpt>
   <trkpt lat="42.72674000000001" lon="2.6691800000000003">
    <ele>265.11</ele>
   </trkpt>
   <trkpt lat="42.72666" lon="2.66913">
    <ele>265.05</ele>
   </trkpt>
   <trkpt lat="42.72639" lon="2.66914">
    <ele>264.70000000000005</ele>
   </trkpt>
   <trkpt lat="42.72626" lon="2.6691900000000004">
    <ele>264.37</ele>
   </trkpt>
   <trkpt lat="42.72608" lon="2.6693300000000004">
    <ele>263.84000000000003</ele>
   </trkpt>
   <trkpt lat="42.725910000000006" lon="2.6694600000000004">
    <ele>263.53999999999996</ele>
   </trkpt>
   <trkpt lat="42.72580000000001" lon="2.66948">
    <ele>263.31000000000006</ele>
   </trkpt>
   <trkpt lat="42.72543" lon="2.6694400000000003">
    <ele>262.34000000000003</ele>
   </trkpt>
   <trkpt lat="42.72518" lon="2.66949">
    <ele>261.09000000000003</ele>
   </trkpt>
   <trkpt lat="42.72468500024778" lon="2.669680001481185">
    <ele>258.25000000000006</ele>
   </trkpt>
   <trkpt lat="42.72419" lon="2.6698700000000004">
    <ele>255.87000000000003</ele>
   </trkpt>
   <trkpt lat="42.72401000000001" lon="2.6699900000000003">
    <ele>255.87000000000003</ele>
   </trkpt>
   <trkpt lat="42.72374000000001" lon="2.6702500000000002">
    <ele>253.78</ele>
   </trkpt>
   <trkpt lat="42.723580000000005" lon="2.67049">
    <ele>252.79000000000002</ele>
   </trkpt>
   <trkpt lat="42.723490000000005" lon="2.67071">
    <ele>252.09000000000003</ele>
   </trkpt>
   <trkpt lat="42.723440000000004" lon="2.6709500000000004">
    <ele>251.57000000000002</ele>
   </trkpt>
   <trkpt lat="42.72346" lon="2.6714100000000003">
    <ele>251.15000000000003</ele>
   </trkpt>
   <trkpt lat="42.72345000000001" lon="2.67157">
    <ele>251.17</ele>
   </trkpt>
   <trkpt lat="42.72337" lon="2.6717500000000003">
    <ele>250.9</ele>
   </trkpt>
   <trkpt lat="42.723290000000006" lon="2.6718200000000003">
    <ele>250.9</ele>
   </trkpt>
   <trkpt lat="42.723150000000004" lon="2.6718100000000002">
    <ele>250.12</ele>
   </trkpt>
   <trkpt lat="42.72301" lon="2.6717400000000002">
    <ele>249.88000000000002</ele>
   </trkpt>
   <trkpt lat="42.72242000000001" lon="2.67131">
    <ele>247.01</ele>
   </trkpt>
   <trkpt lat="42.722260000000006" lon="2.67112">
    <ele>246.44000000000003</ele>
   </trkpt>
   <trkpt lat="42.72198" lon="2.6705">
    <ele>243.90000000000003</ele>
   </trkpt>
   <trkpt lat="42.72184" lon="2.67031">
    <ele>243.27</ele>
   </trkpt>
   <trkpt lat="42.72169" lon="2.67018">
    <ele>241.66</ele>
   </trkpt>
   <trkpt lat="42.721520000000005" lon="2.67011">
    <ele>241.66</ele>
   </trkpt>
   <trkpt lat="42.72119" lon="2.6700500000000003">
    <ele>239.82000000000002</ele>
   </trkpt>
   <trkpt lat="42.721050000000005" lon="2.6700000000000004">
    <ele>239.44</ele>
   </trkpt>
   <trkpt lat="42.720780000000005" lon="2.66976">
    <ele>237.97</ele>
   </trkpt>
   <trkpt lat="42.72054000000001" lon="2.6696700000000004">
    <ele>237.97</ele>
   </trkpt>
   <trkpt lat="42.72012500019006" lon="2.6694149982374307">
    <ele>235.92000000000002</ele>
   </trkpt>
   <trkpt lat="42.719710000000006" lon="2.66916">
    <ele>234.95000000000002</ele>
   </trkpt>
   <trkpt lat="42.719590000000004" lon="2.669">
    <ele>234.05</ele>
   </trkpt>
   <trkpt lat="42.71945" lon="2.6687200000000004">
    <ele>233.47</ele>
   </trkpt>
   <trkpt lat="42.71934" lon="2.6686500000000004">
    <ele>233.47</ele>
   </trkpt>
   <trkpt lat="42.7192" lon="2.6686400000000003">
    <ele>232.78</ele>
   </trkpt>
   <trkpt lat="42.71893" lon="2.6687100000000004">
    <ele>232.23000000000002</ele>
   </trkpt>
   <trkpt lat="42.718590000000006" lon="2.6688400000000003">
    <ele>231.08</ele>
   </trkpt>
   <trkpt lat="42.71806" lon="2.6691700000000003">
    <ele>228.25</ele>
   </trkpt>
   <trkpt lat="42.71757000017768" lon="2.6692850008799023">
    <ele>224.96</ele>
   </trkpt>
   <trkpt lat="42.71708" lon="2.6694000000000004">
    <ele>222.42000000000002</ele>
   </trkpt>
   <trkpt lat="42.716910000000006" lon="2.66949">
    <ele>222.42000000000002</ele>
   </trkpt>
   <trkpt lat="42.716390000000004" lon="2.66983">
    <ele>219.29000000000002</ele>
   </trkpt>
   <trkpt lat="42.71587" lon="2.6700700000000004">
    <ele>216.29</ele>
   </trkpt>
   <trkpt lat="42.71575000000001" lon="2.6700700000000004">
    <ele>216.29</ele>
   </trkpt>
   <trkpt lat="42.715430000000005" lon="2.66997">
    <ele>215.12</ele>
   </trkpt>
   <trkpt lat="42.71531" lon="2.6699800000000002">
    <ele>215.12</ele>
   </trkpt>
   <trkpt lat="42.71510000000001" lon="2.67009">
    <ele>210.39000000000001</ele>
   </trkpt>
   <trkpt lat="42.71441" lon="2.6708000000000003">
    <ele>208.70000000000002</ele>
   </trkpt>
   <trkpt lat="42.714310000000005" lon="2.6709500000000004">
    <ele>208.70000000000002</ele>
   </trkpt>
   <trkpt lat="42.71426" lon="2.67106">
    <ele>206.37000000000003</ele>
   </trkpt>
   <trkpt lat="42.71417" lon="2.6714900000000004">
    <ele>205.06</ele>
   </trkpt>
   <trkpt lat="42.71414" lon="2.6717500000000003">
    <ele>204.59</ele>
   </trkpt>
   <trkpt lat="42.71416000000001" lon="2.67192">
    <ele>203.53</ele>
   </trkpt>
   <trkpt lat="42.71423" lon="2.6721500000000002">
    <ele>202.67000000000002</ele>
   </trkpt>
   <trkpt lat="42.71448" lon="2.6725700000000003">
    <ele>199.65</ele>
   </trkpt>
   <trkpt lat="42.71455" lon="2.67274">
    <ele>198.53</ele>
   </trkpt>
   <trkpt lat="42.71457" lon="2.67302">
    <ele>196.9</ele>
   </trkpt>
   <trkpt lat="42.714560000000006" lon="2.67322">
    <ele>196.34</ele>
   </trkpt>
   <trkpt lat="42.714470000000006" lon="2.67355">
    <ele>193.78</ele>
   </trkpt>
   <trkpt lat="42.714110000000005" lon="2.6746000000000003">
    <ele>189.29000000000002</ele>
   </trkpt>
   <trkpt lat="42.71407000000001" lon="2.6748100000000004">
    <ele>189.29000000000002</ele>
   </trkpt>
   <trkpt lat="42.71413000177835" lon="2.6754499993473817">
    <ele>186.98</ele>
   </trkpt>
   <trkpt lat="42.71419" lon="2.6760900000000003">
    <ele>184.10000000000002</ele>
   </trkpt>
   <trkpt lat="42.714240000000004" lon="2.67627">
    <ele>183.17000000000002</ele>
   </trkpt>
   <trkpt lat="42.71432" lon="2.6764300000000003">
    <ele>182.73</ele>
   </trkpt>
   <trkpt lat="42.714560000000006" lon="2.67675">
    <ele>181.16000000000003</ele>
   </trkpt>
   <trkpt lat="42.71464" lon="2.6769600000000002">
    <ele>179.95000000000002</ele>
   </trkpt>
   <trkpt lat="42.714690000000004" lon="2.6772">
    <ele>178.76</ele>
   </trkpt>
   <trkpt lat="42.71468" lon="2.67741">
    <ele>178.21</ele>
   </trkpt>
   <trkpt lat="42.71463000000001" lon="2.6775900000000004">
    <ele>177.85</ele>
   </trkpt>
   <trkpt lat="42.7143" lon="2.67815">
    <ele>176.82</ele>
   </trkpt>
   <trkpt lat="42.714150000000004" lon="2.67849">
    <ele>176.56000000000003</ele>
   </trkpt>
   <trkpt lat="42.71398000000001" lon="2.67919">
    <ele>176.03000000000003</ele>
   </trkpt>
   <trkpt lat="42.7139" lon="2.6797500000000003">
    <ele>175.02</ele>
   </trkpt>
   <trkpt lat="42.71392" lon="2.6801000000000004">
    <ele>174.15000000000003</ele>
   </trkpt>
   <trkpt lat="42.71397" lon="2.68027">
    <ele>173.24</ele>
   </trkpt>
   <trkpt lat="42.71406" lon="2.68045">
    <ele>172.72</ele>
   </trkpt>
   <trkpt lat="42.7143" lon="2.6807000000000003">
    <ele>170.61</ele>
   </trkpt>
   <trkpt lat="42.71441" lon="2.6808400000000003">
    <ele>170.04000000000002</ele>
   </trkpt>
   <trkpt lat="42.714490000000005" lon="2.68101">
    <ele>170.04000000000002</ele>
   </trkpt>
   <trkpt lat="42.71454000000001" lon="2.6811800000000003">
    <ele>169.74</ele>
   </trkpt>
   <trkpt lat="42.714560000000006" lon="2.6814">
    <ele>169.81</ele>
   </trkpt>
   <trkpt lat="42.71453" lon="2.6815700000000002">
    <ele>169.62</ele>
   </trkpt>
   <trkpt lat="42.71448" lon="2.6817900000000003">
    <ele>169.43000000000004</ele>
   </trkpt>
   <trkpt lat="42.714400000000005" lon="2.68196">
    <ele>169.17000000000002</ele>
   </trkpt>
   <trkpt lat="42.71428" lon="2.68211">
    <ele>168.55</ele>
   </trkpt>
   <trkpt lat="42.7141" lon="2.68222">
    <ele>168.20000000000002</ele>
   </trkpt>
   <trkpt lat="42.71376" lon="2.68229">
    <ele>167.8</ele>
   </trkpt>
   <trkpt lat="42.713480000000004" lon="2.68243">
    <ele>167.10000000000002</ele>
   </trkpt>
   <trkpt lat="42.71292000076604" lon="2.6828450037320346">
    <ele>166.32000000000002</ele>
   </trkpt>
   <trkpt lat="42.712360000000004" lon="2.68326">
    <ele>165.4</ele>
   </trkpt>
   <trkpt lat="42.712180000000004" lon="2.68339">
    <ele>165.4</ele>
   </trkpt>
   <trkpt lat="42.712" lon="2.68346">
    <ele>164.76000000000002</ele>
   </trkpt>
   <trkpt lat="42.711270000021294" lon="2.6835250007642446">
    <ele>163.89000000000001</ele>
   </trkpt>
   <trkpt lat="42.71054" lon="2.68359">
    <ele>163.52</ele>
   </trkpt>
   <trkpt lat="42.710190000000004" lon="2.6836300000000004">
    <ele>162.94</ele>
   </trkpt>
   <trkpt lat="42.7094300001825" lon="2.6837450013891693">
    <ele>159.89000000000001</ele>
   </trkpt>
   <trkpt lat="42.708670000000005" lon="2.68386">
    <ele>158.33</ele>
   </trkpt>
   <trkpt lat="42.70832" lon="2.6839600000000003">
    <ele>157.27</ele>
   </trkpt>
   <trkpt lat="42.708070000000006" lon="2.68412">
    <ele>157.27</ele>
   </trkpt>
   <trkpt lat="42.707480002923454" lon="2.6845975136571467">
    <ele>154.46</ele>
   </trkpt>
   <trkpt lat="42.70689000386346" lon="2.6850750182371645">
    <ele>152.12</ele>
   </trkpt>
   <trkpt lat="42.706300002820115" lon="2.6855525137403835">
    <ele>148.12</ele>
   </trkpt>
   <trkpt lat="42.70571" lon="2.68603">
    <ele>144.65</ele>
   </trkpt>
   <trkpt lat="42.705540000000006" lon="2.68615">
    <ele>142.70000000000002</ele>
   </trkpt>
   <trkpt lat="42.70497" lon="2.6864500000000002">
    <ele>140.43</ele>
   </trkpt>
   <trkpt lat="42.70436" lon="2.6868800000000004">
    <ele>135.34</ele>
   </trkpt>
   <trkpt lat="42.70418" lon="2.68698">
    <ele>134.24</ele>
   </trkpt>
   <trkpt lat="42.70375000000001" lon="2.68712">
    <ele>132.25</ele>
   </trkpt>
   <trkpt lat="42.703660000000006" lon="2.68717">
    <ele>132.25</ele>
   </trkpt>
   <trkpt lat="42.70347" lon="2.6873500000000003">
    <ele>130.84</ele>
   </trkpt>
   <trkpt lat="42.702980000000004" lon="2.68791">
    <ele>127.11</ele>
   </trkpt>
   <trkpt lat="42.70290000000001" lon="2.6880300000000004">
    <ele>125.01</ele>
   </trkpt>
   <trkpt lat="42.70281000000001" lon="2.68827">
    <ele>125.01</ele>
   </trkpt>
   <trkpt lat="42.702580000000005" lon="2.68914">
    <ele>118.97</ele>
   </trkpt>
   <trkpt lat="42.702490000000004" lon="2.68934">
    <ele>117.13000000000001</ele>
   </trkpt>
   <trkpt lat="42.70228" lon="2.6895800000000003">
    <ele>114.65000000000002</ele>
   </trkpt>
   <trkpt lat="42.70179" lon="2.6900000000000004">
    <ele>112.79</ele>
   </trkpt>
   <trkpt lat="42.701710000000006" lon="2.6901400000000004">
    <ele>111.80000000000001</ele>
   </trkpt>
   <trkpt lat="42.70165" lon="2.69038">
    <ele>111.03</ele>
   </trkpt>
   <trkpt lat="42.701620000000005" lon="2.6910800000000004">
    <ele>107.82000000000001</ele>
   </trkpt>
   <trkpt lat="42.701570000000004" lon="2.69173">
    <ele>105.51</ele>
   </trkpt>
   <trkpt lat="42.701370000000004" lon="2.6924900000000003">
    <ele>104.01</ele>
   </trkpt>
   <trkpt lat="42.701160002024714" lon="2.6931750023693386">
    <ele>102.63000000000001</ele>
   </trkpt>
   <trkpt lat="42.700950000000006" lon="2.6938600000000004">
    <ele>102.03</ele>
   </trkpt>
   <trkpt lat="42.70087" lon="2.69402">
    <ele>101.85000000000001</ele>
   </trkpt>
   <trkpt lat="42.700750000000006" lon="2.6941800000000002">
    <ele>101.85000000000001</ele>
   </trkpt>
   <trkpt lat="42.70062" lon="2.69429">
    <ele>101.83</ele>
   </trkpt>
   <trkpt lat="42.70047" lon="2.6943900000000003">
    <ele>101.87</ele>
   </trkpt>
   <trkpt lat="42.69990000000001" lon="2.69469">
    <ele>102.21000000000001</ele>
   </trkpt>
   <trkpt lat="42.699760000000005" lon="2.6948000000000003">
    <ele>102.20000000000002</ele>
   </trkpt>
   <trkpt lat="42.699690000000004" lon="2.69492">
    <ele>102.16000000000001</ele>
   </trkpt>
   <trkpt lat="42.69964" lon="2.6951400000000003">
    <ele>101.97</ele>
   </trkpt>
   <trkpt lat="42.699600000000004" lon="2.696">
    <ele>101.49000000000001</ele>
   </trkpt>
   <trkpt lat="42.699540000000006" lon="2.69672">
    <ele>101.17</ele>
   </trkpt>
   <trkpt lat="42.6995" lon="2.69688">
    <ele>100.87</ele>
   </trkpt>
   <trkpt lat="42.699450000000006" lon="2.6969600000000002">
    <ele>100.87</ele>
   </trkpt>
   <trkpt lat="42.699380000000005" lon="2.6969900000000004">
    <ele>100.61</ele>
   </trkpt>
   <trkpt lat="42.69933" lon="2.6970400000000003">
    <ele>100.61</ele>
   </trkpt>
   <trkpt lat="42.69861" lon="2.6971200000000004">
    <ele>100.4</ele>
   </trkpt>
   <trkpt lat="42.69778000006865" lon="2.6970449969921457">
    <ele>101.84000000000002</ele>
   </trkpt>
   <trkpt lat="42.696950000088336" lon="2.6969699959893156">
    <ele>102.72</ele>
   </trkpt>
   <trkpt lat="42.69612000005912" lon="2.6968949969913982">
    <ele>102.49000000000001</ele>
   </trkpt>
   <trkpt lat="42.69529" lon="2.69682">
    <ele>99.72</ele>
   </trkpt>
   <trkpt lat="42.6953" lon="2.6966900000000003">
    <ele>99.09</ele>
   </trkpt>
   <trkpt lat="42.695420000000006" lon="2.69626">
    <ele>97.60000000000001</ele>
   </trkpt>
   <trkpt lat="42.695600000000006" lon="2.69584">
    <ele>96.92</ele>
   </trkpt>
   <trkpt lat="42.69568" lon="2.6953400000000003">
    <ele>96.84</ele>
   </trkpt>
   <trkpt lat="42.69596000000001" lon="2.69424">
    <ele>97.57000000000001</ele>
   </trkpt>
   <trkpt lat="42.69617000249875" lon="2.693480002618442">
    <ele>97.69000000000001</ele>
   </trkpt>
   <trkpt lat="42.696380000000005" lon="2.69272">
    <ele>97.95</ele>
   </trkpt>
   <trkpt lat="42.696560000000005" lon="2.69226">
    <ele>98.03</ele>
   </trkpt>
   <trkpt lat="42.696630000000006" lon="2.69192">
    <ele>98.35000000000001</ele>
   </trkpt>
   <trkpt lat="42.69670000000001" lon="2.69172">
    <ele>98.35000000000001</ele>
   </trkpt>
   <trkpt lat="42.6968" lon="2.69151">
    <ele>98.42</ele>
   </trkpt>
   <trkpt lat="42.69705000269183" lon="2.690740002751412">
    <ele>98.48</ele>
   </trkpt>
   <trkpt lat="42.697300000000006" lon="2.68997">
    <ele>99.72</ele>
   </trkpt>
   <trkpt lat="42.697320000000005" lon="2.6898400000000002">
    <ele>99.73</ele>
   </trkpt>
   <trkpt lat="42.69729" lon="2.68961">
    <ele>99.59</ele>
   </trkpt>
   <trkpt lat="42.697250000000004" lon="2.68948">
    <ele>99.31</ele>
   </trkpt>
   <trkpt lat="42.697070000000004" lon="2.68908">
    <ele>99.23</ele>
   </trkpt>
   <trkpt lat="42.697030000000005" lon="2.68894">
    <ele>99.23</ele>
   </trkpt>
   <trkpt lat="42.697030000000005" lon="2.68881">
    <ele>99.06</ele>
   </trkpt>
   <trkpt lat="42.69709" lon="2.6887100000000004">
    <ele>98.93</ele>
   </trkpt>
   <trkpt lat="42.6972" lon="2.6886500000000004">
    <ele>98.9</ele>
   </trkpt>
   <trkpt lat="42.69769" lon="2.6885100000000004">
    <ele>100.30000000000001</ele>
   </trkpt>
   <trkpt lat="42.69776" lon="2.6884300000000003">
    <ele>100.45</ele>
   </trkpt>
   <trkpt lat="42.69791" lon="2.6877000000000004">
    <ele>100.86</ele>
   </trkpt>
   <trkpt lat="42.69794" lon="2.68726">
    <ele>100.98000000000002</ele>
   </trkpt>
   <trkpt lat="42.69801500159787" lon="2.6866550006829506">
    <ele>101.04</ele>
   </trkpt>
   <trkpt lat="42.69809" lon="2.6860500000000003">
    <ele>101.12</ele>
   </trkpt>
   <trkpt lat="42.69818500400185" lon="2.6850900015335566">
    <ele>100.63000000000001</ele>
   </trkpt>
   <trkpt lat="42.698280000000004" lon="2.68413">
    <ele>100.24000000000001</ele>
   </trkpt>
   <trkpt lat="42.69839" lon="2.68332">
    <ele>99.92</ele>
   </trkpt>
   <trkpt lat="42.698420000000006" lon="2.68283">
    <ele>99.80000000000001</ele>
   </trkpt>
   <trkpt lat="42.69836" lon="2.68228">
    <ele>99.85000000000001</ele>
   </trkpt>
   <trkpt lat="42.698370000000004" lon="2.6821200000000003">
    <ele>99.91000000000001</ele>
   </trkpt>
   <trkpt lat="42.698460000000004" lon="2.6816400000000002">
    <ele>100.39</ele>
   </trkpt>
   <trkpt lat="42.698620000000005" lon="2.6811900000000004">
    <ele>100.99000000000001</ele>
   </trkpt>
   <trkpt lat="42.69874500452987" lon="2.6801700020133596">
    <ele>101.70000000000002</ele>
   </trkpt>
   <trkpt lat="42.69887000000001" lon="2.6791500000000004">
    <ele>102.35000000000001</ele>
   </trkpt>
   <trkpt lat="42.69895" lon="2.6781300000000003">
    <ele>103.77000000000001</ele>
   </trkpt>
   <trkpt lat="42.698980000000006" lon="2.67736">
    <ele>104.0</ele>
   </trkpt>
   <trkpt lat="42.69896000000001" lon="2.67654">
    <ele>104.58</ele>
   </trkpt>
   <trkpt lat="42.69892" lon="2.67586">
    <ele>105.16</ele>
   </trkpt>
   <trkpt lat="42.698820000000005" lon="2.67469">
    <ele>106.05</ele>
   </trkpt>
   <trkpt lat="42.69877" lon="2.67465">
    <ele>106.05</ele>
   </trkpt>
   <trkpt lat="42.698510000000006" lon="2.67469">
    <ele>106.02</ele>
   </trkpt>
   <trkpt lat="42.69845" lon="2.67465">
    <ele>106.02</ele>
   </trkpt>
   <trkpt lat="42.69840000000001" lon="2.6745400000000004">
    <ele>106.06000000000002</ele>
   </trkpt>
   <trkpt lat="42.698350000000005" lon="2.6740700000000004">
    <ele>106.3</ele>
   </trkpt>
   <trkpt lat="42.69838" lon="2.6739800000000002">
    <ele>106.3</ele>
   </trkpt>
   <trkpt lat="42.69865" lon="2.67389">
    <ele>106.11000000000001</ele>
   </trkpt>
   <trkpt lat="42.698690000000006" lon="2.67383">
    <ele>106.11000000000001</ele>
   </trkpt>
   <trkpt lat="42.698690000000006" lon="2.6737200000000003">
    <ele>106.05</ele>
   </trkpt>
   <trkpt lat="42.698460000000004" lon="2.6725700000000003">
    <ele>106.19</ele>
   </trkpt>
   <trkpt lat="42.69829" lon="2.67187">
    <ele>106.3</ele>
   </trkpt>
   <trkpt lat="42.69807500182227" lon="2.6712249978053797">
    <ele>107.03000000000002</ele>
   </trkpt>
   <trkpt lat="42.697860000000006" lon="2.67058">
    <ele>107.48</ele>
   </trkpt>
   <trkpt lat="42.697500000000005" lon="2.66955">
    <ele>108.05000000000001</ele>
   </trkpt>
   <trkpt lat="42.69704" lon="2.6685600000000003">
    <ele>108.42</ele>
   </trkpt>
   <trkpt lat="42.69664333840442" lon="2.6677966569198936">
    <ele>109.04</ele>
   </trkpt>
   <trkpt lat="42.696246671740376" lon="2.6670333235917343">
    <ele>109.25000000000001</ele>
   </trkpt>
   <trkpt lat="42.69585" lon="2.6662700000000004">
    <ele>111.41000000000001</ele>
   </trkpt>
   <trkpt lat="42.695570000000004" lon="2.6659400000000004">
    <ele>110.95</ele>
   </trkpt>
   <trkpt lat="42.69541" lon="2.6657">
    <ele>110.93</ele>
   </trkpt>
   <trkpt lat="42.69541" lon="2.66534">
    <ele>110.45</ele>
   </trkpt>
   <trkpt lat="42.69536" lon="2.66521">
    <ele>110.32000000000001</ele>
   </trkpt>
   <trkpt lat="42.69494000309346" lon="2.6643549940426494">
    <ele>110.77000000000001</ele>
   </trkpt>
   <trkpt lat="42.694520000000004" lon="2.6635000000000004">
    <ele>111.43</ele>
   </trkpt>
   <trkpt lat="42.694320000000005" lon="2.6632900000000004">
    <ele>111.63000000000001</ele>
   </trkpt>
   <trkpt lat="42.694190000000006" lon="2.66311">
    <ele>111.63000000000001</ele>
   </trkpt>
   <trkpt lat="42.694" lon="2.6627400000000003">
    <ele>111.92</ele>
   </trkpt>
   <trkpt lat="42.69379000000001" lon="2.6622000000000003">
    <ele>111.79</ele>
   </trkpt>
   <trkpt lat="42.693740000000005" lon="2.6619800000000002">
    <ele>111.99000000000001</ele>
   </trkpt>
   <trkpt lat="42.693720000000006" lon="2.6614500000000003">
    <ele>112.33000000000001</ele>
   </trkpt>
   <trkpt lat="42.69346" lon="2.66054">
    <ele>112.92</ele>
   </trkpt>
   <trkpt lat="42.693270000000005" lon="2.65966">
    <ele>112.56</ele>
   </trkpt>
   <trkpt lat="42.69315" lon="2.65864">
    <ele>112.93</ele>
   </trkpt>
   <trkpt lat="42.6931" lon="2.65748">
    <ele>114.43</ele>
   </trkpt>
   <trkpt lat="42.6931" lon="2.6563000000000003">
    <ele>114.59</ele>
   </trkpt>
   <trkpt lat="42.693130000000004" lon="2.6552300000000004">
    <ele>115.06</ele>
   </trkpt>
   <trkpt lat="42.69332000000001" lon="2.6541900000000003">
    <ele>115.19000000000001</ele>
   </trkpt>
   <trkpt lat="42.69339" lon="2.65348">
    <ele>115.2</ele>
   </trkpt>
   <trkpt lat="42.69348001039887" lon="2.6523866698230023">
    <ele>115.79</ele>
   </trkpt>
   <trkpt lat="42.693570010399924" lon="2.6512933364769995">
    <ele>117.12000000000002</ele>
   </trkpt>
   <trkpt lat="42.69366" lon="2.6502000000000003">
    <ele>117.75</ele>
   </trkpt>
   <trkpt lat="42.693720000000006" lon="2.64907">
    <ele>117.92</ele>
   </trkpt>
   <trkpt lat="42.69371" lon="2.64785">
    <ele>117.84000000000002</ele>
   </trkpt>
   <trkpt lat="42.693630000000006" lon="2.6476400000000004">
    <ele>117.88000000000001</ele>
   </trkpt>
   <trkpt lat="42.69339" lon="2.64746">
    <ele>118.24000000000001</ele>
   </trkpt>
   <trkpt lat="42.693340000000006" lon="2.64739">
    <ele>118.24000000000001</ele>
   </trkpt>
   <trkpt lat="42.69344" lon="2.64671">
    <ele>118.44</ele>
   </trkpt>
   <trkpt lat="42.69344" lon="2.6464100000000004">
    <ele>118.43</ele>
   </trkpt>
   <trkpt lat="42.693305001638436" lon="2.6457899984988855">
    <ele>118.57000000000001</ele>
   </trkpt>
   <trkpt lat="42.69317" lon="2.6451700000000002">
    <ele>118.88000000000001</ele>
   </trkpt>
   <trkpt lat="42.69317" lon="2.6451800000000003">
    <ele>118.86</ele>
   </trkpt>
   <trkpt lat="42.6931" lon="2.6450500000000003">
    <ele>119.03000000000002</ele>
   </trkpt>
   <trkpt lat="42.69294" lon="2.6449200000000004">
    <ele>119.32000000000001</ele>
   </trkpt>
   <trkpt lat="42.692840000000004" lon="2.6447900000000004">
    <ele>119.49000000000001</ele>
   </trkpt>
   <trkpt lat="42.69248" lon="2.64373">
    <ele>119.62</ele>
   </trkpt>
   <trkpt lat="42.69227" lon="2.64318">
    <ele>119.95000000000002</ele>
   </trkpt>
   <trkpt lat="42.692150000000005" lon="2.64299">
    <ele>119.95000000000002</ele>
   </trkpt>
   <trkpt lat="42.69167" lon="2.6424200000000004">
    <ele>120.68</ele>
   </trkpt>
   <trkpt lat="42.6912" lon="2.64176">
    <ele>120.92000000000002</ele>
   </trkpt>
   <trkpt lat="42.69106" lon="2.6416600000000003">
    <ele>120.97</ele>
   </trkpt>
   <trkpt lat="42.690920000000006" lon="2.64162">
    <ele>121.09</ele>
   </trkpt>
   <trkpt lat="42.690720000000006" lon="2.64168">
    <ele>121.22</ele>
   </trkpt>
   <trkpt lat="42.690650000000005" lon="2.64168">
    <ele>121.56000000000002</ele>
   </trkpt>
   <trkpt lat="42.69046" lon="2.64149">
    <ele>121.72000000000001</ele>
   </trkpt>
   <trkpt lat="42.690020000000004" lon="2.6412000000000004">
    <ele>122.16</ele>
   </trkpt>
   <trkpt lat="42.689820000000005" lon="2.64089">
    <ele>122.53000000000002</ele>
   </trkpt>
   <trkpt lat="42.68972" lon="2.64066">
    <ele>123.14000000000001</ele>
   </trkpt>
   <trkpt lat="42.68979" lon="2.6405700000000003">
    <ele>123.14000000000001</ele>
   </trkpt>
   <trkpt lat="42.689800000000005" lon="2.6404500000000004">
    <ele>122.95</ele>
   </trkpt>
   <trkpt lat="42.68967000000001" lon="2.6399800000000004">
    <ele>122.8</ele>
   </trkpt>
   <trkpt lat="42.689410001158684" lon="2.6394799980443615">
    <ele>122.97000000000001</ele>
   </trkpt>
   <trkpt lat="42.689150000000005" lon="2.63898">
    <ele>123.01</ele>
   </trkpt>
   <trkpt lat="42.68872" lon="2.6380500000000002">
    <ele>123.83000000000001</ele>
   </trkpt>
   <trkpt lat="42.68853" lon="2.6377300000000004">
    <ele>123.93</ele>
   </trkpt>
   <trkpt lat="42.688090001526646" lon="2.63712499562481">
    <ele>124.17000000000002</ele>
   </trkpt>
   <trkpt lat="42.687650000000005" lon="2.6365200000000004">
    <ele>125.15</ele>
   </trkpt>
   <trkpt lat="42.687470000000005" lon="2.6362400000000004">
    <ele>125.4</ele>
   </trkpt>
   <trkpt lat="42.686930000000004" lon="2.6352800000000003">
    <ele>125.64</ele>
   </trkpt>
   <trkpt lat="42.686420000000005" lon="2.63429">
    <ele>125.71000000000001</ele>
   </trkpt>
   <trkpt lat="42.68600500224131" lon="2.6335699951670395">
    <ele>126.44</ele>
   </trkpt>
   <trkpt lat="42.685590000000005" lon="2.6328500000000004">
    <ele>126.81</ele>
   </trkpt>
   <trkpt lat="42.685120000000005" lon="2.63226">
    <ele>127.15</ele>
   </trkpt>
   <trkpt lat="42.6848" lon="2.63194">
    <ele>127.29</ele>
   </trkpt>
   <trkpt lat="42.68446" lon="2.63166">
    <ele>127.56</ele>
   </trkpt>
   <trkpt lat="42.684070000000006" lon="2.6313700000000004">
    <ele>127.76</ele>
   </trkpt>
   <trkpt lat="42.683980000000005" lon="2.63132">
    <ele>127.9</ele>
   </trkpt>
   <trkpt lat="42.68388" lon="2.63131">
    <ele>128.4</ele>
   </trkpt>
   <trkpt lat="42.68376000000001" lon="2.63127">
    <ele>128.57999999999998</ele>
   </trkpt>
   <trkpt lat="42.68368" lon="2.6312900000000004">
    <ele>128.57999999999998</ele>
   </trkpt>
   <trkpt lat="42.683460000000004" lon="2.6314900000000003">
    <ele>129.10000000000002</ele>
   </trkpt>
   <trkpt lat="42.68338000000001" lon="2.6314800000000003">
    <ele>129.18</ele>
   </trkpt>
   <trkpt lat="42.6833" lon="2.6314300000000004">
    <ele>129.21</ele>
   </trkpt>
   <trkpt lat="42.68305" lon="2.6311600000000004">
    <ele>129.23000000000002</ele>
   </trkpt>
   <trkpt lat="42.682930000000006" lon="2.63099">
    <ele>129.35000000000002</ele>
   </trkpt>
   <trkpt lat="42.682840000000006" lon="2.63093">
    <ele>129.35000000000002</ele>
   </trkpt>
   <trkpt lat="42.68251" lon="2.63086">
    <ele>129.37</ele>
   </trkpt>
   <trkpt lat="42.682230000000004" lon="2.6308700000000003">
    <ele>129.60000000000002</ele>
   </trkpt>
   <trkpt lat="42.681610000000006" lon="2.6306800000000004">
    <ele>129.66</ele>
   </trkpt>
   <trkpt lat="42.681520000000006" lon="2.6306200000000004">
    <ele>129.66</ele>
   </trkpt>
   <trkpt lat="42.68144" lon="2.6306200000000004">
    <ele>129.63000000000002</ele>
   </trkpt>
   <trkpt lat="42.68139" lon="2.63065">
    <ele>129.63000000000002</ele>
   </trkpt>
   <trkpt lat="42.68117" lon="2.63086">
    <ele>129.43</ele>
   </trkpt>
   <trkpt lat="42.68103000000001" lon="2.63104">
    <ele>129.91</ele>
   </trkpt>
   <trkpt lat="42.68081" lon="2.63127">
    <ele>130.4</ele>
   </trkpt>
   <trkpt lat="42.68057" lon="2.6314900000000003">
    <ele>130.9</ele>
   </trkpt>
   <trkpt lat="42.680310000000006" lon="2.63112">
    <ele>130.82000000000002</ele>
   </trkpt>
   <trkpt lat="42.680260000000004" lon="2.63113">
    <ele>130.82000000000002</ele>
   </trkpt>
   <trkpt lat="42.679790000000004" lon="2.63167">
    <ele>130.94</ele>
   </trkpt>
   <trkpt lat="42.67967" lon="2.63154">
    <ele>130.94</ele>
   </trkpt>
   <trkpt lat="42.679520000000004" lon="2.6313000000000004">
    <ele>130.99</ele>
   </trkpt>
   <trkpt lat="42.67976" lon="2.63084">
    <ele>131.20000000000002</ele>
   </trkpt>
   <trkpt lat="42.679860000000005" lon="2.6305300000000003">
    <ele>131.32000000000002</ele>
   </trkpt>
   <trkpt lat="42.679930000000006" lon="2.63023">
    <ele>131.55</ele>
   </trkpt>
   <trkpt lat="42.67991000000001" lon="2.63011">
    <ele>131.55</ele>
   </trkpt>
   <trkpt lat="42.679860000000005" lon="2.6300000000000003">
    <ele>131.59</ele>
   </trkpt>
   <trkpt lat="42.679230002449216" lon="2.6292599925766194">
    <ele>131.83</ele>
   </trkpt>
   <trkpt lat="42.6786" lon="2.6285200000000004">
    <ele>132.72</ele>
   </trkpt>
   <trkpt lat="42.67813000169429" lon="2.627899995340192">
    <ele>133.20000000000002</ele>
   </trkpt>
   <trkpt lat="42.67766" lon="2.6272800000000003">
    <ele>133.74</ele>
   </trkpt>
   <trkpt lat="42.67741" lon="2.6270100000000003">
    <ele>133.81</ele>
   </trkpt>
   <trkpt lat="42.67707" lon="2.62636">
    <ele>134.83</ele>
   </trkpt>
   <trkpt lat="42.67685" lon="2.6260700000000003">
    <ele>136.17000000000002</ele>
   </trkpt>
   <trkpt lat="42.67653000000001" lon="2.62571">
    <ele>137.24</ele>
   </trkpt>
   <trkpt lat="42.67645" lon="2.6256600000000003">
    <ele>137.32</ele>
   </trkpt>
   <trkpt lat="42.67638" lon="2.62564">
    <ele>137.33</ele>
   </trkpt>
   <trkpt lat="42.676120000000004" lon="2.6257">
    <ele>137.20000000000002</ele>
   </trkpt>
   <trkpt lat="42.67604" lon="2.62568">
    <ele>137.21</ele>
   </trkpt>
   <trkpt lat="42.67562" lon="2.62556">
    <ele>137.4</ele>
   </trkpt>
   <trkpt lat="42.6751" lon="2.6253800000000003">
    <ele>139.75</ele>
   </trkpt>
   <trkpt lat="42.67488" lon="2.6252600000000004">
    <ele>140.97</ele>
   </trkpt>
   <trkpt lat="42.6745" lon="2.6249000000000002">
    <ele>142.39000000000001</ele>
   </trkpt>
   <trkpt lat="42.67392" lon="2.6245200000000004">
    <ele>144.70000000000002</ele>
   </trkpt>
   <trkpt lat="42.67383" lon="2.62453">
    <ele>145.12</ele>
   </trkpt>
   <trkpt lat="42.673750000000005" lon="2.62461">
    <ele>145.38</ele>
   </trkpt>
   <trkpt lat="42.67325" lon="2.6239000000000003">
    <ele>145.75000000000003</ele>
   </trkpt>
   <trkpt lat="42.67277500168785" lon="2.6232799952825174">
    <ele>146.22000000000003</ele>
   </trkpt>
   <trkpt lat="42.67230000000001" lon="2.62266">
    <ele>147.03000000000003</ele>
   </trkpt>
   <trkpt lat="42.67211" lon="2.62256">
    <ele>147.00000000000003</ele>
   </trkpt>
   <trkpt lat="42.671890000000005" lon="2.62252">
    <ele>147.20000000000002</ele>
   </trkpt>
   <trkpt lat="42.67174000000001" lon="2.6225">
    <ele>147.62</ele>
   </trkpt>
   <trkpt lat="42.671690000000005" lon="2.6225">
    <ele>147.92000000000002</ele>
   </trkpt>
   <trkpt lat="42.67165000000001" lon="2.6224900000000004">
    <ele>148.01</ele>
   </trkpt>
   <trkpt lat="42.67143" lon="2.6223">
    <ele>148.7</ele>
   </trkpt>
   <trkpt lat="42.671310000000005" lon="2.62222">
    <ele>148.7</ele>
   </trkpt>
   <trkpt lat="42.67118000000001" lon="2.62217">
    <ele>148.7</ele>
   </trkpt>
   <trkpt lat="42.67089" lon="2.6218800000000004">
    <ele>149.83</ele>
   </trkpt>
   <trkpt lat="42.67074" lon="2.62164">
    <ele>150.38000000000002</ele>
   </trkpt>
   <trkpt lat="42.670460000000006" lon="2.6213300000000004">
    <ele>151.23</ele>
   </trkpt>
   <trkpt lat="42.67007" lon="2.6208">
    <ele>152.38000000000002</ele>
   </trkpt>
   <trkpt lat="42.669830000000005" lon="2.62028">
    <ele>152.66000000000003</ele>
   </trkpt>
   <trkpt lat="42.669810000000005" lon="2.62019">
    <ele>152.72000000000003</ele>
   </trkpt>
   <trkpt lat="42.669760000000004" lon="2.61952">
    <ele>153.10000000000002</ele>
   </trkpt>
   <trkpt lat="42.66964" lon="2.61919">
    <ele>153.14000000000001</ele>
   </trkpt>
   <trkpt lat="42.66922667340986" lon="2.6183099883127157">
    <ele>153.37</ele>
   </trkpt>
   <trkpt lat="42.66881334008408" lon="2.61742998832896">
    <ele>154.06</ele>
   </trkpt>
   <trkpt lat="42.668400000000005" lon="2.61655">
    <ele>155.0</ele>
   </trkpt>
   <trkpt lat="42.668290000000006" lon="2.61626">
    <ele>155.35000000000002</ele>
   </trkpt>
   <trkpt lat="42.66823" lon="2.6162">
    <ele>155.58</ele>
   </trkpt>
   <trkpt lat="42.66787" lon="2.61526">
    <ele>156.35000000000002</ele>
   </trkpt>
   <trkpt lat="42.66767" lon="2.61466">
    <ele>156.78</ele>
   </trkpt>
   <trkpt lat="42.66736000262211" lon="2.6138799960504127">
    <ele>157.26000000000002</ele>
   </trkpt>
   <trkpt lat="42.66705" lon="2.6131">
    <ele>158.19000000000003</ele>
   </trkpt>
   <trkpt lat="42.66695000000001" lon="2.6129000000000002">
    <ele>158.19000000000003</ele>
   </trkpt>
   <trkpt lat="42.66660334044317" lon="2.611996656623743">
    <ele>158.75</ele>
   </trkpt>
   <trkpt lat="42.666256673788816" lon="2.6110933233226605">
    <ele>159.35000000000002</ele>
   </trkpt>
   <trkpt lat="42.665910000000004" lon="2.6101900000000002">
    <ele>159.65</ele>
   </trkpt>
   <trkpt lat="42.66553001227158" lon="2.6092199822020916">
    <ele>160.07000000000002</ele>
   </trkpt>
   <trkpt lat="42.66515001635928" lon="2.6082499762626763">
    <ele>160.4</ele>
   </trkpt>
   <trkpt lat="42.66477001226336" lon="2.6072799821817054">
    <ele>161.13000000000002</ele>
   </trkpt>
   <trkpt lat="42.664390000000004" lon="2.60631">
    <ele>161.95000000000002</ele>
   </trkpt>
   <trkpt lat="42.66427" lon="2.60589">
    <ele>162.29000000000002</ele>
   </trkpt>
   <trkpt lat="42.66429" lon="2.60584">
    <ele>162.29000000000002</ele>
   </trkpt>
   <trkpt lat="42.66429" lon="2.60576">
    <ele>162.41000000000003</ele>
   </trkpt>
   <trkpt lat="42.66425" lon="2.60568">
    <ele>162.41000000000003</ele>
   </trkpt>
   <trkpt lat="42.66418" lon="2.6056600000000003">
    <ele>162.41000000000003</ele>
   </trkpt>
   <trkpt lat="42.66402" lon="2.60537">
    <ele>162.41000000000003</ele>
   </trkpt>
   <trkpt lat="42.66362" lon="2.60433">
    <ele>164.27</ele>
   </trkpt>
   <trkpt lat="42.66349" lon="2.6040300000000003">
    <ele>164.79000000000002</ele>
   </trkpt>
   <trkpt lat="42.66339000000001" lon="2.60387">
    <ele>165.20000000000002</ele>
   </trkpt>
   <trkpt lat="42.66324" lon="2.60373">
    <ele>165.32000000000002</ele>
   </trkpt>
   <trkpt lat="42.663090000000004" lon="2.6036200000000003">
    <ele>165.32000000000002</ele>
   </trkpt>
   <trkpt lat="42.663000000000004" lon="2.60358">
    <ele>165.48000000000002</ele>
   </trkpt>
   <trkpt lat="42.66275" lon="2.60354">
    <ele>165.69</ele>
   </trkpt>
   <trkpt lat="42.66243" lon="2.60352">
    <ele>166.13</ele>
   </trkpt>
   <trkpt lat="42.662310000000005" lon="2.6034800000000002">
    <ele>166.23000000000002</ele>
   </trkpt>
   <trkpt lat="42.66217" lon="2.6032300000000004">
    <ele>166.47</ele>
   </trkpt>
   <trkpt lat="42.66214" lon="2.60304">
    <ele>166.52</ele>
   </trkpt>
   <trkpt lat="42.662150000000004" lon="2.603">
    <ele>166.61</ele>
   </trkpt>
   <trkpt lat="42.66214" lon="2.60286">
    <ele>166.61</ele>
   </trkpt>
   <trkpt lat="42.66219" lon="2.60259">
    <ele>166.63</ele>
   </trkpt>
   <trkpt lat="42.66227000000001" lon="2.6023300000000003">
    <ele>166.83</ele>
   </trkpt>
   <trkpt lat="42.662490000000005" lon="2.60178">
    <ele>167.47</ele>
   </trkpt>
   <trkpt lat="42.66254000000001" lon="2.60175">
    <ele>167.47</ele>
   </trkpt>
   <trkpt lat="42.66257" lon="2.60169">
    <ele>167.57000000000002</ele>
   </trkpt>
   <trkpt lat="42.66257" lon="2.60162">
    <ele>167.79000000000002</ele>
   </trkpt>
   <trkpt lat="42.66252" lon="2.60155">
    <ele>168.01000000000002</ele>
   </trkpt>
   <trkpt lat="42.662315001286835" lon="2.6009949980273372">
    <ele>168.99</ele>
   </trkpt>
   <trkpt lat="42.662110000000006" lon="2.6004400000000003">
    <ele>170.95000000000002</ele>
   </trkpt>
   <trkpt lat="42.662000000000006" lon="2.6002300000000003">
    <ele>171.23000000000002</ele>
   </trkpt>
   <trkpt lat="42.661645000925105" lon="2.5997699973798567">
    <ele>172.34</ele>
   </trkpt>
   <trkpt lat="42.66129" lon="2.59931">
    <ele>173.14000000000001</ele>
   </trkpt>
   <trkpt lat="42.661010000000005" lon="2.5988100000000003">
    <ele>173.69</ele>
   </trkpt>
   <trkpt lat="42.66085" lon="2.59846">
    <ele>174.12000000000003</ele>
   </trkpt>
   <trkpt lat="42.6608" lon="2.5983">
    <ele>174.27</ele>
   </trkpt>
   <trkpt lat="42.660675002739275" lon="2.5975049983427905">
    <ele>174.93</ele>
   </trkpt>
   <trkpt lat="42.66055" lon="2.5967100000000003">
    <ele>176.35</ele>
   </trkpt>
   <trkpt lat="42.6602" lon="2.5956300000000003">
    <ele>177.78000000000003</ele>
   </trkpt>
   <trkpt lat="42.66010000000001" lon="2.5951700000000004">
    <ele>178.70000000000002</ele>
   </trkpt>
   <trkpt lat="42.660050000000005" lon="2.5945600000000004">
    <ele>179.09000000000003</ele>
   </trkpt>
   <trkpt lat="42.66001000000001" lon="2.5943500000000004">
    <ele>179.15</ele>
   </trkpt>
   <trkpt lat="42.65982000214696" lon="2.593654998045966">
    <ele>179.37</ele>
   </trkpt>
   <trkpt lat="42.65963" lon="2.59296">
    <ele>179.71</ele>
   </trkpt>
   <trkpt lat="42.659510000000004" lon="2.5926500000000003">
    <ele>179.81000000000003</ele>
   </trkpt>
   <trkpt lat="42.659153338817816" lon="2.5918566575887025">
    <ele>179.79</ele>
   </trkpt>
   <trkpt lat="42.65879667216155" lon="2.591063324278602">
    <ele>180.13</ele>
   </trkpt>
   <trkpt lat="42.658440000000006" lon="2.5902700000000003">
    <ele>180.69000000000003</ele>
   </trkpt>
   <trkpt lat="42.658060000000006" lon="2.5892700000000004">
    <ele>181.22000000000003</ele>
   </trkpt>
   <trkpt lat="42.657920000000004" lon="2.58881">
    <ele>181.46</ele>
   </trkpt>
   <trkpt lat="42.65787" lon="2.58854">
    <ele>181.55</ele>
   </trkpt>
   <trkpt lat="42.65784" lon="2.58819">
    <ele>181.55</ele>
   </trkpt>
   <trkpt lat="42.65783500261264" lon="2.587415000042888">
    <ele>181.66000000000003</ele>
   </trkpt>
   <trkpt lat="42.657830000000004" lon="2.58664">
    <ele>181.9</ele>
   </trkpt>
   <trkpt lat="42.657810000000005" lon="2.58617">
    <ele>182.36</ele>
   </trkpt>
   <trkpt lat="42.65776" lon="2.58598">
    <ele>182.36</ele>
   </trkpt>
   <trkpt lat="42.657680000000006" lon="2.58582">
    <ele>182.36</ele>
   </trkpt>
   <trkpt lat="42.65757000000001" lon="2.5856700000000004">
    <ele>182.76</ele>
   </trkpt>
   <trkpt lat="42.65739000000001" lon="2.58555">
    <ele>182.76</ele>
   </trkpt>
   <trkpt lat="42.657210000000006" lon="2.58551">
    <ele>182.76</ele>
   </trkpt>
   <trkpt lat="42.657120000000006" lon="2.58551">
    <ele>182.76</ele>
   </trkpt>
   <trkpt lat="42.6569" lon="2.5855900000000003">
    <ele>183.18</ele>
   </trkpt>
   <trkpt lat="42.65672" lon="2.5857300000000003">
    <ele>183.18</ele>
   </trkpt>
  </trkseg>
 </trk>
</gpx>
