<?xml version="1.0" encoding="UTF-8"?>
<gpx creator="StravaGPX" version="1.1" xmlns="http://www.topografix.com/GPX/1/1" xmlns:xsi="http://www.w3.org/2001/XMLSchema-instance" xsi:schemaLocation="http://www.topografix.com/GPX/1/1 http://www.topografix.com/GPX/1/1/gpx.xsd">
 <metadata>
  <name>Col de Jau AR</name>
  <author>
   <name>Chris Hancock</name>
   <link href="https://www.strava.com/athletes/2519062"/>
  </author>
  <copyright author="OpenStreetMap contributors">
   <year>2020</year>
   <license>https://www.openstreetmap.org/copyright</license>
  </copyright>
  <link href="https://www.strava.com/routes/3518572556819443058"/>
 </metadata>
 <trk>
  <name>Col de Jau AR</name>
  <link href="https://www.strava.com/routes/3518572556819443058"/>
  <type>cycling</type>
  <trkseg>
   <trkpt lat="42.62173000000001" lon="2.4366800000000004">
    <ele>344.36000000000007</ele>
   </trkpt>
   <trkpt lat="42.62162" lon="2.43629">
    <ele>344.44</ele>
   </trkpt>
   <trkpt lat="42.621315003092285" lon="2.435444995826004">
    <ele>345.90000000000003</ele>
   </trkpt>
   <trkpt lat="42.621010000000005" lon="2.4346">
    <ele>347.44</ele>
   </trkpt>
   <trkpt lat="42.62066667577752" lon="2.433576655391982">
    <ele>348.62000000000006</ele>
   </trkpt>
   <trkpt lat="42.62032334244778" lon="2.4325533220695847">
    <ele>349.98</ele>
   </trkpt>
   <trkpt lat="42.619980000000005" lon="2.4315300000000004">
    <ele>350.46000000000004</ele>
   </trkpt>
   <trkpt lat="42.619820000000004" lon="2.43127">
    <ele>351.1</ele>
   </trkpt>
   <trkpt lat="42.61954" lon="2.43086">
    <ele>351.67</ele>
   </trkpt>
   <trkpt lat="42.618955002886516" lon="2.4300399922439073">
    <ele>353.87</ele>
   </trkpt>
   <trkpt lat="42.618370000000006" lon="2.4292200000000004">
    <ele>354.18000000000006</ele>
   </trkpt>
   <trkpt lat="42.6182" lon="2.42889">
    <ele>354.2</ele>
   </trkpt>
   <trkpt lat="42.61797000000001" lon="2.42836">
    <ele>355.48</ele>
   </trkpt>
   <trkpt lat="42.61756667468103" lon="2.427399987563113">
    <ele>357.93</ele>
   </trkpt>
   <trkpt lat="42.61716334134726" lon="2.4264399875622757">
    <ele>359.8</ele>
   </trkpt>
   <trkpt lat="42.616760000000006" lon="2.4254800000000003">
    <ele>360.49</ele>
   </trkpt>
   <trkpt lat="42.61666" lon="2.42511">
    <ele>359.45000000000005</ele>
   </trkpt>
   <trkpt lat="42.616492514310735" lon="2.424062491530763">
    <ele>356.79</ele>
   </trkpt>
   <trkpt lat="42.61632501907911" lon="2.4230149886963286">
    <ele>355.95000000000005</ele>
   </trkpt>
   <trkpt lat="42.61615751430525" lon="2.4219674914969547">
    <ele>356.13</ele>
   </trkpt>
   <trkpt lat="42.615990000000004" lon="2.42092">
    <ele>357.12000000000006</ele>
   </trkpt>
   <trkpt lat="42.615990000000004" lon="2.42091">
    <ele>357.13</ele>
   </trkpt>
   <trkpt lat="42.61592" lon="2.4203300000000003">
    <ele>357.69</ele>
   </trkpt>
   <trkpt lat="42.61589" lon="2.42023">
    <ele>357.84000000000003</ele>
   </trkpt>
   <trkpt lat="42.615795001648756" lon="2.4196099989060107">
    <ele>358.25</ele>
   </trkpt>
   <trkpt lat="42.615700000000004" lon="2.4189900000000004">
    <ele>359.40000000000003</ele>
   </trkpt>
   <trkpt lat="42.61572" lon="2.41879">
    <ele>359.52</ele>
   </trkpt>
   <trkpt lat="42.615750000000006" lon="2.41879">
    <ele>359.57000000000005</ele>
   </trkpt>
   <trkpt lat="42.61582000000001" lon="2.4187100000000004">
    <ele>359.21000000000004</ele>
   </trkpt>
   <trkpt lat="42.616350000000004" lon="2.41825">
    <ele>357.32</ele>
   </trkpt>
   <trkpt lat="42.61709000687916" lon="2.4176220298349564">
    <ele>355.64</ele>
   </trkpt>
   <trkpt lat="42.61783001032878" lon="2.4169940447447087">
    <ele>353.35</ele>
   </trkpt>
   <trkpt lat="42.61857001034875" lon="2.4163660447285853">
    <ele>351.0</ele>
   </trkpt>
   <trkpt lat="42.61931000693886" lon="2.4157380297859126">
    <ele>348.16</ele>
   </trkpt>
   <trkpt lat="42.620050000000006" lon="2.4151100000000003">
    <ele>344.49</ele>
   </trkpt>
   <trkpt lat="42.62017" lon="2.41533">
    <ele>343.81</ele>
   </trkpt>
   <trkpt lat="42.61992" lon="2.41567">
    <ele>341.61</ele>
   </trkpt>
   <trkpt lat="42.62026500089195" lon="2.4160699980111486">
    <ele>340.46000000000004</ele>
   </trkpt>
   <trkpt lat="42.620610000000006" lon="2.4164700000000003">
    <ele>339.83000000000004</ele>
   </trkpt>
   <trkpt lat="42.620760000000004" lon="2.4162500000000002">
    <ele>339.8</ele>
   </trkpt>
   <trkpt lat="42.62073" lon="2.41618">
    <ele>339.89000000000004</ele>
   </trkpt>
   <trkpt lat="42.62041000000001" lon="2.41567">
    <ele>341.93</ele>
   </trkpt>
   <trkpt lat="42.62041000000001" lon="2.4156600000000004">
    <ele>341.98</ele>
   </trkpt>
   <trkpt lat="42.62023000000001" lon="2.4153800000000003">
    <ele>343.81</ele>
   </trkpt>
   <trkpt lat="42.62017" lon="2.41533">
    <ele>343.81</ele>
   </trkpt>
   <trkpt lat="42.620050000000006" lon="2.4151100000000003">
    <ele>344.49</ele>
   </trkpt>
   <trkpt lat="42.620545000789065" lon="2.41470000321138">
    <ele>343.81</ele>
   </trkpt>
   <trkpt lat="42.62104" lon="2.4142900000000003">
    <ele>343.63000000000005</ele>
   </trkpt>
   <trkpt lat="42.621100000000006" lon="2.41427">
    <ele>343.63000000000005</ele>
   </trkpt>
   <trkpt lat="42.621170000000006" lon="2.41427">
    <ele>343.48</ele>
   </trkpt>
   <trkpt lat="42.62124" lon="2.4143100000000004">
    <ele>343.48</ele>
   </trkpt>
   <trkpt lat="42.62136" lon="2.41445">
    <ele>343.44</ele>
   </trkpt>
   <trkpt lat="42.6216" lon="2.4148300000000003">
    <ele>344.44</ele>
   </trkpt>
   <trkpt lat="42.6216" lon="2.41482">
    <ele>344.39000000000004</ele>
   </trkpt>
   <trkpt lat="42.62214" lon="2.41568">
    <ele>348.74000000000007</ele>
   </trkpt>
   <trkpt lat="42.62225" lon="2.41596">
    <ele>349.23</ele>
   </trkpt>
   <trkpt lat="42.622370000000004" lon="2.41617">
    <ele>350.38</ele>
   </trkpt>
   <trkpt lat="42.622400000000006" lon="2.41628">
    <ele>350.91</ele>
   </trkpt>
   <trkpt lat="42.62239" lon="2.41635">
    <ele>350.91</ele>
   </trkpt>
   <trkpt lat="42.62243" lon="2.4164700000000003">
    <ele>351.01000000000005</ele>
   </trkpt>
   <trkpt lat="42.62247000000001" lon="2.4165">
    <ele>351.04</ele>
   </trkpt>
   <trkpt lat="42.62254" lon="2.4166800000000004">
    <ele>350.7</ele>
   </trkpt>
   <trkpt lat="42.622640000000004" lon="2.4172900000000004">
    <ele>348.15000000000003</ele>
   </trkpt>
   <trkpt lat="42.62267000000001" lon="2.4174">
    <ele>347.58000000000004</ele>
   </trkpt>
   <trkpt lat="42.62281" lon="2.4175600000000004">
    <ele>347.18000000000006</ele>
   </trkpt>
   <trkpt lat="42.623070000000006" lon="2.4177500000000003">
    <ele>346.88</ele>
   </trkpt>
   <trkpt lat="42.623400000000004" lon="2.41791">
    <ele>346.93</ele>
   </trkpt>
   <trkpt lat="42.62370000000001" lon="2.41798">
    <ele>347.19000000000005</ele>
   </trkpt>
   <trkpt lat="42.62427" lon="2.4183800000000004">
    <ele>347.04</ele>
   </trkpt>
   <trkpt lat="42.624610000000004" lon="2.4186">
    <ele>347.15000000000003</ele>
   </trkpt>
   <trkpt lat="42.62476" lon="2.41874">
    <ele>346.91</ele>
   </trkpt>
   <trkpt lat="42.62478" lon="2.41881">
    <ele>346.91</ele>
   </trkpt>
   <trkpt lat="42.62485" lon="2.41887">
    <ele>347.06</ele>
   </trkpt>
   <trkpt lat="42.625080000000004" lon="2.4189200000000004">
    <ele>346.94</ele>
   </trkpt>
   <trkpt lat="42.62543" lon="2.4192">
    <ele>346.08000000000004</ele>
   </trkpt>
   <trkpt lat="42.625880000416785" lon="2.4195049978035814">
    <ele>343.77000000000004</ele>
   </trkpt>
   <trkpt lat="42.62633" lon="2.41981">
    <ele>342.23</ele>
   </trkpt>
   <trkpt lat="42.62661000000001" lon="2.42004">
    <ele>341.89000000000004</ele>
   </trkpt>
   <trkpt lat="42.6270550007762" lon="2.420459997006194">
    <ele>340.90000000000003</ele>
   </trkpt>
   <trkpt lat="42.627500000000005" lon="2.4208800000000004">
    <ele>340.37</ele>
   </trkpt>
   <trkpt lat="42.62762" lon="2.4210200000000004">
    <ele>339.97</ele>
   </trkpt>
   <trkpt lat="42.62778" lon="2.4212900000000004">
    <ele>339.83000000000004</ele>
   </trkpt>
   <trkpt lat="42.62794" lon="2.42133">
    <ele>339.83000000000004</ele>
   </trkpt>
   <trkpt lat="42.628080000000004" lon="2.4214100000000003">
    <ele>339.79</ele>
   </trkpt>
   <trkpt lat="42.628595000974336" lon="2.4219249955601274">
    <ele>339.55</ele>
   </trkpt>
   <trkpt lat="42.629110000000004" lon="2.4224400000000004">
    <ele>339.02000000000004</ele>
   </trkpt>
   <trkpt lat="42.629690000000004" lon="2.4232400000000003">
    <ele>337.88</ele>
   </trkpt>
   <trkpt lat="42.630030000000005" lon="2.4236600000000004">
    <ele>337.45000000000005</ele>
   </trkpt>
   <trkpt lat="42.63060000555069" lon="2.4244599853260302">
    <ele>336.44</ele>
   </trkpt>
   <trkpt lat="42.63117000553553" lon="2.4252599853044963">
    <ele>335.04</ele>
   </trkpt>
   <trkpt lat="42.63174" lon="2.42606">
    <ele>334.67</ele>
   </trkpt>
   <trkpt lat="42.631800000000005" lon="2.4260900000000003">
    <ele>334.54</ele>
   </trkpt>
   <trkpt lat="42.63188" lon="2.4260900000000003">
    <ele>334.54</ele>
   </trkpt>
   <trkpt lat="42.631980000000006" lon="2.42606">
    <ele>334.5</ele>
   </trkpt>
   <trkpt lat="42.63206" lon="2.4259600000000003">
    <ele>334.5</ele>
   </trkpt>
   <trkpt lat="42.6323" lon="2.4252200000000004">
    <ele>335.08000000000004</ele>
   </trkpt>
   <trkpt lat="42.6325" lon="2.4245300000000003">
    <ele>335.36</ele>
   </trkpt>
   <trkpt lat="42.63251" lon="2.42443">
    <ele>335.33</ele>
   </trkpt>
   <trkpt lat="42.632490000000004" lon="2.42428">
    <ele>335.33</ele>
   </trkpt>
   <trkpt lat="42.632450000000006" lon="2.4241400000000004">
    <ele>335.24</ele>
   </trkpt>
   <trkpt lat="42.63228" lon="2.4237200000000003">
    <ele>334.86</ele>
   </trkpt>
   <trkpt lat="42.63221" lon="2.42342">
    <ele>334.53000000000003</ele>
   </trkpt>
   <trkpt lat="42.632130000000004" lon="2.42275">
    <ele>334.21</ele>
   </trkpt>
   <trkpt lat="42.632130000000004" lon="2.42232">
    <ele>334.08000000000004</ele>
   </trkpt>
   <trkpt lat="42.632160000000006" lon="2.4221700000000004">
    <ele>334.08000000000004</ele>
   </trkpt>
   <trkpt lat="42.63226" lon="2.4220800000000002">
    <ele>334.07000000000005</ele>
   </trkpt>
   <trkpt lat="42.63273" lon="2.422">
    <ele>334.36</ele>
   </trkpt>
   <trkpt lat="42.632870000000004" lon="2.4219600000000003">
    <ele>334.56</ele>
   </trkpt>
   <trkpt lat="42.63326000000001" lon="2.4218">
    <ele>335.81000000000006</ele>
   </trkpt>
   <trkpt lat="42.63347" lon="2.42157">
    <ele>336.79</ele>
   </trkpt>
   <trkpt lat="42.633720000000004" lon="2.4211400000000003">
    <ele>338.88</ele>
   </trkpt>
   <trkpt lat="42.63407" lon="2.42065">
    <ele>340.53000000000003</ele>
   </trkpt>
   <trkpt lat="42.6343" lon="2.42029">
    <ele>343.36000000000007</ele>
   </trkpt>
   <trkpt lat="42.634420000000006" lon="2.4200000000000004">
    <ele>345.17</ele>
   </trkpt>
   <trkpt lat="42.6345" lon="2.4195800000000003">
    <ele>347.08000000000004</ele>
   </trkpt>
   <trkpt lat="42.63457500200823" lon="2.4189000008420387">
    <ele>348.59000000000003</ele>
   </trkpt>
   <trkpt lat="42.63465" lon="2.4182200000000003">
    <ele>351.69</ele>
   </trkpt>
   <trkpt lat="42.634820000000005" lon="2.4170900000000004">
    <ele>355.07000000000005</ele>
   </trkpt>
   <trkpt lat="42.63487000000001" lon="2.4168700000000003">
    <ele>356.64</ele>
   </trkpt>
   <trkpt lat="42.634930000000004" lon="2.4167500000000004">
    <ele>357.36</ele>
   </trkpt>
   <trkpt lat="42.63528" lon="2.41624">
    <ele>360.29</ele>
   </trkpt>
   <trkpt lat="42.635450000000006" lon="2.41608">
    <ele>361.26</ele>
   </trkpt>
   <trkpt lat="42.63555" lon="2.41603">
    <ele>361.77000000000004</ele>
   </trkpt>
   <trkpt lat="42.635850000000005" lon="2.41597">
    <ele>363.11</ele>
   </trkpt>
   <trkpt lat="42.63613" lon="2.4158000000000004">
    <ele>365.29</ele>
   </trkpt>
   <trkpt lat="42.636230000000005" lon="2.4157200000000003">
    <ele>366.68</ele>
   </trkpt>
   <trkpt lat="42.63646000000001" lon="2.41563">
    <ele>368.83000000000004</ele>
   </trkpt>
   <trkpt lat="42.636520000000004" lon="2.41557">
    <ele>368.83000000000004</ele>
   </trkpt>
   <trkpt lat="42.6366" lon="2.4154">
    <ele>368.93</ele>
   </trkpt>
   <trkpt lat="42.63671" lon="2.4150400000000003">
    <ele>371.85</ele>
   </trkpt>
   <trkpt lat="42.636810000000004" lon="2.4149100000000003">
    <ele>371.85</ele>
   </trkpt>
   <trkpt lat="42.63711000000001" lon="2.41467">
    <ele>373.64000000000004</ele>
   </trkpt>
   <trkpt lat="42.637260000000005" lon="2.4146400000000003">
    <ele>373.64000000000004</ele>
   </trkpt>
   <trkpt lat="42.63740000000001" lon="2.41467">
    <ele>375.07</ele>
   </trkpt>
   <trkpt lat="42.637660000000004" lon="2.41482">
    <ele>376.09000000000003</ele>
   </trkpt>
   <trkpt lat="42.63765" lon="2.41482">
    <ele>376.11000000000007</ele>
   </trkpt>
   <trkpt lat="42.63786" lon="2.4148300000000003">
    <ele>377.46000000000004</ele>
   </trkpt>
   <trkpt lat="42.63841" lon="2.41474">
    <ele>381.48</ele>
   </trkpt>
   <trkpt lat="42.63866" lon="2.41466">
    <ele>381.48</ele>
   </trkpt>
   <trkpt lat="42.639120000000005" lon="2.4143600000000003">
    <ele>384.01</ele>
   </trkpt>
   <trkpt lat="42.63922" lon="2.41427">
    <ele>384.91</ele>
   </trkpt>
   <trkpt lat="42.63953" lon="2.4137500000000003">
    <ele>387.31000000000006</ele>
   </trkpt>
   <trkpt lat="42.639570000000006" lon="2.41364">
    <ele>387.72</ele>
   </trkpt>
   <trkpt lat="42.63958" lon="2.41352">
    <ele>388.5</ele>
   </trkpt>
   <trkpt lat="42.639630000000004" lon="2.4133500000000003">
    <ele>388.91</ele>
   </trkpt>
   <trkpt lat="42.639790000000005" lon="2.4130800000000003">
    <ele>389.57</ele>
   </trkpt>
   <trkpt lat="42.63989" lon="2.41277">
    <ele>390.72</ele>
   </trkpt>
   <trkpt lat="42.63987" lon="2.41237">
    <ele>393.20000000000005</ele>
   </trkpt>
   <trkpt lat="42.63989" lon="2.4122600000000003">
    <ele>393.20000000000005</ele>
   </trkpt>
   <trkpt lat="42.64007" lon="2.41195">
    <ele>394.5400000000001</ele>
   </trkpt>
   <trkpt lat="42.64018" lon="2.4115900000000003">
    <ele>396.41</ele>
   </trkpt>
   <trkpt lat="42.640150000000006" lon="2.4114500000000003">
    <ele>396.53000000000003</ele>
   </trkpt>
   <trkpt lat="42.640100000000004" lon="2.41135">
    <ele>396.66</ele>
   </trkpt>
   <trkpt lat="42.639990000000004" lon="2.41127">
    <ele>396.68</ele>
   </trkpt>
   <trkpt lat="42.63987" lon="2.4112600000000004">
    <ele>396.68</ele>
   </trkpt>
   <trkpt lat="42.639810000000004" lon="2.4111800000000003">
    <ele>396.6</ele>
   </trkpt>
   <trkpt lat="42.63967" lon="2.4109000000000003">
    <ele>396.6</ele>
   </trkpt>
   <trkpt lat="42.63956" lon="2.4107600000000002">
    <ele>396.6</ele>
   </trkpt>
   <trkpt lat="42.639210000000006" lon="2.4104400000000004">
    <ele>396.73</ele>
   </trkpt>
   <trkpt lat="42.6388" lon="2.41014">
    <ele>397.08000000000004</ele>
   </trkpt>
   <trkpt lat="42.63859" lon="2.40994">
    <ele>397.18</ele>
   </trkpt>
   <trkpt lat="42.638450000000006" lon="2.40987">
    <ele>397.26000000000005</ele>
   </trkpt>
   <trkpt lat="42.63828" lon="2.40985">
    <ele>397.41</ele>
   </trkpt>
   <trkpt lat="42.638110000000005" lon="2.4098">
    <ele>397.45000000000005</ele>
   </trkpt>
   <trkpt lat="42.63801" lon="2.4097000000000004">
    <ele>397.45000000000005</ele>
   </trkpt>
   <trkpt lat="42.63783" lon="2.40938">
    <ele>397.39</ele>
   </trkpt>
   <trkpt lat="42.63772" lon="2.4091400000000003">
    <ele>397.39</ele>
   </trkpt>
   <trkpt lat="42.63767" lon="2.4089300000000002">
    <ele>397.42</ele>
   </trkpt>
   <trkpt lat="42.63765" lon="2.4086700000000003">
    <ele>397.4800000000001</ele>
   </trkpt>
   <trkpt lat="42.63768" lon="2.4084000000000003">
    <ele>397.57000000000005</ele>
   </trkpt>
   <trkpt lat="42.63779" lon="2.4078700000000004">
    <ele>397.79</ele>
   </trkpt>
   <trkpt lat="42.63777" lon="2.40761">
    <ele>397.8</ele>
   </trkpt>
   <trkpt lat="42.63778000000001" lon="2.4075">
    <ele>397.77</ele>
   </trkpt>
   <trkpt lat="42.637910000000005" lon="2.4071100000000003">
    <ele>397.95000000000005</ele>
   </trkpt>
   <trkpt lat="42.63797" lon="2.4067600000000002">
    <ele>397.95000000000005</ele>
   </trkpt>
   <trkpt lat="42.638020000000004" lon="2.40668">
    <ele>397.95000000000005</ele>
   </trkpt>
   <trkpt lat="42.63815" lon="2.40659">
    <ele>397.70000000000005</ele>
   </trkpt>
   <trkpt lat="42.63833" lon="2.4065600000000003">
    <ele>397.66</ele>
   </trkpt>
   <trkpt lat="42.63846" lon="2.4064900000000002">
    <ele>397.90000000000003</ele>
   </trkpt>
   <trkpt lat="42.63855" lon="2.4063800000000004">
    <ele>397.90000000000003</ele>
   </trkpt>
   <trkpt lat="42.638630000000006" lon="2.4062400000000004">
    <ele>397.95000000000005</ele>
   </trkpt>
   <trkpt lat="42.63879500441004" lon="2.405230002836607">
    <ele>398.74</ele>
   </trkpt>
   <trkpt lat="42.638960000000004" lon="2.40422">
    <ele>401.8</ele>
   </trkpt>
   <trkpt lat="42.639030000000005" lon="2.40402">
    <ele>401.87000000000006</ele>
   </trkpt>
   <trkpt lat="42.63911" lon="2.40396">
    <ele>401.85</ele>
   </trkpt>
   <trkpt lat="42.639250000000004" lon="2.4039200000000003">
    <ele>401.70000000000005</ele>
   </trkpt>
   <trkpt lat="42.63946000000001" lon="2.4039">
    <ele>401.70000000000005</ele>
   </trkpt>
   <trkpt lat="42.63994999985124" lon="2.403964999465948">
    <ele>401.75000000000006</ele>
   </trkpt>
   <trkpt lat="42.640440000000005" lon="2.40403">
    <ele>402.21</ele>
   </trkpt>
   <trkpt lat="42.64052" lon="2.40403">
    <ele>402.66</ele>
   </trkpt>
   <trkpt lat="42.64058000000001" lon="2.4039900000000003">
    <ele>402.66</ele>
   </trkpt>
   <trkpt lat="42.64063" lon="2.40389">
    <ele>402.66</ele>
   </trkpt>
   <trkpt lat="42.64063" lon="2.4035900000000003">
    <ele>404.63000000000005</ele>
   </trkpt>
   <trkpt lat="42.64068" lon="2.40321">
    <ele>406.39000000000004</ele>
   </trkpt>
   <trkpt lat="42.64072" lon="2.40308">
    <ele>407.62</ele>
   </trkpt>
   <trkpt lat="42.64078000000001" lon="2.4029900000000004">
    <ele>407.62</ele>
   </trkpt>
   <trkpt lat="42.64083" lon="2.40295">
    <ele>408.51000000000005</ele>
   </trkpt>
   <trkpt lat="42.641090000000005" lon="2.4028500000000004">
    <ele>410.15000000000003</ele>
   </trkpt>
   <trkpt lat="42.64115" lon="2.4027800000000004">
    <ele>410.15000000000003</ele>
   </trkpt>
   <trkpt lat="42.64119" lon="2.40266">
    <ele>410.64000000000004</ele>
   </trkpt>
   <trkpt lat="42.64119" lon="2.40253">
    <ele>411.48</ele>
   </trkpt>
   <trkpt lat="42.64115" lon="2.4024">
    <ele>411.88</ele>
   </trkpt>
   <trkpt lat="42.640950000000004" lon="2.4020400000000004">
    <ele>412.82</ele>
   </trkpt>
   <trkpt lat="42.640750000000004" lon="2.40132">
    <ele>415.79</ele>
   </trkpt>
   <trkpt lat="42.64068" lon="2.4008800000000003">
    <ele>416.7</ele>
   </trkpt>
   <trkpt lat="42.6407" lon="2.4005900000000002">
    <ele>419.21000000000004</ele>
   </trkpt>
   <trkpt lat="42.640750000000004" lon="2.4004600000000003">
    <ele>419.21000000000004</ele>
   </trkpt>
   <trkpt lat="42.64086" lon="2.40031">
    <ele>420.25</ele>
   </trkpt>
   <trkpt lat="42.64123" lon="2.3999200000000003">
    <ele>423.24000000000007</ele>
   </trkpt>
   <trkpt lat="42.641600000000004" lon="2.39947">
    <ele>427.13</ele>
   </trkpt>
   <trkpt lat="42.64231" lon="2.39886">
    <ele>430.47</ele>
   </trkpt>
   <trkpt lat="42.642430000000004" lon="2.3988300000000002">
    <ele>431.59000000000003</ele>
   </trkpt>
   <trkpt lat="42.643040000000006" lon="2.39889">
    <ele>436.68</ele>
   </trkpt>
   <trkpt lat="42.6432" lon="2.39887">
    <ele>436.68</ele>
   </trkpt>
   <trkpt lat="42.643350000000005" lon="2.39881">
    <ele>437.26000000000005</ele>
   </trkpt>
   <trkpt lat="42.643530000000005" lon="2.39867">
    <ele>437.26000000000005</ele>
   </trkpt>
   <trkpt lat="42.64367" lon="2.3985000000000003">
    <ele>440.55000000000007</ele>
   </trkpt>
   <trkpt lat="42.64377" lon="2.39827">
    <ele>440.55000000000007</ele>
   </trkpt>
   <trkpt lat="42.643950000000004" lon="2.3973400000000002">
    <ele>445.62</ele>
   </trkpt>
   <trkpt lat="42.64399" lon="2.3969500000000004">
    <ele>447.52000000000004</ele>
   </trkpt>
   <trkpt lat="42.644000000000005" lon="2.3959300000000003">
    <ele>453.16</ele>
   </trkpt>
   <trkpt lat="42.64378500263033" lon="2.3951499972487653">
    <ele>459.19000000000005</ele>
   </trkpt>
   <trkpt lat="42.643570000000004" lon="2.3943700000000003">
    <ele>461.45000000000005</ele>
   </trkpt>
   <trkpt lat="42.64314" lon="2.3933400000000002">
    <ele>466.18</ele>
   </trkpt>
   <trkpt lat="42.64303" lon="2.39296">
    <ele>468.80000000000007</ele>
   </trkpt>
   <trkpt lat="42.643" lon="2.39279">
    <ele>468.80000000000007</ele>
   </trkpt>
   <trkpt lat="42.643" lon="2.3926200000000004">
    <ele>469.79</ele>
   </trkpt>
   <trkpt lat="42.64303" lon="2.39245">
    <ele>469.79</ele>
   </trkpt>
   <trkpt lat="42.643370000000004" lon="2.39148">
    <ele>475.46000000000004</ele>
   </trkpt>
   <trkpt lat="42.64343" lon="2.39127">
    <ele>475.46000000000004</ele>
   </trkpt>
   <trkpt lat="42.6435" lon="2.39025">
    <ele>480.64</ele>
   </trkpt>
   <trkpt lat="42.64349000000001" lon="2.39008">
    <ele>480.64</ele>
   </trkpt>
   <trkpt lat="42.643480000000004" lon="2.3899600000000003">
    <ele>481.67</ele>
   </trkpt>
   <trkpt lat="42.64331000000001" lon="2.3894">
    <ele>483.89000000000004</ele>
   </trkpt>
   <trkpt lat="42.64327" lon="2.3892200000000003">
    <ele>485.25</ele>
   </trkpt>
   <trkpt lat="42.64327" lon="2.38903">
    <ele>485.25</ele>
   </trkpt>
   <trkpt lat="42.64331000000001" lon="2.38879">
    <ele>486.55</ele>
   </trkpt>
   <trkpt lat="42.64338" lon="2.3885400000000003">
    <ele>487.93</ele>
   </trkpt>
   <trkpt lat="42.64345" lon="2.3883900000000002">
    <ele>489.1</ele>
   </trkpt>
   <trkpt lat="42.64354" lon="2.3882800000000004">
    <ele>489.71000000000004</ele>
   </trkpt>
   <trkpt lat="42.64367" lon="2.3882000000000003">
    <ele>490.98</ele>
   </trkpt>
   <trkpt lat="42.64385" lon="2.3881400000000004">
    <ele>492.18000000000006</ele>
   </trkpt>
   <trkpt lat="42.644090000000006" lon="2.3881900000000003">
    <ele>492.76000000000005</ele>
   </trkpt>
   <trkpt lat="42.64439" lon="2.3883900000000002">
    <ele>495.58</ele>
   </trkpt>
   <trkpt lat="42.64448" lon="2.38842">
    <ele>495.58</ele>
   </trkpt>
   <trkpt lat="42.64479" lon="2.38845">
    <ele>497.93</ele>
   </trkpt>
   <trkpt lat="42.644940000000005" lon="2.38842">
    <ele>497.93</ele>
   </trkpt>
   <trkpt lat="42.64509" lon="2.3882800000000004">
    <ele>499.61000000000007</ele>
   </trkpt>
   <trkpt lat="42.645250000000004" lon="2.3879900000000003">
    <ele>499.61000000000007</ele>
   </trkpt>
   <trkpt lat="42.64531" lon="2.3879400000000004">
    <ele>503.61</ele>
   </trkpt>
   <trkpt lat="42.645390000000006" lon="2.3879400000000004">
    <ele>503.61</ele>
   </trkpt>
   <trkpt lat="42.64551" lon="2.3879900000000003">
    <ele>503.61</ele>
   </trkpt>
   <trkpt lat="42.64564" lon="2.38817">
    <ele>503.61</ele>
   </trkpt>
   <trkpt lat="42.645680000000006" lon="2.3882100000000004">
    <ele>503.61</ele>
   </trkpt>
   <trkpt lat="42.645770000000006" lon="2.38825">
    <ele>506.02000000000004</ele>
   </trkpt>
   <trkpt lat="42.645950000000006" lon="2.38824">
    <ele>506.13000000000005</ele>
   </trkpt>
   <trkpt lat="42.64612" lon="2.3881900000000003">
    <ele>506.36</ele>
   </trkpt>
   <trkpt lat="42.64622000000001" lon="2.3881">
    <ele>507.49</ele>
   </trkpt>
   <trkpt lat="42.64632" lon="2.38796">
    <ele>508.11000000000007</ele>
   </trkpt>
   <trkpt lat="42.646570000000004" lon="2.3875">
    <ele>511.21999999999997</ele>
   </trkpt>
   <trkpt lat="42.6467" lon="2.38742">
    <ele>513.6200000000001</ele>
   </trkpt>
   <trkpt lat="42.64678000000001" lon="2.3873900000000003">
    <ele>513.6200000000001</ele>
   </trkpt>
   <trkpt lat="42.64696" lon="2.3872600000000004">
    <ele>515.37</ele>
   </trkpt>
   <trkpt lat="42.64703" lon="2.38696">
    <ele>515.48</ele>
   </trkpt>
   <trkpt lat="42.64708" lon="2.3868400000000003">
    <ele>515.59</ele>
   </trkpt>
   <trkpt lat="42.64723" lon="2.3867100000000003">
    <ele>516.38</ele>
   </trkpt>
   <trkpt lat="42.647330000000004" lon="2.3866">
    <ele>518.1800000000001</ele>
   </trkpt>
   <trkpt lat="42.647360000000006" lon="2.3865000000000003">
    <ele>518.1800000000001</ele>
   </trkpt>
   <trkpt lat="42.647330000000004" lon="2.3862900000000002">
    <ele>519.0400000000001</ele>
   </trkpt>
   <trkpt lat="42.647220000000004" lon="2.3861700000000003">
    <ele>519.59</ele>
   </trkpt>
   <trkpt lat="42.646930000000005" lon="2.38615">
    <ele>521.21</ele>
   </trkpt>
   <trkpt lat="42.64678000000001" lon="2.3861100000000004">
    <ele>522.27</ele>
   </trkpt>
   <trkpt lat="42.64661" lon="2.38599">
    <ele>523.9</ele>
   </trkpt>
   <trkpt lat="42.64645" lon="2.3857700000000004">
    <ele>524.64</ele>
   </trkpt>
   <trkpt lat="42.64640000000001" lon="2.3856300000000004">
    <ele>526.24</ele>
   </trkpt>
   <trkpt lat="42.64643" lon="2.3852800000000003">
    <ele>528.0600000000001</ele>
   </trkpt>
   <trkpt lat="42.646390000000004" lon="2.3851400000000003">
    <ele>528.9200000000001</ele>
   </trkpt>
   <trkpt lat="42.646300000000004" lon="2.3849600000000004">
    <ele>530.25</ele>
   </trkpt>
   <trkpt lat="42.646190000000004" lon="2.38459">
    <ele>531.48</ele>
   </trkpt>
   <trkpt lat="42.646040000000006" lon="2.38436">
    <ele>535.13</ele>
   </trkpt>
   <trkpt lat="42.646" lon="2.3842700000000003">
    <ele>535.13</ele>
   </trkpt>
   <trkpt lat="42.646010000000004" lon="2.38418">
    <ele>535.13</ele>
   </trkpt>
   <trkpt lat="42.64609" lon="2.38409">
    <ele>535.13</ele>
   </trkpt>
   <trkpt lat="42.64631000000001" lon="2.3839900000000003">
    <ele>537.66</ele>
   </trkpt>
   <trkpt lat="42.64643" lon="2.38398">
    <ele>538.27</ele>
   </trkpt>
   <trkpt lat="42.6465" lon="2.3839400000000004">
    <ele>538.5500000000001</ele>
   </trkpt>
   <trkpt lat="42.646640000000005" lon="2.3837300000000003">
    <ele>539.5300000000001</ele>
   </trkpt>
   <trkpt lat="42.64674" lon="2.38363">
    <ele>540.2</ele>
   </trkpt>
   <trkpt lat="42.64701" lon="2.3834600000000004">
    <ele>541.71</ele>
   </trkpt>
   <trkpt lat="42.647490000000005" lon="2.38321">
    <ele>546.3100000000001</ele>
   </trkpt>
   <trkpt lat="42.64762" lon="2.3831100000000003">
    <ele>546.3100000000001</ele>
   </trkpt>
   <trkpt lat="42.647710000000004" lon="2.38295">
    <ele>548.33</ele>
   </trkpt>
   <trkpt lat="42.64779" lon="2.38273">
    <ele>549.49</ele>
   </trkpt>
   <trkpt lat="42.64782" lon="2.3825600000000002">
    <ele>550.98</ele>
   </trkpt>
   <trkpt lat="42.64782" lon="2.38241">
    <ele>552.07</ele>
   </trkpt>
   <trkpt lat="42.647890000000004" lon="2.38214">
    <ele>553.4</ele>
   </trkpt>
   <trkpt lat="42.647960000000005" lon="2.3820200000000002">
    <ele>553.9200000000001</ele>
   </trkpt>
   <trkpt lat="42.64802" lon="2.3819500000000002">
    <ele>553.9200000000001</ele>
   </trkpt>
   <trkpt lat="42.64813" lon="2.38188">
    <ele>554.47</ele>
   </trkpt>
   <trkpt lat="42.648270000000004" lon="2.38185">
    <ele>554.7</ele>
   </trkpt>
   <trkpt lat="42.64844" lon="2.3819100000000004">
    <ele>555.12</ele>
   </trkpt>
   <trkpt lat="42.648520000000005" lon="2.3819100000000004">
    <ele>555.4100000000001</ele>
   </trkpt>
   <trkpt lat="42.648680000000006" lon="2.38185">
    <ele>555.6300000000001</ele>
   </trkpt>
   <trkpt lat="42.64876" lon="2.38179">
    <ele>555.73</ele>
   </trkpt>
   <trkpt lat="42.648970000000006" lon="2.3815000000000004">
    <ele>555.76</ele>
   </trkpt>
   <trkpt lat="42.649060000000006" lon="2.3814100000000002">
    <ele>555.76</ele>
   </trkpt>
   <trkpt lat="42.64943" lon="2.38132">
    <ele>555.83</ele>
   </trkpt>
   <trkpt lat="42.64956" lon="2.3812100000000003">
    <ele>556.0</ele>
   </trkpt>
   <trkpt lat="42.64972" lon="2.38097">
    <ele>556.09</ele>
   </trkpt>
   <trkpt lat="42.649800000000006" lon="2.3808200000000004">
    <ele>556.1400000000001</ele>
   </trkpt>
   <trkpt lat="42.6499" lon="2.3807">
    <ele>556.22</ele>
   </trkpt>
   <trkpt lat="42.6501" lon="2.3806100000000003">
    <ele>556.5300000000001</ele>
   </trkpt>
   <trkpt lat="42.65021" lon="2.38051">
    <ele>556.6300000000001</ele>
   </trkpt>
   <trkpt lat="42.6503" lon="2.3803300000000003">
    <ele>556.8100000000001</ele>
   </trkpt>
   <trkpt lat="42.65048" lon="2.37963">
    <ele>557.2600000000001</ele>
   </trkpt>
   <trkpt lat="42.6507" lon="2.379">
    <ele>557.52</ele>
   </trkpt>
   <trkpt lat="42.65073" lon="2.37888">
    <ele>557.52</ele>
   </trkpt>
   <trkpt lat="42.65095" lon="2.37827">
    <ele>557.9900000000001</ele>
   </trkpt>
   <trkpt lat="42.650980000000004" lon="2.37808">
    <ele>557.9900000000001</ele>
   </trkpt>
   <trkpt lat="42.65110000000001" lon="2.37774">
    <ele>558.12</ele>
   </trkpt>
   <trkpt lat="42.651160000000004" lon="2.37764">
    <ele>558.21</ele>
   </trkpt>
   <trkpt lat="42.651230000000005" lon="2.37758">
    <ele>558.21</ele>
   </trkpt>
   <trkpt lat="42.65147" lon="2.37754">
    <ele>558.5600000000001</ele>
   </trkpt>
   <trkpt lat="42.65155" lon="2.3775000000000004">
    <ele>558.74</ele>
   </trkpt>
   <trkpt lat="42.65164" lon="2.3774200000000003">
    <ele>559.3100000000001</ele>
   </trkpt>
   <trkpt lat="42.651810000000005" lon="2.37739">
    <ele>559.9900000000001</ele>
   </trkpt>
   <trkpt lat="42.652" lon="2.37731">
    <ele>559.9900000000001</ele>
   </trkpt>
   <trkpt lat="42.652080000000005" lon="2.37731">
    <ele>559.9900000000001</ele>
   </trkpt>
   <trkpt lat="42.652280000000005" lon="2.3773600000000004">
    <ele>562.11</ele>
   </trkpt>
   <trkpt lat="42.6524" lon="2.3773500000000003">
    <ele>562.11</ele>
   </trkpt>
   <trkpt lat="42.652570000000004" lon="2.3772100000000003">
    <ele>562.61</ele>
   </trkpt>
   <trkpt lat="42.652840000000005" lon="2.3769">
    <ele>564.08</ele>
   </trkpt>
   <trkpt lat="42.65325000000001" lon="2.3767400000000003">
    <ele>567.74</ele>
   </trkpt>
   <trkpt lat="42.653800000000004" lon="2.37659">
    <ele>568.7800000000001</ele>
   </trkpt>
   <trkpt lat="42.65453" lon="2.37636">
    <ele>573.9200000000001</ele>
   </trkpt>
   <trkpt lat="42.6546" lon="2.37631">
    <ele>573.9200000000001</ele>
   </trkpt>
   <trkpt lat="42.6548" lon="2.37611">
    <ele>576.0600000000001</ele>
   </trkpt>
   <trkpt lat="42.655075001664564" lon="2.375495002675345">
    <ele>578.83</ele>
   </trkpt>
   <trkpt lat="42.655350000000006" lon="2.37488">
    <ele>581.31</ele>
   </trkpt>
   <trkpt lat="42.65543" lon="2.37476">
    <ele>583.1500000000001</ele>
   </trkpt>
   <trkpt lat="42.65554" lon="2.37469">
    <ele>583.1500000000001</ele>
   </trkpt>
   <trkpt lat="42.65567" lon="2.3746400000000003">
    <ele>583.85</ele>
   </trkpt>
   <trkpt lat="42.656110000000005" lon="2.37462">
    <ele>586.2900000000001</ele>
   </trkpt>
   <trkpt lat="42.656240000000004" lon="2.3745700000000003">
    <ele>586.2900000000001</ele>
   </trkpt>
   <trkpt lat="42.656380000000006" lon="2.37447">
    <ele>587.44</ele>
   </trkpt>
   <trkpt lat="42.656945003355005" lon="2.373590008015267">
    <ele>591.9300000000001</ele>
   </trkpt>
   <trkpt lat="42.65751" lon="2.37271">
    <ele>597.07</ele>
   </trkpt>
   <trkpt lat="42.657770000000006" lon="2.3722700000000003">
    <ele>600.1899999999999</ele>
   </trkpt>
   <trkpt lat="42.657830000000004" lon="2.3721">
    <ele>600.7600000000001</ele>
   </trkpt>
   <trkpt lat="42.65785" lon="2.3719400000000004">
    <ele>601.7300000000001</ele>
   </trkpt>
   <trkpt lat="42.65786000000001" lon="2.37168">
    <ele>601.89</ele>
   </trkpt>
   <trkpt lat="42.65778" lon="2.37108">
    <ele>602.32</ele>
   </trkpt>
   <trkpt lat="42.657810000000005" lon="2.3709100000000003">
    <ele>602.11</ele>
   </trkpt>
   <trkpt lat="42.65793" lon="2.3707100000000003">
    <ele>600.2900000000001</ele>
   </trkpt>
   <trkpt lat="42.65807" lon="2.3706">
    <ele>599.85</ele>
   </trkpt>
   <trkpt lat="42.65842000000001" lon="2.3703800000000004">
    <ele>599.4</ele>
   </trkpt>
   <trkpt lat="42.65854" lon="2.37022">
    <ele>599.96</ele>
   </trkpt>
   <trkpt lat="42.65861" lon="2.37001">
    <ele>600.7900000000001</ele>
   </trkpt>
   <trkpt lat="42.65869" lon="2.36954">
    <ele>602.6100000000001</ele>
   </trkpt>
   <trkpt lat="42.65881" lon="2.3692800000000003">
    <ele>603.04</ele>
   </trkpt>
   <trkpt lat="42.65917" lon="2.3688200000000004">
    <ele>605.3000000000001</ele>
   </trkpt>
   <trkpt lat="42.659330000000004" lon="2.3683500000000004">
    <ele>607.4900000000001</ele>
   </trkpt>
   <trkpt lat="42.659510000000004" lon="2.3677">
    <ele>609.83</ele>
   </trkpt>
   <trkpt lat="42.659580000000005" lon="2.3675900000000003">
    <ele>609.72</ele>
   </trkpt>
   <trkpt lat="42.659670000000006" lon="2.3675200000000003">
    <ele>609.72</ele>
   </trkpt>
   <trkpt lat="42.6599" lon="2.36744">
    <ele>609.2700000000001</ele>
   </trkpt>
   <trkpt lat="42.66002" lon="2.36729">
    <ele>609.1700000000001</ele>
   </trkpt>
   <trkpt lat="42.66010000000001" lon="2.3671100000000003">
    <ele>609.26</ele>
   </trkpt>
   <trkpt lat="42.66015" lon="2.36694">
    <ele>609.41</ele>
   </trkpt>
   <trkpt lat="42.660160000000005" lon="2.3667900000000004">
    <ele>609.62</ele>
   </trkpt>
   <trkpt lat="42.66013" lon="2.36666">
    <ele>609.7</ele>
   </trkpt>
   <trkpt lat="42.660090000000004" lon="2.36661">
    <ele>609.82</ele>
   </trkpt>
   <trkpt lat="42.65972" lon="2.3664">
    <ele>611.6600000000001</ele>
   </trkpt>
   <trkpt lat="42.65964" lon="2.3663100000000004">
    <ele>611.6600000000001</ele>
   </trkpt>
   <trkpt lat="42.65959" lon="2.3661600000000003">
    <ele>612.12</ele>
   </trkpt>
   <trkpt lat="42.65957" lon="2.3660200000000002">
    <ele>612.4900000000001</ele>
   </trkpt>
   <trkpt lat="42.65959" lon="2.36585">
    <ele>612.7800000000001</ele>
   </trkpt>
   <trkpt lat="42.65968" lon="2.36552">
    <ele>613.48</ele>
   </trkpt>
   <trkpt lat="42.65992000000001" lon="2.3648200000000004">
    <ele>615.2500000000001</ele>
   </trkpt>
   <trkpt lat="42.660140000000006" lon="2.36437">
    <ele>615.96</ele>
   </trkpt>
   <trkpt lat="42.660320000000006" lon="2.36409">
    <ele>616.1</ele>
   </trkpt>
   <trkpt lat="42.66044" lon="2.3640100000000004">
    <ele>616.1</ele>
   </trkpt>
   <trkpt lat="42.66078" lon="2.36388">
    <ele>616.44</ele>
   </trkpt>
   <trkpt lat="42.660920000000004" lon="2.36376">
    <ele>616.97</ele>
   </trkpt>
   <trkpt lat="42.661030000000004" lon="2.36363">
    <ele>618.1000000000001</ele>
   </trkpt>
   <trkpt lat="42.66118" lon="2.36336">
    <ele>619.07</ele>
   </trkpt>
   <trkpt lat="42.661300000000004" lon="2.36303">
    <ele>620.0300000000001</ele>
   </trkpt>
   <trkpt lat="42.66132" lon="2.36288">
    <ele>620.95</ele>
   </trkpt>
   <trkpt lat="42.66129" lon="2.36273">
    <ele>620.95</ele>
   </trkpt>
   <trkpt lat="42.66113" lon="2.3623800000000004">
    <ele>622.3700000000001</ele>
   </trkpt>
   <trkpt lat="42.661030000000004" lon="2.3620900000000002">
    <ele>622.74</ele>
   </trkpt>
   <trkpt lat="42.660970000000006" lon="2.3618">
    <ele>624.8100000000001</ele>
   </trkpt>
   <trkpt lat="42.660830000000004" lon="2.36097">
    <ele>628.0</ele>
   </trkpt>
   <trkpt lat="42.66086000000001" lon="2.3607400000000003">
    <ele>628.0</ele>
   </trkpt>
   <trkpt lat="42.66091" lon="2.36063">
    <ele>628.99</ele>
   </trkpt>
   <trkpt lat="42.661080000000005" lon="2.3604200000000004">
    <ele>629.8800000000001</ele>
   </trkpt>
   <trkpt lat="42.661150000000006" lon="2.3602800000000004">
    <ele>630.9</ele>
   </trkpt>
   <trkpt lat="42.661190000000005" lon="2.36012">
    <ele>631.5500000000001</ele>
   </trkpt>
   <trkpt lat="42.66126500226169" lon="2.359400000798697">
    <ele>634.8000000000001</ele>
   </trkpt>
   <trkpt lat="42.66134" lon="2.35868">
    <ele>637.1300000000001</ele>
   </trkpt>
   <trkpt lat="42.661460000000005" lon="2.35829">
    <ele>637.1300000000001</ele>
   </trkpt>
   <trkpt lat="42.66178" lon="2.3576400000000004">
    <ele>642.0600000000001</ele>
   </trkpt>
   <trkpt lat="42.6619" lon="2.35734">
    <ele>643.82</ele>
   </trkpt>
   <trkpt lat="42.66199" lon="2.35717">
    <ele>643.82</ele>
   </trkpt>
   <trkpt lat="42.66235" lon="2.35666">
    <ele>646.7700000000001</ele>
   </trkpt>
   <trkpt lat="42.662580000000005" lon="2.35618">
    <ele>649.4200000000001</ele>
   </trkpt>
   <trkpt lat="42.66266" lon="2.3559900000000003">
    <ele>651.72</ele>
   </trkpt>
   <trkpt lat="42.663000000000004" lon="2.35536">
    <ele>654.03</ele>
   </trkpt>
   <trkpt lat="42.66308" lon="2.3551">
    <ele>655.4000000000001</ele>
   </trkpt>
   <trkpt lat="42.663120000000006" lon="2.3549">
    <ele>655.4000000000001</ele>
   </trkpt>
   <trkpt lat="42.66315" lon="2.3544">
    <ele>657.71</ele>
   </trkpt>
   <trkpt lat="42.6632" lon="2.35421">
    <ele>658.19</ele>
   </trkpt>
   <trkpt lat="42.66324" lon="2.3541600000000003">
    <ele>659.27</ele>
   </trkpt>
   <trkpt lat="42.66333" lon="2.3541000000000003">
    <ele>659.27</ele>
   </trkpt>
   <trkpt lat="42.66364" lon="2.35408">
    <ele>661.1</ele>
   </trkpt>
   <trkpt lat="42.66373" lon="2.3540300000000003">
    <ele>661.81</ele>
   </trkpt>
   <trkpt lat="42.663830000000004" lon="2.3538900000000003">
    <ele>662.71</ele>
   </trkpt>
   <trkpt lat="42.66404" lon="2.3534300000000004">
    <ele>664.24</ele>
   </trkpt>
   <trkpt lat="42.66411" lon="2.35334">
    <ele>666.21</ele>
   </trkpt>
   <trkpt lat="42.6647" lon="2.35283">
    <ele>669.0200000000001</ele>
   </trkpt>
   <trkpt lat="42.66503" lon="2.35258">
    <ele>670.8100000000001</ele>
   </trkpt>
   <trkpt lat="42.66519" lon="2.35252">
    <ele>670.8100000000001</ele>
   </trkpt>
   <trkpt lat="42.66539" lon="2.3525">
    <ele>672.6500000000001</ele>
   </trkpt>
   <trkpt lat="42.66577" lon="2.3525400000000003">
    <ele>673.27</ele>
   </trkpt>
   <trkpt lat="42.66595" lon="2.3525300000000002">
    <ele>673.54</ele>
   </trkpt>
   <trkpt lat="42.66608" lon="2.3524700000000003">
    <ele>674.4100000000001</ele>
   </trkpt>
   <trkpt lat="42.666340000000005" lon="2.3520100000000004">
    <ele>675.2300000000001</ele>
   </trkpt>
   <trkpt lat="42.66646" lon="2.35185">
    <ele>676.76</ele>
   </trkpt>
   <trkpt lat="42.66695000000001" lon="2.3514700000000004">
    <ele>677.88</ele>
   </trkpt>
   <trkpt lat="42.667300000000004" lon="2.35114">
    <ele>679.48</ele>
   </trkpt>
   <trkpt lat="42.66769" lon="2.35074">
    <ele>680.59</ele>
   </trkpt>
   <trkpt lat="42.667880000000004" lon="2.3506400000000003">
    <ele>680.59</ele>
   </trkpt>
   <trkpt lat="42.668690000000005" lon="2.3505100000000003">
    <ele>686.2900000000001</ele>
   </trkpt>
   <trkpt lat="42.668910000000004" lon="2.3504400000000003">
    <ele>687.4</ele>
   </trkpt>
   <trkpt lat="42.6694" lon="2.35013">
    <ele>692.6300000000001</ele>
   </trkpt>
   <trkpt lat="42.66946" lon="2.3500400000000004">
    <ele>692.95</ele>
   </trkpt>
   <trkpt lat="42.669470000000004" lon="2.34993">
    <ele>692.95</ele>
   </trkpt>
   <trkpt lat="42.66946" lon="2.34981">
    <ele>693.08</ele>
   </trkpt>
   <trkpt lat="42.669410000000006" lon="2.34966">
    <ele>695.0</ele>
   </trkpt>
   <trkpt lat="42.669360000000005" lon="2.34959">
    <ele>695.0</ele>
   </trkpt>
   <trkpt lat="42.669290000000004" lon="2.3495500000000002">
    <ele>695.0</ele>
   </trkpt>
   <trkpt lat="42.669200000000004" lon="2.3495600000000003">
    <ele>695.0</ele>
   </trkpt>
   <trkpt lat="42.669000000000004" lon="2.3496900000000003">
    <ele>698.72</ele>
   </trkpt>
   <trkpt lat="42.668870000000005" lon="2.34979">
    <ele>698.9900000000001</ele>
   </trkpt>
   <trkpt lat="42.66879" lon="2.3498">
    <ele>698.9900000000001</ele>
   </trkpt>
   <trkpt lat="42.66859" lon="2.3496300000000003">
    <ele>699.83</ele>
   </trkpt>
   <trkpt lat="42.66816500039494" lon="2.3493149978191776">
    <ele>702.2700000000001</ele>
   </trkpt>
   <trkpt lat="42.66774" lon="2.349">
    <ele>705.28</ele>
   </trkpt>
   <trkpt lat="42.66765" lon="2.3488">
    <ele>707.8199999999999</ele>
   </trkpt>
   <trkpt lat="42.66763" lon="2.3482700000000003">
    <ele>708.4100000000001</ele>
   </trkpt>
   <trkpt lat="42.667680000000004" lon="2.3481300000000003">
    <ele>708.4200000000001</ele>
   </trkpt>
   <trkpt lat="42.66774" lon="2.34803">
    <ele>708.34</ele>
   </trkpt>
   <trkpt lat="42.667770000000004" lon="2.3478600000000003">
    <ele>708.0500000000001</ele>
   </trkpt>
   <trkpt lat="42.66823" lon="2.34756">
    <ele>707.52</ele>
   </trkpt>
   <trkpt lat="42.668780000000005" lon="2.3471800000000003">
    <ele>707.37</ele>
   </trkpt>
   <trkpt lat="42.66901" lon="2.3469800000000003">
    <ele>707.0400000000001</ele>
   </trkpt>
   <trkpt lat="42.66919" lon="2.34675">
    <ele>706.85</ele>
   </trkpt>
   <trkpt lat="42.66930000000001" lon="2.34653">
    <ele>706.34</ele>
   </trkpt>
   <trkpt lat="42.66948" lon="2.3458400000000004">
    <ele>706.0000000000001</ele>
   </trkpt>
   <trkpt lat="42.66964" lon="2.34539">
    <ele>706.08</ele>
   </trkpt>
   <trkpt lat="42.669830000000005" lon="2.34518">
    <ele>706.16</ele>
   </trkpt>
   <trkpt lat="42.67004" lon="2.3450300000000004">
    <ele>706.16</ele>
   </trkpt>
   <trkpt lat="42.67031" lon="2.34492">
    <ele>707.13</ele>
   </trkpt>
   <trkpt lat="42.670440000000006" lon="2.3448900000000004">
    <ele>707.13</ele>
   </trkpt>
   <trkpt lat="42.67051" lon="2.3448">
    <ele>708.46</ele>
   </trkpt>
   <trkpt lat="42.67058" lon="2.34463">
    <ele>708.46</ele>
   </trkpt>
   <trkpt lat="42.67071000000001" lon="2.34446">
    <ele>708.9200000000001</ele>
   </trkpt>
   <trkpt lat="42.67087" lon="2.3443400000000003">
    <ele>709.74</ele>
   </trkpt>
   <trkpt lat="42.67116" lon="2.34422">
    <ele>710.43</ele>
   </trkpt>
   <trkpt lat="42.67123" lon="2.34417">
    <ele>710.9000000000001</ele>
   </trkpt>
   <trkpt lat="42.671380000000006" lon="2.34369">
    <ele>711.71</ele>
   </trkpt>
   <trkpt lat="42.67152" lon="2.34344">
    <ele>712.5600000000001</ele>
   </trkpt>
   <trkpt lat="42.671600000000005" lon="2.3432500000000003">
    <ele>713.34</ele>
   </trkpt>
   <trkpt lat="42.67175" lon="2.3427900000000004">
    <ele>714.67</ele>
   </trkpt>
   <trkpt lat="42.67183000000001" lon="2.34262">
    <ele>715.34</ele>
   </trkpt>
   <trkpt lat="42.671940000000006" lon="2.3423100000000003">
    <ele>716.5400000000001</ele>
   </trkpt>
   <trkpt lat="42.672090000000004" lon="2.3416900000000003">
    <ele>718.7600000000001</ele>
   </trkpt>
   <trkpt lat="42.672230000000006" lon="2.3412300000000004">
    <ele>719.86</ele>
   </trkpt>
   <trkpt lat="42.67235" lon="2.34098">
    <ele>720.83</ele>
   </trkpt>
   <trkpt lat="42.67255" lon="2.34078">
    <ele>721.96</ele>
   </trkpt>
   <trkpt lat="42.67275" lon="2.34044">
    <ele>723.16</ele>
   </trkpt>
   <trkpt lat="42.67295" lon="2.34019">
    <ele>723.16</ele>
   </trkpt>
   <trkpt lat="42.67349" lon="2.3397400000000004">
    <ele>725.6100000000001</ele>
   </trkpt>
   <trkpt lat="42.673860000000005" lon="2.3396000000000003">
    <ele>727.84</ele>
   </trkpt>
   <trkpt lat="42.673970000000004" lon="2.33944">
    <ele>728.94</ele>
   </trkpt>
   <trkpt lat="42.67398" lon="2.3393">
    <ele>728.94</ele>
   </trkpt>
   <trkpt lat="42.673930000000006" lon="2.33917">
    <ele>728.9300000000001</ele>
   </trkpt>
   <trkpt lat="42.673790000000004" lon="2.33896">
    <ele>729.57</ele>
   </trkpt>
   <trkpt lat="42.67369" lon="2.33874">
    <ele>729.83</ele>
   </trkpt>
   <trkpt lat="42.673660000000005" lon="2.3385700000000003">
    <ele>729.83</ele>
   </trkpt>
   <trkpt lat="42.67369" lon="2.33833">
    <ele>731.6100000000001</ele>
   </trkpt>
   <trkpt lat="42.67405" lon="2.3374">
    <ele>733.6300000000001</ele>
   </trkpt>
   <trkpt lat="42.67420500193029" lon="2.336730001765914">
    <ele>734.96</ele>
   </trkpt>
   <trkpt lat="42.67436" lon="2.3360600000000002">
    <ele>736.5100000000001</ele>
   </trkpt>
   <trkpt lat="42.674380000000006" lon="2.3358800000000004">
    <ele>737.9300000000001</ele>
   </trkpt>
   <trkpt lat="42.674350000000004" lon="2.33523">
    <ele>739.7900000000001</ele>
   </trkpt>
   <trkpt lat="42.67437" lon="2.3350000000000004">
    <ele>740.3900000000001</ele>
   </trkpt>
   <trkpt lat="42.674420000000005" lon="2.3347700000000002">
    <ele>741.68</ele>
   </trkpt>
   <trkpt lat="42.67459" lon="2.3342300000000002">
    <ele>742.92</ele>
   </trkpt>
   <trkpt lat="42.674760000000006" lon="2.3338400000000004">
    <ele>744.4000000000001</ele>
   </trkpt>
   <trkpt lat="42.67519" lon="2.33324">
    <ele>746.85</ele>
   </trkpt>
   <trkpt lat="42.675290000000004" lon="2.33318">
    <ele>747.3000000000001</ele>
   </trkpt>
   <trkpt lat="42.675810000000006" lon="2.3330200000000003">
    <ele>750.59</ele>
   </trkpt>
   <trkpt lat="42.67596" lon="2.3329500000000003">
    <ele>751.95</ele>
   </trkpt>
   <trkpt lat="42.675990000000006" lon="2.3328200000000003">
    <ele>751.95</ele>
   </trkpt>
   <trkpt lat="42.675990000000006" lon="2.3326800000000003">
    <ele>751.97</ele>
   </trkpt>
   <trkpt lat="42.67597000000001" lon="2.3325400000000003">
    <ele>752.47</ele>
   </trkpt>
   <trkpt lat="42.67593" lon="2.3324800000000003">
    <ele>752.47</ele>
   </trkpt>
   <trkpt lat="42.675270000000005" lon="2.33218">
    <ele>754.62</ele>
   </trkpt>
   <trkpt lat="42.674580000000006" lon="2.3320600000000002">
    <ele>758.53</ele>
   </trkpt>
   <trkpt lat="42.674380000000006" lon="2.3319300000000003">
    <ele>759.6400000000001</ele>
   </trkpt>
   <trkpt lat="42.674240000000005" lon="2.33177">
    <ele>760.12</ele>
   </trkpt>
   <trkpt lat="42.674150000000004" lon="2.33163">
    <ele>761.1300000000001</ele>
   </trkpt>
   <trkpt lat="42.67409000000001" lon="2.3314600000000003">
    <ele>761.82</ele>
   </trkpt>
   <trkpt lat="42.67407" lon="2.3313200000000003">
    <ele>762.21</ele>
   </trkpt>
   <trkpt lat="42.6741" lon="2.3311200000000003">
    <ele>762.6700000000001</ele>
   </trkpt>
   <trkpt lat="42.674220000000005" lon="2.33061">
    <ele>763.2</ele>
   </trkpt>
   <trkpt lat="42.6743" lon="2.33007">
    <ele>763.75</ele>
   </trkpt>
   <trkpt lat="42.67443" lon="2.3298400000000004">
    <ele>763.9100000000001</ele>
   </trkpt>
   <trkpt lat="42.674850000000006" lon="2.32938">
    <ele>765.34</ele>
   </trkpt>
   <trkpt lat="42.67508" lon="2.3289400000000002">
    <ele>767.4000000000001</ele>
   </trkpt>
   <trkpt lat="42.675320000000006" lon="2.3283500000000004">
    <ele>768.1800000000001</ele>
   </trkpt>
   <trkpt lat="42.675450000000005" lon="2.3277200000000002">
    <ele>770.6400000000001</ele>
   </trkpt>
   <trkpt lat="42.67555" lon="2.3268500000000003">
    <ele>775.0600000000001</ele>
   </trkpt>
   <trkpt lat="42.675520000000006" lon="2.32668">
    <ele>775.0600000000001</ele>
   </trkpt>
   <trkpt lat="42.67544" lon="2.32641">
    <ele>776.7900000000001</ele>
   </trkpt>
   <trkpt lat="42.67542" lon="2.32619">
    <ele>777.61</ele>
   </trkpt>
   <trkpt lat="42.675430000000006" lon="2.3257800000000004">
    <ele>778.05</ele>
   </trkpt>
   <trkpt lat="42.675670000000004" lon="2.32471">
    <ele>776.99</ele>
   </trkpt>
   <trkpt lat="42.67568000000001" lon="2.3245500000000003">
    <ele>776.99</ele>
   </trkpt>
   <trkpt lat="42.675670000000004" lon="2.32444">
    <ele>776.99</ele>
   </trkpt>
   <trkpt lat="42.675580000000004" lon="2.3241400000000003">
    <ele>776.69</ele>
   </trkpt>
   <trkpt lat="42.67549" lon="2.32342">
    <ele>776.7700000000001</ele>
   </trkpt>
   <trkpt lat="42.67533" lon="2.3226600000000004">
    <ele>778.5200000000001</ele>
   </trkpt>
   <trkpt lat="42.675320000000006" lon="2.32253">
    <ele>779.2800000000001</ele>
   </trkpt>
   <trkpt lat="42.675340000000006" lon="2.3224400000000003">
    <ele>779.2800000000001</ele>
   </trkpt>
   <trkpt lat="42.67553" lon="2.3219700000000003">
    <ele>781.8100000000001</ele>
   </trkpt>
   <trkpt lat="42.67562" lon="2.32182">
    <ele>782.3100000000001</ele>
   </trkpt>
   <trkpt lat="42.676140000000004" lon="2.3212900000000003">
    <ele>785.57</ele>
   </trkpt>
   <trkpt lat="42.676790000000004" lon="2.32079">
    <ele>789.2600000000001</ele>
   </trkpt>
   <trkpt lat="42.676950000000005" lon="2.3206200000000003">
    <ele>793.49</ele>
   </trkpt>
   <trkpt lat="42.67732" lon="2.3200800000000004">
    <ele>794.57</ele>
   </trkpt>
   <trkpt lat="42.677550000000004" lon="2.3196700000000003">
    <ele>798.5300000000001</ele>
   </trkpt>
   <trkpt lat="42.67768" lon="2.31936">
    <ele>800.44</ele>
   </trkpt>
   <trkpt lat="42.67777" lon="2.31903">
    <ele>803.6200000000001</ele>
   </trkpt>
   <trkpt lat="42.677820000000004" lon="2.3186600000000004">
    <ele>804.85</ele>
   </trkpt>
   <trkpt lat="42.67785000000001" lon="2.3183700000000003">
    <ele>806.32</ele>
   </trkpt>
   <trkpt lat="42.67783" lon="2.3181100000000003">
    <ele>807.95</ele>
   </trkpt>
   <trkpt lat="42.67777" lon="2.3176400000000004">
    <ele>810.36</ele>
   </trkpt>
   <trkpt lat="42.67785500430772" lon="2.3166450013364566">
    <ele>814.07</ele>
   </trkpt>
   <trkpt lat="42.67794000000001" lon="2.31565">
    <ele>818.1600000000001</ele>
   </trkpt>
   <trkpt lat="42.67801" lon="2.31544">
    <ele>820.6000000000001</ele>
   </trkpt>
   <trkpt lat="42.67817" lon="2.31508">
    <ele>822.09</ele>
   </trkpt>
   <trkpt lat="42.67833" lon="2.3146400000000003">
    <ele>825.57</ele>
   </trkpt>
   <trkpt lat="42.678360000000005" lon="2.31435">
    <ele>826.88</ele>
   </trkpt>
   <trkpt lat="42.67833" lon="2.3139800000000004">
    <ele>827.79</ele>
   </trkpt>
   <trkpt lat="42.67841000170734" lon="2.3133550007381496">
    <ele>831.6000000000001</ele>
   </trkpt>
   <trkpt lat="42.678490000000004" lon="2.31273">
    <ele>834.8700000000001</ele>
   </trkpt>
   <trkpt lat="42.67859000000001" lon="2.3122000000000003">
    <ele>838.1700000000001</ele>
   </trkpt>
   <trkpt lat="42.67868" lon="2.3118700000000003">
    <ele>838.1700000000001</ele>
   </trkpt>
   <trkpt lat="42.67877" lon="2.3115400000000004">
    <ele>841.76</ele>
   </trkpt>
   <trkpt lat="42.678920000000005" lon="2.31069">
    <ele>845.32</ele>
   </trkpt>
   <trkpt lat="42.67909" lon="2.3102">
    <ele>849.77</ele>
   </trkpt>
   <trkpt lat="42.67913" lon="2.30966">
    <ele>851.6100000000001</ele>
   </trkpt>
   <trkpt lat="42.679210000000005" lon="2.3091600000000003">
    <ele>854.49</ele>
   </trkpt>
   <trkpt lat="42.679210000000005" lon="2.30892">
    <ele>858.31</ele>
   </trkpt>
   <trkpt lat="42.67916500176607" lon="2.3082849997156467">
    <ele>860.8000000000001</ele>
   </trkpt>
   <trkpt lat="42.679120000000005" lon="2.30765">
    <ele>864.3100000000001</ele>
   </trkpt>
   <trkpt lat="42.67902" lon="2.3065900000000004">
    <ele>868.32</ele>
   </trkpt>
   <trkpt lat="42.67904" lon="2.3063700000000003">
    <ele>869.19</ele>
   </trkpt>
   <trkpt lat="42.67915000000001" lon="2.30581">
    <ele>871.63</ele>
   </trkpt>
   <trkpt lat="42.679100000000005" lon="2.3050800000000002">
    <ele>876.6800000000001</ele>
   </trkpt>
   <trkpt lat="42.67913" lon="2.30479">
    <ele>878.3400000000001</ele>
   </trkpt>
   <trkpt lat="42.67918" lon="2.3046">
    <ele>880.1000000000001</ele>
   </trkpt>
   <trkpt lat="42.67931" lon="2.3042900000000004">
    <ele>881.83</ele>
   </trkpt>
   <trkpt lat="42.67935000000001" lon="2.3041500000000004">
    <ele>881.83</ele>
   </trkpt>
   <trkpt lat="42.679390000000005" lon="2.30331">
    <ele>887.35</ele>
   </trkpt>
   <trkpt lat="42.67949" lon="2.30296">
    <ele>888.65</ele>
   </trkpt>
   <trkpt lat="42.67951" lon="2.30216">
    <ele>893.11</ele>
   </trkpt>
   <trkpt lat="42.679590000000005" lon="2.30167">
    <ele>895.0300000000001</ele>
   </trkpt>
   <trkpt lat="42.67962000000001" lon="2.30131">
    <ele>896.82</ele>
   </trkpt>
   <trkpt lat="42.67971" lon="2.3007600000000004">
    <ele>900.5200000000001</ele>
   </trkpt>
   <trkpt lat="42.679790000000004" lon="2.3000100000000003">
    <ele>904.4100000000001</ele>
   </trkpt>
   <trkpt lat="42.67982000000001" lon="2.29983">
    <ele>905.5400000000001</ele>
   </trkpt>
   <trkpt lat="42.67987" lon="2.2997300000000003">
    <ele>905.5400000000001</ele>
   </trkpt>
   <trkpt lat="42.680060000000005" lon="2.2995200000000002">
    <ele>909.46</ele>
   </trkpt>
   <trkpt lat="42.680110000000006" lon="2.2994000000000003">
    <ele>909.46</ele>
   </trkpt>
   <trkpt lat="42.68014" lon="2.29908">
    <ele>912.27</ele>
   </trkpt>
   <trkpt lat="42.68029000000001" lon="2.2983900000000004">
    <ele>916.4700000000001</ele>
   </trkpt>
   <trkpt lat="42.680330000000005" lon="2.29779">
    <ele>918.85</ele>
   </trkpt>
   <trkpt lat="42.68037" lon="2.29762">
    <ele>921.22</ele>
   </trkpt>
   <trkpt lat="42.6805" lon="2.29725">
    <ele>923.44</ele>
   </trkpt>
   <trkpt lat="42.68052" lon="2.29711">
    <ele>923.44</ele>
   </trkpt>
   <trkpt lat="42.680510000000005" lon="2.2960100000000003">
    <ele>930.9200000000001</ele>
   </trkpt>
   <trkpt lat="42.680550000000004" lon="2.2957300000000003">
    <ele>932.3000000000001</ele>
   </trkpt>
   <trkpt lat="42.68083" lon="2.29501">
    <ele>937.15</ele>
   </trkpt>
   <trkpt lat="42.681000000000004" lon="2.29483">
    <ele>937.15</ele>
   </trkpt>
   <trkpt lat="42.68117" lon="2.29476">
    <ele>940.52</ele>
   </trkpt>
   <trkpt lat="42.681290000000004" lon="2.29468">
    <ele>941.58</ele>
   </trkpt>
   <trkpt lat="42.681340000000006" lon="2.2945900000000004">
    <ele>941.86</ele>
   </trkpt>
   <trkpt lat="42.68135" lon="2.2944600000000004">
    <ele>942.58</ele>
   </trkpt>
   <trkpt lat="42.68132000000001" lon="2.2943800000000003">
    <ele>943.1100000000001</ele>
   </trkpt>
   <trkpt lat="42.681140000000006" lon="2.2941900000000004">
    <ele>944.9300000000001</ele>
   </trkpt>
   <trkpt lat="42.681070000000005" lon="2.2940300000000002">
    <ele>944.9300000000001</ele>
   </trkpt>
   <trkpt lat="42.68083" lon="2.29328">
    <ele>949.7800000000001</ele>
   </trkpt>
   <trkpt lat="42.68077" lon="2.29319">
    <ele>950.4100000000001</ele>
   </trkpt>
   <trkpt lat="42.68039" lon="2.29293">
    <ele>954.7500000000001</ele>
   </trkpt>
   <trkpt lat="42.6803" lon="2.29286">
    <ele>954.97</ele>
   </trkpt>
   <trkpt lat="42.68023" lon="2.2927600000000004">
    <ele>955.09</ele>
   </trkpt>
   <trkpt lat="42.680200000000006" lon="2.2926800000000003">
    <ele>955.09</ele>
   </trkpt>
   <trkpt lat="42.680200000000006" lon="2.2926200000000003">
    <ele>955.3300000000002</ele>
   </trkpt>
   <trkpt lat="42.68041500133807" lon="2.2920400023440504">
    <ele>957.1700000000001</ele>
   </trkpt>
   <trkpt lat="42.68063" lon="2.2914600000000003">
    <ele>961.28</ele>
   </trkpt>
   <trkpt lat="42.6807" lon="2.2913200000000002">
    <ele>961.28</ele>
   </trkpt>
   <trkpt lat="42.68097" lon="2.29102">
    <ele>965.3900000000001</ele>
   </trkpt>
   <trkpt lat="42.681140000000006" lon="2.2908700000000004">
    <ele>965.3900000000001</ele>
   </trkpt>
   <trkpt lat="42.681290000000004" lon="2.29063">
    <ele>967.9100000000001</ele>
   </trkpt>
   <trkpt lat="42.68159000000001" lon="2.28988">
    <ele>972.3600000000001</ele>
   </trkpt>
   <trkpt lat="42.68169" lon="2.2895600000000003">
    <ele>974.7900000000001</ele>
   </trkpt>
   <trkpt lat="42.681720000000006" lon="2.28935">
    <ele>974.7900000000001</ele>
   </trkpt>
   <trkpt lat="42.68175" lon="2.2887000000000004">
    <ele>979.9200000000001</ele>
   </trkpt>
   <trkpt lat="42.6818" lon="2.28845">
    <ele>981.8700000000001</ele>
   </trkpt>
   <trkpt lat="42.68188000000001" lon="2.28832">
    <ele>983.7800000000001</ele>
   </trkpt>
   <trkpt lat="42.682120000000005" lon="2.28819">
    <ele>985.62</ele>
   </trkpt>
   <trkpt lat="42.68216" lon="2.28811">
    <ele>986.3600000000001</ele>
   </trkpt>
   <trkpt lat="42.68216" lon="2.2880000000000003">
    <ele>986.95</ele>
   </trkpt>
   <trkpt lat="42.68186" lon="2.28769">
    <ele>988.5600000000001</ele>
   </trkpt>
   <trkpt lat="42.681810000000006" lon="2.28758">
    <ele>990.32</ele>
   </trkpt>
   <trkpt lat="42.681720000000006" lon="2.2863700000000002">
    <ele>998.2400000000001</ele>
   </trkpt>
   <trkpt lat="42.68168" lon="2.28627">
    <ele>998.94</ele>
   </trkpt>
   <trkpt lat="42.681610000000006" lon="2.2861900000000004">
    <ele>998.94</ele>
   </trkpt>
   <trkpt lat="42.68150000000001" lon="2.28613">
    <ele>1000.5600000000001</ele>
   </trkpt>
   <trkpt lat="42.68117" lon="2.2856500000000004">
    <ele>1005.05</ele>
   </trkpt>
   <trkpt lat="42.6811" lon="2.28526">
    <ele>1006.7000000000002</ele>
   </trkpt>
   <trkpt lat="42.681090000000005" lon="2.28492">
    <ele>1010.2900000000001</ele>
   </trkpt>
   <trkpt lat="42.68104" lon="2.2846800000000003">
    <ele>1010.2900000000001</ele>
   </trkpt>
   <trkpt lat="42.680930000000004" lon="2.28433">
    <ele>1013.3700000000001</ele>
   </trkpt>
   <trkpt lat="42.68081" lon="2.2838000000000003">
    <ele>1017.8800000000001</ele>
   </trkpt>
   <trkpt lat="42.68077" lon="2.28376">
    <ele>1017.8800000000001</ele>
   </trkpt>
   <trkpt lat="42.680640000000004" lon="2.28369">
    <ele>1017.9599999999999</ele>
   </trkpt>
   <trkpt lat="42.68057" lon="2.28372">
    <ele>1017.9599999999999</ele>
   </trkpt>
   <trkpt lat="42.680510000000005" lon="2.28379">
    <ele>1018.41</ele>
   </trkpt>
   <trkpt lat="42.68032" lon="2.2843">
    <ele>1019.2700000000001</ele>
   </trkpt>
   <trkpt lat="42.680220000000006" lon="2.28439">
    <ele>1019.8200000000002</ele>
   </trkpt>
   <trkpt lat="42.68012" lon="2.2844300000000004">
    <ele>1020.2300000000001</ele>
   </trkpt>
   <trkpt lat="42.679990000000004" lon="2.2844300000000004">
    <ele>1021.1300000000001</ele>
   </trkpt>
   <trkpt lat="42.679840000000006" lon="2.28432">
    <ele>1022.08</ele>
   </trkpt>
   <trkpt lat="42.67958" lon="2.28406">
    <ele>1023.3000000000001</ele>
   </trkpt>
   <trkpt lat="42.67909" lon="2.28364">
    <ele>1027.42</ele>
   </trkpt>
   <trkpt lat="42.679030000000004" lon="2.2835300000000003">
    <ele>1028.3500000000001</ele>
   </trkpt>
   <trkpt lat="42.679010000000005" lon="2.28342">
    <ele>1028.3500000000001</ele>
   </trkpt>
   <trkpt lat="42.67904" lon="2.28331">
    <ele>1030.28</ele>
   </trkpt>
   <trkpt lat="42.67911" lon="2.28323">
    <ele>1030.28</ele>
   </trkpt>
   <trkpt lat="42.679190000000006" lon="2.2832100000000004">
    <ele>1030.28</ele>
   </trkpt>
   <trkpt lat="42.67942" lon="2.28329">
    <ele>1032.43</ele>
   </trkpt>
   <trkpt lat="42.67951" lon="2.28328">
    <ele>1034.72</ele>
   </trkpt>
   <trkpt lat="42.67963" lon="2.28322">
    <ele>1034.72</ele>
   </trkpt>
   <trkpt lat="42.680040000000005" lon="2.2829">
    <ele>1038.3200000000002</ele>
   </trkpt>
   <trkpt lat="42.680220000000006" lon="2.2828000000000004">
    <ele>1039.05</ele>
   </trkpt>
   <trkpt lat="42.68034" lon="2.28268">
    <ele>1038.9</ele>
   </trkpt>
   <trkpt lat="42.68043" lon="2.2825900000000003">
    <ele>1038.9</ele>
   </trkpt>
   <trkpt lat="42.680640000000004" lon="2.2821100000000003">
    <ele>1042.06</ele>
   </trkpt>
   <trkpt lat="42.68068" lon="2.2818400000000003">
    <ele>1046.3</ele>
   </trkpt>
   <trkpt lat="42.68068" lon="2.28101">
    <ele>1050.27</ele>
   </trkpt>
   <trkpt lat="42.680730000000004" lon="2.28046">
    <ele>1056.21</ele>
   </trkpt>
   <trkpt lat="42.680730000000004" lon="2.2802100000000003">
    <ele>1056.21</ele>
   </trkpt>
   <trkpt lat="42.680670000000006" lon="2.2799">
    <ele>1056.21</ele>
   </trkpt>
   <trkpt lat="42.68059" lon="2.27969">
    <ele>1060.3200000000002</ele>
   </trkpt>
   <trkpt lat="42.68043" lon="2.2794800000000004">
    <ele>1061.16</ele>
   </trkpt>
   <trkpt lat="42.680130000000005" lon="2.27922">
    <ele>1064.5900000000001</ele>
   </trkpt>
   <trkpt lat="42.68003" lon="2.2791200000000003">
    <ele>1064.71</ele>
   </trkpt>
   <trkpt lat="42.679930000000006" lon="2.2789800000000002">
    <ele>1064.91</ele>
   </trkpt>
   <trkpt lat="42.67991000000001" lon="2.27881">
    <ele>1066.09</ele>
   </trkpt>
   <trkpt lat="42.67998" lon="2.27861">
    <ele>1068.14</ele>
   </trkpt>
   <trkpt lat="42.680060000000005" lon="2.2785">
    <ele>1068.92</ele>
   </trkpt>
   <trkpt lat="42.68063" lon="2.27813">
    <ele>1072.94</ele>
   </trkpt>
   <trkpt lat="42.68074" lon="2.27809">
    <ele>1074.3</ele>
   </trkpt>
   <trkpt lat="42.68086" lon="2.2781000000000002">
    <ele>1074.8600000000001</ele>
   </trkpt>
   <trkpt lat="42.681020000000004" lon="2.2781700000000003">
    <ele>1075.76</ele>
   </trkpt>
   <trkpt lat="42.68113" lon="2.2782500000000003">
    <ele>1076.81</ele>
   </trkpt>
   <trkpt lat="42.68122" lon="2.27827">
    <ele>1077.63</ele>
   </trkpt>
   <trkpt lat="42.68128" lon="2.27823">
    <ele>1077.63</ele>
   </trkpt>
   <trkpt lat="42.681340000000006" lon="2.27814">
    <ele>1078.92</ele>
   </trkpt>
   <trkpt lat="42.681340000000006" lon="2.27801">
    <ele>1079.69</ele>
   </trkpt>
   <trkpt lat="42.681290000000004" lon="2.27789">
    <ele>1080.5900000000001</ele>
   </trkpt>
   <trkpt lat="42.68088" lon="2.27754">
    <ele>1082.8600000000001</ele>
   </trkpt>
   <trkpt lat="42.68077" lon="2.2775100000000004">
    <ele>1083.44</ele>
   </trkpt>
   <trkpt lat="42.68068" lon="2.27753">
    <ele>1084.0800000000002</ele>
   </trkpt>
   <trkpt lat="42.68029000000001" lon="2.27775">
    <ele>1087.9</ele>
   </trkpt>
   <trkpt lat="42.68018" lon="2.2777800000000004">
    <ele>1088.4900000000002</ele>
   </trkpt>
   <trkpt lat="42.6801" lon="2.27775">
    <ele>1089.01</ele>
   </trkpt>
   <trkpt lat="42.68005" lon="2.27769">
    <ele>1089.47</ele>
   </trkpt>
   <trkpt lat="42.679880000000004" lon="2.2774">
    <ele>1090.6100000000001</ele>
   </trkpt>
   <trkpt lat="42.67969" lon="2.27687">
    <ele>1095.31</ele>
   </trkpt>
   <trkpt lat="42.67967" lon="2.27673">
    <ele>1095.31</ele>
   </trkpt>
   <trkpt lat="42.679680000000005" lon="2.27657">
    <ele>1095.31</ele>
   </trkpt>
   <trkpt lat="42.67989" lon="2.27571">
    <ele>1102.8300000000002</ele>
   </trkpt>
   <trkpt lat="42.68003" lon="2.27496">
    <ele>1107.1200000000001</ele>
   </trkpt>
   <trkpt lat="42.680080000000004" lon="2.27489">
    <ele>1107.5000000000002</ele>
   </trkpt>
   <trkpt lat="42.680150000000005" lon="2.2748600000000003">
    <ele>1108.13</ele>
   </trkpt>
   <trkpt lat="42.680240000000005" lon="2.2749">
    <ele>1108.6</ele>
   </trkpt>
   <trkpt lat="42.6803" lon="2.27496">
    <ele>1108.77</ele>
   </trkpt>
   <trkpt lat="42.680330000000005" lon="2.2750700000000004">
    <ele>1109.01</ele>
   </trkpt>
   <trkpt lat="42.68032" lon="2.27523">
    <ele>1109.4700000000003</ele>
   </trkpt>
   <trkpt lat="42.68018" lon="2.27556">
    <ele>1110.05</ele>
   </trkpt>
   <trkpt lat="42.68012" lon="2.2758200000000004">
    <ele>1110.65</ele>
   </trkpt>
   <trkpt lat="42.680110000000006" lon="2.2760100000000003">
    <ele>1111.15</ele>
   </trkpt>
   <trkpt lat="42.68016" lon="2.2761400000000003">
    <ele>1111.7100000000003</ele>
   </trkpt>
   <trkpt lat="42.680220000000006" lon="2.2762200000000004">
    <ele>1112.15</ele>
   </trkpt>
   <trkpt lat="42.68034" lon="2.2762800000000003">
    <ele>1113.0</ele>
   </trkpt>
   <trkpt lat="42.68043" lon="2.2762800000000003">
    <ele>1113.66</ele>
   </trkpt>
   <trkpt lat="42.680550000000004" lon="2.27623">
    <ele>1113.66</ele>
   </trkpt>
   <trkpt lat="42.68066" lon="2.2761600000000004">
    <ele>1115.45</ele>
   </trkpt>
   <trkpt lat="42.681180000000005" lon="2.2757">
    <ele>1119.89</ele>
   </trkpt>
   <trkpt lat="42.681340000000006" lon="2.2754800000000004">
    <ele>1121.3700000000001</ele>
   </trkpt>
   <trkpt lat="42.68153" lon="2.2751400000000004">
    <ele>1124.0100000000002</ele>
   </trkpt>
   <trkpt lat="42.68166" lon="2.27496">
    <ele>1125.94</ele>
   </trkpt>
   <trkpt lat="42.6818" lon="2.2748600000000003">
    <ele>1125.94</ele>
   </trkpt>
   <trkpt lat="42.68193" lon="2.27483">
    <ele>1126.64</ele>
   </trkpt>
   <trkpt lat="42.68209" lon="2.27484">
    <ele>1126.91</ele>
   </trkpt>
   <trkpt lat="42.68247" lon="2.27503">
    <ele>1128.03</ele>
   </trkpt>
   <trkpt lat="42.68256" lon="2.2749800000000002">
    <ele>1129.65</ele>
   </trkpt>
   <trkpt lat="42.682610000000004" lon="2.2749">
    <ele>1129.65</ele>
   </trkpt>
   <trkpt lat="42.68262" lon="2.27483">
    <ele>1130.26</ele>
   </trkpt>
   <trkpt lat="42.682610000000004" lon="2.2747300000000004">
    <ele>1130.53</ele>
   </trkpt>
   <trkpt lat="42.68256" lon="2.2746500000000003">
    <ele>1130.53</ele>
   </trkpt>
   <trkpt lat="42.682500000000005" lon="2.2745900000000003">
    <ele>1131.7700000000002</ele>
   </trkpt>
   <trkpt lat="42.68202" lon="2.2745">
    <ele>1133.8300000000002</ele>
   </trkpt>
   <trkpt lat="42.68178" lon="2.27449">
    <ele>1136.21</ele>
   </trkpt>
   <trkpt lat="42.68169" lon="2.27443">
    <ele>1136.8500000000001</ele>
   </trkpt>
   <trkpt lat="42.68164" lon="2.2743200000000003">
    <ele>1136.8500000000001</ele>
   </trkpt>
   <trkpt lat="42.68162" lon="2.2741900000000004">
    <ele>1137.4700000000003</ele>
   </trkpt>
   <trkpt lat="42.68164" lon="2.2740500000000003">
    <ele>1138.0100000000002</ele>
   </trkpt>
   <trkpt lat="42.68171" lon="2.27395">
    <ele>1138.4500000000003</ele>
   </trkpt>
   <trkpt lat="42.681810000000006" lon="2.27389">
    <ele>1139.0</ele>
   </trkpt>
   <trkpt lat="42.68197000000001" lon="2.27386">
    <ele>1141.0500000000002</ele>
   </trkpt>
   <trkpt lat="42.68207" lon="2.27381">
    <ele>1141.0500000000002</ele>
   </trkpt>
   <trkpt lat="42.68215" lon="2.2737100000000003">
    <ele>1141.71</ele>
   </trkpt>
   <trkpt lat="42.682230000000004" lon="2.27353">
    <ele>1143.31</ele>
   </trkpt>
   <trkpt lat="42.682550000000006" lon="2.27245">
    <ele>1150.5800000000002</ele>
   </trkpt>
   <trkpt lat="42.68258" lon="2.2723">
    <ele>1150.5800000000002</ele>
   </trkpt>
   <trkpt lat="42.682590000000005" lon="2.27179">
    <ele>1154.69</ele>
   </trkpt>
   <trkpt lat="42.682610000000004" lon="2.27162">
    <ele>1154.69</ele>
   </trkpt>
   <trkpt lat="42.68274" lon="2.2712000000000003">
    <ele>1157.17</ele>
   </trkpt>
   <trkpt lat="42.682750000000006" lon="2.2709">
    <ele>1159.8600000000001</ele>
   </trkpt>
   <trkpt lat="42.68271" lon="2.2706500000000003">
    <ele>1161.9700000000003</ele>
   </trkpt>
   <trkpt lat="42.68271" lon="2.27049">
    <ele>1162.76</ele>
   </trkpt>
   <trkpt lat="42.68274" lon="2.27041">
    <ele>1163.1100000000001</ele>
   </trkpt>
   <trkpt lat="42.6828" lon="2.27037">
    <ele>1163.43</ele>
   </trkpt>
   <trkpt lat="42.682880000000004" lon="2.27036">
    <ele>1163.98</ele>
   </trkpt>
   <trkpt lat="42.682950000000005" lon="2.2703900000000004">
    <ele>1164.2100000000003</ele>
   </trkpt>
   <trkpt lat="42.68301" lon="2.27048">
    <ele>1165.19</ele>
   </trkpt>
   <trkpt lat="42.68323" lon="2.27136">
    <ele>1167.19</ele>
   </trkpt>
   <trkpt lat="42.68325" lon="2.2715300000000003">
    <ele>1167.7300000000002</ele>
   </trkpt>
   <trkpt lat="42.683240000000005" lon="2.27169">
    <ele>1167.8600000000001</ele>
   </trkpt>
   <trkpt lat="42.68312" lon="2.27225">
    <ele>1169.89</ele>
   </trkpt>
   <trkpt lat="42.68312" lon="2.2723400000000002">
    <ele>1169.89</ele>
   </trkpt>
   <trkpt lat="42.68316" lon="2.2724200000000003">
    <ele>1169.89</ele>
   </trkpt>
   <trkpt lat="42.683220000000006" lon="2.27246">
    <ele>1169.89</ele>
   </trkpt>
   <trkpt lat="42.68338000000001" lon="2.27244">
    <ele>1171.3300000000002</ele>
   </trkpt>
   <trkpt lat="42.68345" lon="2.2723500000000003">
    <ele>1171.3300000000002</ele>
   </trkpt>
   <trkpt lat="42.683490000000006" lon="2.27225">
    <ele>1171.3300000000002</ele>
   </trkpt>
   <trkpt lat="42.683530000000005" lon="2.2720100000000003">
    <ele>1172.49</ele>
   </trkpt>
   <trkpt lat="42.683620000000005" lon="2.2709900000000003">
    <ele>1175.33</ele>
   </trkpt>
   <trkpt lat="42.68361" lon="2.2707">
    <ele>1180.63</ele>
   </trkpt>
   <trkpt lat="42.683580000000006" lon="2.27048">
    <ele>1180.63</ele>
   </trkpt>
   <trkpt lat="42.68325" lon="2.26935">
    <ele>1187.7300000000002</ele>
   </trkpt>
   <trkpt lat="42.683060000000005" lon="2.2688300000000003">
    <ele>1190.25</ele>
   </trkpt>
   <trkpt lat="42.682990000000004" lon="2.26857">
    <ele>1192.62</ele>
   </trkpt>
   <trkpt lat="42.68300000000001" lon="2.26845">
    <ele>1193.3700000000001</ele>
   </trkpt>
   <trkpt lat="42.68305" lon="2.26839">
    <ele>1194.0700000000002</ele>
   </trkpt>
   <trkpt lat="42.68312" lon="2.2683600000000004">
    <ele>1194.3799999999999</ele>
   </trkpt>
   <trkpt lat="42.68318" lon="2.26837">
    <ele>1194.86</ele>
   </trkpt>
   <trkpt lat="42.68327" lon="2.26844">
    <ele>1194.86</ele>
   </trkpt>
   <trkpt lat="42.68357" lon="2.26914">
    <ele>1198.52</ele>
   </trkpt>
   <trkpt lat="42.68415" lon="2.26994">
    <ele>1204.39</ele>
   </trkpt>
   <trkpt lat="42.68428" lon="2.27015">
    <ele>1206.76</ele>
   </trkpt>
   <trkpt lat="42.68455" lon="2.27075">
    <ele>1210.29</ele>
   </trkpt>
   <trkpt lat="42.684630000000006" lon="2.27123">
    <ele>1215.16</ele>
   </trkpt>
   <trkpt lat="42.68466" lon="2.2717">
    <ele>1216.76</ele>
   </trkpt>
   <trkpt lat="42.68470000000001" lon="2.2719">
    <ele>1218.91</ele>
   </trkpt>
   <trkpt lat="42.684760000000004" lon="2.27197">
    <ele>1219.65</ele>
   </trkpt>
   <trkpt lat="42.68482" lon="2.27199">
    <ele>1219.96</ele>
   </trkpt>
   <trkpt lat="42.68488000000001" lon="2.27197">
    <ele>1220.22</ele>
   </trkpt>
   <trkpt lat="42.684920000000005" lon="2.27191">
    <ele>1220.66</ele>
   </trkpt>
   <trkpt lat="42.684940000000005" lon="2.2718000000000003">
    <ele>1221.0100000000002</ele>
   </trkpt>
   <trkpt lat="42.684865002181816" lon="2.2710949993388896">
    <ele>1224.0000000000002</ele>
   </trkpt>
   <trkpt lat="42.68479000000001" lon="2.2703900000000004">
    <ele>1227.91</ele>
   </trkpt>
   <trkpt lat="42.684560000000005" lon="2.26947">
    <ele>1235.2500000000002</ele>
   </trkpt>
   <trkpt lat="42.684400000000004" lon="2.26838">
    <ele>1241.7</ele>
   </trkpt>
   <trkpt lat="42.684360000000005" lon="2.26796">
    <ele>1245.8400000000001</ele>
   </trkpt>
   <trkpt lat="42.68437" lon="2.26749">
    <ele>1245.8400000000001</ele>
   </trkpt>
   <trkpt lat="42.68442" lon="2.2671400000000004">
    <ele>1249.72</ele>
   </trkpt>
   <trkpt lat="42.684470000000005" lon="2.26691">
    <ele>1251.8200000000002</ele>
   </trkpt>
   <trkpt lat="42.68455" lon="2.26675">
    <ele>1252.63</ele>
   </trkpt>
   <trkpt lat="42.68468" lon="2.26656">
    <ele>1255.2800000000002</ele>
   </trkpt>
   <trkpt lat="42.68473" lon="2.26643">
    <ele>1255.2800000000002</ele>
   </trkpt>
   <trkpt lat="42.68473" lon="2.26621">
    <ele>1255.2800000000002</ele>
   </trkpt>
   <trkpt lat="42.68468" lon="2.2661100000000003">
    <ele>1258.4700000000003</ele>
   </trkpt>
   <trkpt lat="42.68453" lon="2.2659800000000003">
    <ele>1258.4700000000003</ele>
   </trkpt>
   <trkpt lat="42.684400000000004" lon="2.26593">
    <ele>1259.5800000000002</ele>
   </trkpt>
   <trkpt lat="42.68413" lon="2.26587">
    <ele>1263.6900000000003</ele>
   </trkpt>
   <trkpt lat="42.68381" lon="2.26588">
    <ele>1265.41</ele>
   </trkpt>
   <trkpt lat="42.683690000000006" lon="2.26581">
    <ele>1266.6200000000001</ele>
   </trkpt>
   <trkpt lat="42.683620000000005" lon="2.2657200000000004">
    <ele>1266.6200000000001</ele>
   </trkpt>
   <trkpt lat="42.683550000000004" lon="2.26535">
    <ele>1270.07</ele>
   </trkpt>
   <trkpt lat="42.683550000000004" lon="2.2650300000000003">
    <ele>1272.63</ele>
   </trkpt>
   <trkpt lat="42.683530000000005" lon="2.26472">
    <ele>1273.38</ele>
   </trkpt>
   <trkpt lat="42.68342500234814" lon="2.2639849987484695">
    <ele>1280.2900000000002</ele>
   </trkpt>
   <trkpt lat="42.68332" lon="2.26325">
    <ele>1282.68</ele>
   </trkpt>
   <trkpt lat="42.68327" lon="2.2630500000000002">
    <ele>1284.17</ele>
   </trkpt>
   <trkpt lat="42.68307" lon="2.2626500000000003">
    <ele>1287.38</ele>
   </trkpt>
   <trkpt lat="42.68292" lon="2.26222">
    <ele>1291.89</ele>
   </trkpt>
   <trkpt lat="42.682840000000006" lon="2.26208">
    <ele>1291.89</ele>
   </trkpt>
   <trkpt lat="42.682700000000004" lon="2.2619800000000003">
    <ele>1292.93</ele>
   </trkpt>
   <trkpt lat="42.682590000000005" lon="2.2618300000000002">
    <ele>1295.3000000000002</ele>
   </trkpt>
   <trkpt lat="42.68256" lon="2.26167">
    <ele>1295.3000000000002</ele>
   </trkpt>
   <trkpt lat="42.682550000000006" lon="2.2614400000000003">
    <ele>1298.99</ele>
   </trkpt>
   <trkpt lat="42.68253000000001" lon="2.26133">
    <ele>1298.99</ele>
   </trkpt>
   <trkpt lat="42.682390000000005" lon="2.2611000000000003">
    <ele>1302.3300000000002</ele>
   </trkpt>
   <trkpt lat="42.68225" lon="2.2611000000000003">
    <ele>1302.22</ele>
   </trkpt>
   <trkpt lat="42.682080000000006" lon="2.2612">
    <ele>1302.19</ele>
   </trkpt>
   <trkpt lat="42.68191" lon="2.2613700000000003">
    <ele>1304.68</ele>
   </trkpt>
   <trkpt lat="42.681830000000005" lon="2.26153">
    <ele>1304.68</ele>
   </trkpt>
   <trkpt lat="42.68150000000001" lon="2.26261">
    <ele>1313.08</ele>
   </trkpt>
   <trkpt lat="42.681430000000006" lon="2.2627800000000002">
    <ele>1313.08</ele>
   </trkpt>
   <trkpt lat="42.681270000000005" lon="2.2629900000000003">
    <ele>1316.48</ele>
   </trkpt>
   <trkpt lat="42.681140000000006" lon="2.26308">
    <ele>1317.3000000000002</ele>
   </trkpt>
   <trkpt lat="42.68095" lon="2.2631400000000004">
    <ele>1318.7600000000002</ele>
   </trkpt>
   <trkpt lat="42.680440000000004" lon="2.2632100000000004">
    <ele>1323.13</ele>
   </trkpt>
   <trkpt lat="42.680110000000006" lon="2.26316">
    <ele>1324.5800000000002</ele>
   </trkpt>
   <trkpt lat="42.67994" lon="2.26315">
    <ele>1328.7300000000002</ele>
   </trkpt>
   <trkpt lat="42.67972" lon="2.26323">
    <ele>1328.7300000000002</ele>
   </trkpt>
   <trkpt lat="42.67944000000001" lon="2.26329">
    <ele>1331.6100000000001</ele>
   </trkpt>
   <trkpt lat="42.679260000000006" lon="2.2634100000000004">
    <ele>1334.77</ele>
   </trkpt>
   <trkpt lat="42.67891" lon="2.2637">
    <ele>1338.15</ele>
   </trkpt>
   <trkpt lat="42.6788" lon="2.2637400000000003">
    <ele>1338.15</ele>
   </trkpt>
   <trkpt lat="42.67866" lon="2.2637300000000002">
    <ele>1340.06</ele>
   </trkpt>
   <trkpt lat="42.678630000000005" lon="2.26369">
    <ele>1340.06</ele>
   </trkpt>
   <trkpt lat="42.67862" lon="2.2636100000000003">
    <ele>1340.75</ele>
   </trkpt>
   <trkpt lat="42.67866" lon="2.26349">
    <ele>1341.0700000000002</ele>
   </trkpt>
   <trkpt lat="42.678700000000006" lon="2.2634600000000002">
    <ele>1341.0700000000002</ele>
   </trkpt>
   <trkpt lat="42.67887" lon="2.26344">
    <ele>1342.5800000000002</ele>
   </trkpt>
   <trkpt lat="42.67897000000001" lon="2.2634000000000003">
    <ele>1343.2400000000002</ele>
   </trkpt>
   <trkpt lat="42.67904" lon="2.26331">
    <ele>1345.43</ele>
   </trkpt>
   <trkpt lat="42.67916" lon="2.26291">
    <ele>1345.43</ele>
   </trkpt>
   <trkpt lat="42.67924" lon="2.2627900000000003">
    <ele>1345.43</ele>
   </trkpt>
   <trkpt lat="42.679480000000005" lon="2.26261">
    <ele>1350.91</ele>
   </trkpt>
   <trkpt lat="42.680060000000005" lon="2.2623300000000004">
    <ele>1355.66</ele>
   </trkpt>
   <trkpt lat="42.680130000000005" lon="2.26222">
    <ele>1355.66</ele>
   </trkpt>
   <trkpt lat="42.680170000000004" lon="2.26208">
    <ele>1357.4400000000003</ele>
   </trkpt>
   <trkpt lat="42.68014" lon="2.2618400000000003">
    <ele>1359.39</ele>
   </trkpt>
   <trkpt lat="42.680040000000005" lon="2.26169">
    <ele>1359.39</ele>
   </trkpt>
   <trkpt lat="42.67987" lon="2.26155">
    <ele>1361.45</ele>
   </trkpt>
   <trkpt lat="42.6798" lon="2.26141">
    <ele>1363.73</ele>
   </trkpt>
   <trkpt lat="42.67974" lon="2.2610900000000003">
    <ele>1365.9800000000002</ele>
   </trkpt>
   <trkpt lat="42.679730000000006" lon="2.26085">
    <ele>1365.9800000000002</ele>
   </trkpt>
   <trkpt lat="42.67971" lon="2.2607600000000003">
    <ele>1367.16</ele>
   </trkpt>
   <trkpt lat="42.679640000000006" lon="2.26066">
    <ele>1367.85</ele>
   </trkpt>
   <trkpt lat="42.679570000000005" lon="2.2606300000000004">
    <ele>1368.45</ele>
   </trkpt>
   <trkpt lat="42.67949" lon="2.26066">
    <ele>1368.7</ele>
   </trkpt>
   <trkpt lat="42.6794" lon="2.2608300000000003">
    <ele>1369.16</ele>
   </trkpt>
   <trkpt lat="42.67938" lon="2.261">
    <ele>1370.42</ele>
   </trkpt>
   <trkpt lat="42.67943" lon="2.26166">
    <ele>1372.89</ele>
   </trkpt>
   <trkpt lat="42.67938" lon="2.2618">
    <ele>1374.21</ele>
   </trkpt>
   <trkpt lat="42.67924" lon="2.2618400000000003">
    <ele>1374.8400000000001</ele>
   </trkpt>
   <trkpt lat="42.6788" lon="2.26182">
    <ele>1377.88</ele>
   </trkpt>
   <trkpt lat="42.67864" lon="2.2618300000000002">
    <ele>1379.3200000000002</ele>
   </trkpt>
   <trkpt lat="42.678490000000004" lon="2.26188">
    <ele>1380.8200000000002</ele>
   </trkpt>
   <trkpt lat="42.67837" lon="2.26196">
    <ele>1381.52</ele>
   </trkpt>
   <trkpt lat="42.67808" lon="2.26208">
    <ele>1384.4</ele>
   </trkpt>
   <trkpt lat="42.678000000000004" lon="2.2621900000000004">
    <ele>1384.4</ele>
   </trkpt>
   <trkpt lat="42.677910000000004" lon="2.26242">
    <ele>1385.79</ele>
   </trkpt>
   <trkpt lat="42.67785000000001" lon="2.26249">
    <ele>1387.04</ele>
   </trkpt>
   <trkpt lat="42.67781" lon="2.2625">
    <ele>1387.43</ele>
   </trkpt>
   <trkpt lat="42.677730000000004" lon="2.2624400000000002">
    <ele>1388.1000000000001</ele>
   </trkpt>
   <trkpt lat="42.677710000000005" lon="2.2623800000000003">
    <ele>1388.38</ele>
   </trkpt>
   <trkpt lat="42.67775" lon="2.2622">
    <ele>1388.6200000000001</ele>
   </trkpt>
   <trkpt lat="42.677890000000005" lon="2.2619800000000003">
    <ele>1389.92</ele>
   </trkpt>
   <trkpt lat="42.67819" lon="2.26133">
    <ele>1394.16</ele>
   </trkpt>
   <trkpt lat="42.678250000000006" lon="2.2612400000000004">
    <ele>1395.8400000000001</ele>
   </trkpt>
   <trkpt lat="42.6784" lon="2.26108">
    <ele>1396.9600000000003</ele>
   </trkpt>
   <trkpt lat="42.678470000000004" lon="2.2609500000000002">
    <ele>1397.8400000000001</ele>
   </trkpt>
   <trkpt lat="42.678490000000004" lon="2.2608400000000004">
    <ele>1397.8400000000001</ele>
   </trkpt>
   <trkpt lat="42.67848" lon="2.2604100000000003">
    <ele>1400.66</ele>
   </trkpt>
   <trkpt lat="42.67844" lon="2.2601400000000003">
    <ele>1400.66</ele>
   </trkpt>
   <trkpt lat="42.67826" lon="2.25943">
    <ele>1406.39</ele>
   </trkpt>
   <trkpt lat="42.67822" lon="2.25916">
    <ele>1408.1100000000001</ele>
   </trkpt>
   <trkpt lat="42.67821" lon="2.25857">
    <ele>1413.39</ele>
   </trkpt>
   <trkpt lat="42.67822" lon="2.2583900000000003">
    <ele>1413.39</ele>
   </trkpt>
   <trkpt lat="42.678250000000006" lon="2.25828">
    <ele>1413.39</ele>
   </trkpt>
   <trkpt lat="42.67833" lon="2.25816">
    <ele>1417.78</ele>
   </trkpt>
   <trkpt lat="42.67864" lon="2.25782">
    <ele>1419.8600000000001</ele>
   </trkpt>
   <trkpt lat="42.678720000000006" lon="2.25768">
    <ele>1419.8600000000001</ele>
   </trkpt>
   <trkpt lat="42.67884" lon="2.25739">
    <ele>1421.78</ele>
   </trkpt>
   <trkpt lat="42.678990000000006" lon="2.25712">
    <ele>1423.93</ele>
   </trkpt>
   <trkpt lat="42.679100000000005" lon="2.25687">
    <ele>1426.46</ele>
   </trkpt>
   <trkpt lat="42.67916" lon="2.2566800000000002">
    <ele>1428.1000000000001</ele>
   </trkpt>
   <trkpt lat="42.679230000000004" lon="2.25637">
    <ele>1429.63</ele>
   </trkpt>
   <trkpt lat="42.67929" lon="2.2562200000000003">
    <ele>1429.63</ele>
   </trkpt>
   <trkpt lat="42.67934" lon="2.2561500000000003">
    <ele>1429.63</ele>
   </trkpt>
   <trkpt lat="42.679590000000005" lon="2.25598">
    <ele>1434.79</ele>
   </trkpt>
   <trkpt lat="42.679840000000006" lon="2.2557500000000004">
    <ele>1435.96</ele>
   </trkpt>
   <trkpt lat="42.680040000000005" lon="2.25551">
    <ele>1435.96</ele>
   </trkpt>
   <trkpt lat="42.68018" lon="2.2552700000000003">
    <ele>1442.86</ele>
   </trkpt>
   <trkpt lat="42.68028" lon="2.25505">
    <ele>1442.86</ele>
   </trkpt>
   <trkpt lat="42.68037" lon="2.2547300000000003">
    <ele>1444.13</ele>
   </trkpt>
   <trkpt lat="42.68043" lon="2.2545900000000003">
    <ele>1446.35</ele>
   </trkpt>
   <trkpt lat="42.68052" lon="2.2545">
    <ele>1446.25</ele>
   </trkpt>
   <trkpt lat="42.680620000000005" lon="2.25448">
    <ele>1446.25</ele>
   </trkpt>
   <trkpt lat="42.681190000087724" lon="2.254425000497379">
    <ele>1450.23</ele>
   </trkpt>
   <trkpt lat="42.681760000000004" lon="2.25437">
    <ele>1454.47</ele>
   </trkpt>
   <trkpt lat="42.681960000000004" lon="2.2543100000000003">
    <ele>1457.44</ele>
   </trkpt>
   <trkpt lat="42.68218" lon="2.25421">
    <ele>1457.44</ele>
   </trkpt>
   <trkpt lat="42.682990000000004" lon="2.25381">
    <ele>1467.8500000000001</ele>
   </trkpt>
   <trkpt lat="42.68345" lon="2.25346">
    <ele>1471.5</ele>
   </trkpt>
   <trkpt lat="42.683890000000005" lon="2.2531600000000003">
    <ele>1475.16</ele>
   </trkpt>
   <trkpt lat="42.68453" lon="2.2527600000000003">
    <ele>1481.3200000000002</ele>
   </trkpt>
   <trkpt lat="42.685280000000006" lon="2.25232">
    <ele>1487.42</ele>
   </trkpt>
   <trkpt lat="42.68573500009714" lon="2.252095001708811">
    <ele>1489.7300000000002</ele>
   </trkpt>
   <trkpt lat="42.68619" lon="2.2518700000000003">
    <ele>1492.75</ele>
   </trkpt>
   <trkpt lat="42.68656" lon="2.2518100000000003">
    <ele>1496.21</ele>
   </trkpt>
   <trkpt lat="42.686730000000004" lon="2.25172">
    <ele>1496.8700000000001</ele>
   </trkpt>
   <trkpt lat="42.6869" lon="2.25157">
    <ele>1497.91</ele>
   </trkpt>
   <trkpt lat="42.68712" lon="2.2513">
    <ele>1500.1000000000001</ele>
   </trkpt>
   <trkpt lat="42.687340000000006" lon="2.2510600000000003">
    <ele>1502.6000000000001</ele>
   </trkpt>
   <trkpt lat="42.68759" lon="2.25089">
    <ele>1505.7600000000002</ele>
   </trkpt>
   <trkpt lat="42.68791" lon="2.25071">
    <ele>1506.9</ele>
   </trkpt>
   <trkpt lat="42.688100000000006" lon="2.2506700000000004">
    <ele>1506.93</ele>
   </trkpt>
   <trkpt lat="42.68791" lon="2.25071">
    <ele>1506.82</ele>
   </trkpt>
   <trkpt lat="42.68759" lon="2.25089">
    <ele>1504.89</ele>
   </trkpt>
   <trkpt lat="42.687340000000006" lon="2.2510600000000003">
    <ele>1502.6000000000001</ele>
   </trkpt>
   <trkpt lat="42.68712" lon="2.2513">
    <ele>1500.1000000000001</ele>
   </trkpt>
   <trkpt lat="42.6869" lon="2.25157">
    <ele>1497.91</ele>
   </trkpt>
   <trkpt lat="42.686730000000004" lon="2.25172">
    <ele>1496.21</ele>
   </trkpt>
   <trkpt lat="42.68656" lon="2.2518100000000003">
    <ele>1494.0300000000002</ele>
   </trkpt>
   <trkpt lat="42.68619" lon="2.2518700000000003">
    <ele>1492.75</ele>
   </trkpt>
   <trkpt lat="42.685735000343215" lon="2.2520950015871306">
    <ele>1489.7300000000002</ele>
   </trkpt>
   <trkpt lat="42.685280000000006" lon="2.25232">
    <ele>1486.22</ele>
   </trkpt>
   <trkpt lat="42.68453" lon="2.2527600000000003">
    <ele>1481.3200000000002</ele>
   </trkpt>
   <trkpt lat="42.683890000000005" lon="2.2531600000000003">
    <ele>1474.02</ele>
   </trkpt>
   <trkpt lat="42.68345" lon="2.25346">
    <ele>1471.5</ele>
   </trkpt>
   <trkpt lat="42.682990000000004" lon="2.25381">
    <ele>1465.5200000000002</ele>
   </trkpt>
   <trkpt lat="42.68218" lon="2.25421">
    <ele>1457.44</ele>
   </trkpt>
   <trkpt lat="42.681960000000004" lon="2.2543100000000003">
    <ele>1457.44</ele>
   </trkpt>
   <trkpt lat="42.681760000000004" lon="2.25437">
    <ele>1454.47</ele>
   </trkpt>
   <trkpt lat="42.6811899999386" lon="2.2544250005117674">
    <ele>1450.23</ele>
   </trkpt>
   <trkpt lat="42.680620000000005" lon="2.25448">
    <ele>1446.25</ele>
   </trkpt>
   <trkpt lat="42.68052" lon="2.2545">
    <ele>1446.35</ele>
   </trkpt>
   <trkpt lat="42.68043" lon="2.2545900000000003">
    <ele>1444.13</ele>
   </trkpt>
   <trkpt lat="42.68037" lon="2.2547300000000003">
    <ele>1444.13</ele>
   </trkpt>
   <trkpt lat="42.68028" lon="2.25505">
    <ele>1442.86</ele>
   </trkpt>
   <trkpt lat="42.68018" lon="2.2552700000000003">
    <ele>1442.86</ele>
   </trkpt>
   <trkpt lat="42.680040000000005" lon="2.25551">
    <ele>1435.96</ele>
   </trkpt>
   <trkpt lat="42.679840000000006" lon="2.2557500000000004">
    <ele>1435.96</ele>
   </trkpt>
   <trkpt lat="42.679590000000005" lon="2.25598">
    <ele>1434.79</ele>
   </trkpt>
   <trkpt lat="42.67934" lon="2.2561500000000003">
    <ele>1429.63</ele>
   </trkpt>
   <trkpt lat="42.67929" lon="2.2562200000000003">
    <ele>1429.63</ele>
   </trkpt>
   <trkpt lat="42.679230000000004" lon="2.25637">
    <ele>1429.63</ele>
   </trkpt>
   <trkpt lat="42.67916" lon="2.2566800000000002">
    <ele>1427.3</ele>
   </trkpt>
   <trkpt lat="42.679100000000005" lon="2.25687">
    <ele>1426.46</ele>
   </trkpt>
   <trkpt lat="42.678990000000006" lon="2.25712">
    <ele>1423.93</ele>
   </trkpt>
   <trkpt lat="42.67884" lon="2.25739">
    <ele>1420.59</ele>
   </trkpt>
   <trkpt lat="42.678720000000006" lon="2.25768">
    <ele>1419.8600000000001</ele>
   </trkpt>
   <trkpt lat="42.67864" lon="2.25782">
    <ele>1417.78</ele>
   </trkpt>
   <trkpt lat="42.67833" lon="2.25816">
    <ele>1413.39</ele>
   </trkpt>
   <trkpt lat="42.678250000000006" lon="2.25828">
    <ele>1413.39</ele>
   </trkpt>
   <trkpt lat="42.67822" lon="2.2583900000000003">
    <ele>1413.39</ele>
   </trkpt>
   <trkpt lat="42.67821" lon="2.25857">
    <ele>1412.59</ele>
   </trkpt>
   <trkpt lat="42.67822" lon="2.25916">
    <ele>1407.2300000000002</ele>
   </trkpt>
   <trkpt lat="42.67826" lon="2.25943">
    <ele>1406.39</ele>
   </trkpt>
   <trkpt lat="42.67844" lon="2.2601400000000003">
    <ele>1400.66</ele>
   </trkpt>
   <trkpt lat="42.67848" lon="2.2604100000000003">
    <ele>1399.6200000000001</ele>
   </trkpt>
   <trkpt lat="42.678490000000004" lon="2.2608400000000004">
    <ele>1397.8400000000001</ele>
   </trkpt>
   <trkpt lat="42.678470000000004" lon="2.2609500000000002">
    <ele>1397.28</ele>
   </trkpt>
   <trkpt lat="42.6784" lon="2.26108">
    <ele>1396.24</ele>
   </trkpt>
   <trkpt lat="42.678250000000006" lon="2.2612400000000004">
    <ele>1394.16</ele>
   </trkpt>
   <trkpt lat="42.67819" lon="2.26133">
    <ele>1393.3700000000001</ele>
   </trkpt>
   <trkpt lat="42.677890000000005" lon="2.2619800000000003">
    <ele>1389.4700000000003</ele>
   </trkpt>
   <trkpt lat="42.67775" lon="2.2622">
    <ele>1388.38</ele>
   </trkpt>
   <trkpt lat="42.677710000000005" lon="2.2623800000000003">
    <ele>1387.43</ele>
   </trkpt>
   <trkpt lat="42.677730000000004" lon="2.2624400000000002">
    <ele>1387.04</ele>
   </trkpt>
   <trkpt lat="42.67781" lon="2.2625">
    <ele>1385.79</ele>
   </trkpt>
   <trkpt lat="42.67785000000001" lon="2.26249">
    <ele>1385.79</ele>
   </trkpt>
   <trkpt lat="42.677910000000004" lon="2.26242">
    <ele>1385.0500000000002</ele>
   </trkpt>
   <trkpt lat="42.678000000000004" lon="2.2621900000000004">
    <ele>1384.4</ele>
   </trkpt>
   <trkpt lat="42.67808" lon="2.26208">
    <ele>1382.83</ele>
   </trkpt>
   <trkpt lat="42.67837" lon="2.26196">
    <ele>1380.8200000000002</ele>
   </trkpt>
   <trkpt lat="42.678490000000004" lon="2.26188">
    <ele>1379.3200000000002</ele>
   </trkpt>
   <trkpt lat="42.67864" lon="2.2618300000000002">
    <ele>1378.5900000000001</ele>
   </trkpt>
   <trkpt lat="42.6788" lon="2.26182">
    <ele>1377.22</ele>
   </trkpt>
   <trkpt lat="42.67924" lon="2.2618400000000003">
    <ele>1374.21</ele>
   </trkpt>
   <trkpt lat="42.67938" lon="2.2618">
    <ele>1372.89</ele>
   </trkpt>
   <trkpt lat="42.67943" lon="2.26166">
    <ele>1372.27</ele>
   </trkpt>
   <trkpt lat="42.67938" lon="2.261">
    <ele>1369.16</ele>
   </trkpt>
   <trkpt lat="42.6794" lon="2.2608300000000003">
    <ele>1369.16</ele>
   </trkpt>
   <trkpt lat="42.67949" lon="2.26066">
    <ele>1367.85</ele>
   </trkpt>
   <trkpt lat="42.679570000000005" lon="2.2606300000000004">
    <ele>1367.16</ele>
   </trkpt>
   <trkpt lat="42.679640000000006" lon="2.26066">
    <ele>1367.16</ele>
   </trkpt>
   <trkpt lat="42.67971" lon="2.2607600000000003">
    <ele>1365.9800000000002</ele>
   </trkpt>
   <trkpt lat="42.679730000000006" lon="2.26085">
    <ele>1365.9800000000002</ele>
   </trkpt>
   <trkpt lat="42.67974" lon="2.2610900000000003">
    <ele>1363.73</ele>
   </trkpt>
   <trkpt lat="42.6798" lon="2.26141">
    <ele>1361.45</ele>
   </trkpt>
   <trkpt lat="42.67987" lon="2.26155">
    <ele>1361.0900000000001</ele>
   </trkpt>
   <trkpt lat="42.680040000000005" lon="2.26169">
    <ele>1359.39</ele>
   </trkpt>
   <trkpt lat="42.68014" lon="2.2618400000000003">
    <ele>1358.27</ele>
   </trkpt>
   <trkpt lat="42.680170000000004" lon="2.26208">
    <ele>1355.66</ele>
   </trkpt>
   <trkpt lat="42.680130000000005" lon="2.26222">
    <ele>1354.8200000000002</ele>
   </trkpt>
   <trkpt lat="42.680060000000005" lon="2.2623300000000004">
    <ele>1354.8200000000002</ele>
   </trkpt>
   <trkpt lat="42.679480000000005" lon="2.26261">
    <ele>1350.91</ele>
   </trkpt>
   <trkpt lat="42.67924" lon="2.2627900000000003">
    <ele>1345.43</ele>
   </trkpt>
   <trkpt lat="42.67916" lon="2.26291">
    <ele>1345.43</ele>
   </trkpt>
   <trkpt lat="42.67904" lon="2.26331">
    <ele>1343.2400000000002</ele>
   </trkpt>
   <trkpt lat="42.67897000000001" lon="2.2634000000000003">
    <ele>1342.5800000000002</ele>
   </trkpt>
   <trkpt lat="42.67887" lon="2.26344">
    <ele>1342.5800000000002</ele>
   </trkpt>
   <trkpt lat="42.678700000000006" lon="2.2634600000000002">
    <ele>1340.75</ele>
   </trkpt>
   <trkpt lat="42.67866" lon="2.26349">
    <ele>1340.75</ele>
   </trkpt>
   <trkpt lat="42.67862" lon="2.2636100000000003">
    <ele>1340.06</ele>
   </trkpt>
   <trkpt lat="42.678630000000005" lon="2.26369">
    <ele>1339.0700000000002</ele>
   </trkpt>
   <trkpt lat="42.67866" lon="2.2637300000000002">
    <ele>1338.15</ele>
   </trkpt>
   <trkpt lat="42.6788" lon="2.2637400000000003">
    <ele>1338.15</ele>
   </trkpt>
   <trkpt lat="42.67891" lon="2.2637">
    <ele>1335.99</ele>
   </trkpt>
   <trkpt lat="42.679260000000006" lon="2.2634100000000004">
    <ele>1331.6100000000001</ele>
   </trkpt>
   <trkpt lat="42.67944000000001" lon="2.26329">
    <ele>1331.6100000000001</ele>
   </trkpt>
   <trkpt lat="42.67972" lon="2.26323">
    <ele>1328.7300000000002</ele>
   </trkpt>
   <trkpt lat="42.67994" lon="2.26315">
    <ele>1324.5800000000002</ele>
   </trkpt>
   <trkpt lat="42.680110000000006" lon="2.26316">
    <ele>1324.5800000000002</ele>
   </trkpt>
   <trkpt lat="42.680440000000004" lon="2.2632100000000004">
    <ele>1321.0400000000002</ele>
   </trkpt>
   <trkpt lat="42.68095" lon="2.2631400000000004">
    <ele>1318.06</ele>
   </trkpt>
   <trkpt lat="42.681140000000006" lon="2.26308">
    <ele>1316.48</ele>
   </trkpt>
   <trkpt lat="42.681270000000005" lon="2.2629900000000003">
    <ele>1316.48</ele>
   </trkpt>
   <trkpt lat="42.681430000000006" lon="2.2627800000000002">
    <ele>1313.08</ele>
   </trkpt>
   <trkpt lat="42.68150000000001" lon="2.26261">
    <ele>1311.45</ele>
   </trkpt>
   <trkpt lat="42.681830000000005" lon="2.26153">
    <ele>1304.68</ele>
   </trkpt>
   <trkpt lat="42.68191" lon="2.2613700000000003">
    <ele>1304.68</ele>
   </trkpt>
   <trkpt lat="42.682080000000006" lon="2.2612">
    <ele>1302.19</ele>
   </trkpt>
   <trkpt lat="42.68225" lon="2.2611000000000003">
    <ele>1302.3300000000002</ele>
   </trkpt>
   <trkpt lat="42.682390000000005" lon="2.2611000000000003">
    <ele>1302.22</ele>
   </trkpt>
   <trkpt lat="42.68253000000001" lon="2.26133">
    <ele>1298.99</ele>
   </trkpt>
   <trkpt lat="42.682550000000006" lon="2.2614400000000003">
    <ele>1298.99</ele>
   </trkpt>
   <trkpt lat="42.68256" lon="2.26167">
    <ele>1295.3000000000002</ele>
   </trkpt>
   <trkpt lat="42.682590000000005" lon="2.2618300000000002">
    <ele>1293.5</ele>
   </trkpt>
   <trkpt lat="42.682700000000004" lon="2.2619800000000003">
    <ele>1291.8400000000001</ele>
   </trkpt>
   <trkpt lat="42.682840000000006" lon="2.26208">
    <ele>1291.89</ele>
   </trkpt>
   <trkpt lat="42.68292" lon="2.26222">
    <ele>1288.66</ele>
   </trkpt>
   <trkpt lat="42.68307" lon="2.2626500000000003">
    <ele>1287.38</ele>
   </trkpt>
   <trkpt lat="42.68327" lon="2.2630500000000002">
    <ele>1284.17</ele>
   </trkpt>
   <trkpt lat="42.68332" lon="2.26325">
    <ele>1282.68</ele>
   </trkpt>
   <trkpt lat="42.68342500235081" lon="2.2639849987671">
    <ele>1280.2900000000002</ele>
   </trkpt>
   <trkpt lat="42.683530000000005" lon="2.26472">
    <ele>1272.63</ele>
   </trkpt>
   <trkpt lat="42.683550000000004" lon="2.2650300000000003">
    <ele>1270.07</ele>
   </trkpt>
   <trkpt lat="42.683550000000004" lon="2.26535">
    <ele>1270.07</ele>
   </trkpt>
   <trkpt lat="42.683620000000005" lon="2.2657200000000004">
    <ele>1266.6200000000001</ele>
   </trkpt>
   <trkpt lat="42.683690000000006" lon="2.26581">
    <ele>1265.41</ele>
   </trkpt>
   <trkpt lat="42.68381" lon="2.26588">
    <ele>1263.6900000000003</ele>
   </trkpt>
   <trkpt lat="42.68413" lon="2.26587">
    <ele>1260.78</ele>
   </trkpt>
   <trkpt lat="42.684400000000004" lon="2.26593">
    <ele>1258.4700000000003</ele>
   </trkpt>
   <trkpt lat="42.68453" lon="2.2659800000000003">
    <ele>1258.4700000000003</ele>
   </trkpt>
   <trkpt lat="42.68468" lon="2.2661100000000003">
    <ele>1255.2800000000002</ele>
   </trkpt>
   <trkpt lat="42.68473" lon="2.26621">
    <ele>1255.2800000000002</ele>
   </trkpt>
   <trkpt lat="42.68473" lon="2.26643">
    <ele>1255.2800000000002</ele>
   </trkpt>
   <trkpt lat="42.68468" lon="2.26656">
    <ele>1252.63</ele>
   </trkpt>
   <trkpt lat="42.68455" lon="2.26675">
    <ele>1251.8200000000002</ele>
   </trkpt>
   <trkpt lat="42.684470000000005" lon="2.26691">
    <ele>1250.55</ele>
   </trkpt>
   <trkpt lat="42.68442" lon="2.2671400000000004">
    <ele>1249.72</ele>
   </trkpt>
   <trkpt lat="42.68437" lon="2.26749">
    <ele>1245.8400000000001</ele>
   </trkpt>
   <trkpt lat="42.684360000000005" lon="2.26796">
    <ele>1241.7</ele>
   </trkpt>
   <trkpt lat="42.684400000000004" lon="2.26838">
    <ele>1241.7</ele>
   </trkpt>
   <trkpt lat="42.684560000000005" lon="2.26947">
    <ele>1232.79</ele>
   </trkpt>
   <trkpt lat="42.68479000000001" lon="2.2703900000000004">
    <ele>1227.1100000000001</ele>
   </trkpt>
   <trkpt lat="42.68486500214141" lon="2.2710949989588642">
    <ele>1222.9</ele>
   </trkpt>
   <trkpt lat="42.684940000000005" lon="2.2718000000000003">
    <ele>1220.66</ele>
   </trkpt>
   <trkpt lat="42.684920000000005" lon="2.27191">
    <ele>1219.96</ele>
   </trkpt>
   <trkpt lat="42.68488000000001" lon="2.27197">
    <ele>1219.65</ele>
   </trkpt>
   <trkpt lat="42.68482" lon="2.27199">
    <ele>1218.91</ele>
   </trkpt>
   <trkpt lat="42.684760000000004" lon="2.27197">
    <ele>1218.91</ele>
   </trkpt>
   <trkpt lat="42.68470000000001" lon="2.2719">
    <ele>1216.76</ele>
   </trkpt>
   <trkpt lat="42.68466" lon="2.2717">
    <ele>1215.94</ele>
   </trkpt>
   <trkpt lat="42.684630000000006" lon="2.27123">
    <ele>1212.8700000000001</ele>
   </trkpt>
   <trkpt lat="42.68455" lon="2.27075">
    <ele>1210.29</ele>
   </trkpt>
   <trkpt lat="42.68428" lon="2.27015">
    <ele>1206.76</ele>
   </trkpt>
   <trkpt lat="42.68415" lon="2.26994">
    <ele>1204.39</ele>
   </trkpt>
   <trkpt lat="42.68357" lon="2.26914">
    <ele>1197.3200000000002</ele>
   </trkpt>
   <trkpt lat="42.68327" lon="2.26844">
    <ele>1194.64</ele>
   </trkpt>
   <trkpt lat="42.68318" lon="2.26837">
    <ele>1194.0700000000002</ele>
   </trkpt>
   <trkpt lat="42.68312" lon="2.2683600000000004">
    <ele>1193.3700000000001</ele>
   </trkpt>
   <trkpt lat="42.68305" lon="2.26839">
    <ele>1193.3700000000001</ele>
   </trkpt>
   <trkpt lat="42.68300000000001" lon="2.26845">
    <ele>1192.62</ele>
   </trkpt>
   <trkpt lat="42.682990000000004" lon="2.26857">
    <ele>1192.62</ele>
   </trkpt>
   <trkpt lat="42.683060000000005" lon="2.2688300000000003">
    <ele>1190.25</ele>
   </trkpt>
   <trkpt lat="42.68325" lon="2.26935">
    <ele>1187.7300000000002</ele>
   </trkpt>
   <trkpt lat="42.683580000000006" lon="2.27048">
    <ele>1180.63</ele>
   </trkpt>
   <trkpt lat="42.68361" lon="2.2707">
    <ele>1175.33</ele>
   </trkpt>
   <trkpt lat="42.683620000000005" lon="2.2709900000000003">
    <ele>1175.33</ele>
   </trkpt>
   <trkpt lat="42.683530000000005" lon="2.2720100000000003">
    <ele>1171.3300000000002</ele>
   </trkpt>
   <trkpt lat="42.683490000000006" lon="2.27225">
    <ele>1171.3300000000002</ele>
   </trkpt>
   <trkpt lat="42.68345" lon="2.2723500000000003">
    <ele>1171.3300000000002</ele>
   </trkpt>
   <trkpt lat="42.68338000000001" lon="2.27244">
    <ele>1169.89</ele>
   </trkpt>
   <trkpt lat="42.683220000000006" lon="2.27246">
    <ele>1169.89</ele>
   </trkpt>
   <trkpt lat="42.68316" lon="2.2724200000000003">
    <ele>1169.89</ele>
   </trkpt>
   <trkpt lat="42.68312" lon="2.2723400000000002">
    <ele>1169.3500000000001</ele>
   </trkpt>
   <trkpt lat="42.68312" lon="2.27225">
    <ele>1169.3500000000001</ele>
   </trkpt>
   <trkpt lat="42.683240000000005" lon="2.27169">
    <ele>1167.7300000000002</ele>
   </trkpt>
   <trkpt lat="42.68325" lon="2.2715300000000003">
    <ele>1167.19</ele>
   </trkpt>
   <trkpt lat="42.68323" lon="2.27136">
    <ele>1166.92</ele>
   </trkpt>
   <trkpt lat="42.68301" lon="2.27048">
    <ele>1164.2100000000003</ele>
   </trkpt>
   <trkpt lat="42.682950000000005" lon="2.2703900000000004">
    <ele>1163.72</ele>
   </trkpt>
   <trkpt lat="42.682880000000004" lon="2.27036">
    <ele>1163.1100000000001</ele>
   </trkpt>
   <trkpt lat="42.6828" lon="2.27037">
    <ele>1162.76</ele>
   </trkpt>
   <trkpt lat="42.68274" lon="2.27041">
    <ele>1161.9700000000003</ele>
   </trkpt>
   <trkpt lat="42.68271" lon="2.27049">
    <ele>1161.9700000000003</ele>
   </trkpt>
   <trkpt lat="42.68271" lon="2.2706500000000003">
    <ele>1159.8600000000001</ele>
   </trkpt>
   <trkpt lat="42.682750000000006" lon="2.2709">
    <ele>1158.2800000000002</ele>
   </trkpt>
   <trkpt lat="42.68274" lon="2.2712000000000003">
    <ele>1157.17</ele>
   </trkpt>
   <trkpt lat="42.682610000000004" lon="2.27162">
    <ele>1154.69</ele>
   </trkpt>
   <trkpt lat="42.682590000000005" lon="2.27179">
    <ele>1152.5100000000002</ele>
   </trkpt>
   <trkpt lat="42.68258" lon="2.2723">
    <ele>1150.5800000000002</ele>
   </trkpt>
   <trkpt lat="42.682550000000006" lon="2.27245">
    <ele>1148.3300000000002</ele>
   </trkpt>
   <trkpt lat="42.682230000000004" lon="2.27353">
    <ele>1141.71</ele>
   </trkpt>
   <trkpt lat="42.68215" lon="2.2737100000000003">
    <ele>1141.0500000000002</ele>
   </trkpt>
   <trkpt lat="42.68207" lon="2.27381">
    <ele>1139.31</ele>
   </trkpt>
   <trkpt lat="42.68197000000001" lon="2.27386">
    <ele>1139.31</ele>
   </trkpt>
   <trkpt lat="42.681810000000006" lon="2.27389">
    <ele>1138.22</ele>
   </trkpt>
   <trkpt lat="42.68171" lon="2.27395">
    <ele>1138.0100000000002</ele>
   </trkpt>
   <trkpt lat="42.68164" lon="2.2740500000000003">
    <ele>1137.4700000000003</ele>
   </trkpt>
   <trkpt lat="42.68162" lon="2.2741900000000004">
    <ele>1136.8500000000001</ele>
   </trkpt>
   <trkpt lat="42.68164" lon="2.2743200000000003">
    <ele>1136.67</ele>
   </trkpt>
   <trkpt lat="42.68169" lon="2.27443">
    <ele>1136.21</ele>
   </trkpt>
   <trkpt lat="42.68178" lon="2.27449">
    <ele>1135.5900000000001</ele>
   </trkpt>
   <trkpt lat="42.68202" lon="2.2745">
    <ele>1133.8300000000002</ele>
   </trkpt>
   <trkpt lat="42.682500000000005" lon="2.2745900000000003">
    <ele>1130.53</ele>
   </trkpt>
   <trkpt lat="42.68256" lon="2.2746500000000003">
    <ele>1130.26</ele>
   </trkpt>
   <trkpt lat="42.682610000000004" lon="2.2747300000000004">
    <ele>1129.65</ele>
   </trkpt>
   <trkpt lat="42.68262" lon="2.27483">
    <ele>1129.65</ele>
   </trkpt>
   <trkpt lat="42.682610000000004" lon="2.2749">
    <ele>1129.65</ele>
   </trkpt>
   <trkpt lat="42.68256" lon="2.2749800000000002">
    <ele>1128.03</ele>
   </trkpt>
   <trkpt lat="42.68247" lon="2.27503">
    <ele>1128.03</ele>
   </trkpt>
   <trkpt lat="42.68209" lon="2.27484">
    <ele>1126.64</ele>
   </trkpt>
   <trkpt lat="42.68193" lon="2.27483">
    <ele>1125.94</ele>
   </trkpt>
   <trkpt lat="42.6818" lon="2.2748600000000003">
    <ele>1125.94</ele>
   </trkpt>
   <trkpt lat="42.68166" lon="2.27496">
    <ele>1124.5800000000002</ele>
   </trkpt>
   <trkpt lat="42.68153" lon="2.2751400000000004">
    <ele>1123.38</ele>
   </trkpt>
   <trkpt lat="42.681340000000006" lon="2.2754800000000004">
    <ele>1121.3700000000001</ele>
   </trkpt>
   <trkpt lat="42.681180000000005" lon="2.2757">
    <ele>1118.8200000000002</ele>
   </trkpt>
   <trkpt lat="42.68066" lon="2.2761600000000004">
    <ele>1113.66</ele>
   </trkpt>
   <trkpt lat="42.680550000000004" lon="2.27623">
    <ele>1113.66</ele>
   </trkpt>
   <trkpt lat="42.68043" lon="2.2762800000000003">
    <ele>1112.41</ele>
   </trkpt>
   <trkpt lat="42.68034" lon="2.2762800000000003">
    <ele>1112.15</ele>
   </trkpt>
   <trkpt lat="42.680220000000006" lon="2.2762200000000004">
    <ele>1111.7100000000003</ele>
   </trkpt>
   <trkpt lat="42.68016" lon="2.2761400000000003">
    <ele>1111.15</ele>
   </trkpt>
   <trkpt lat="42.680110000000006" lon="2.2760100000000003">
    <ele>1110.65</ele>
   </trkpt>
   <trkpt lat="42.68012" lon="2.2758200000000004">
    <ele>1110.05</ele>
   </trkpt>
   <trkpt lat="42.68018" lon="2.27556">
    <ele>1109.8000000000002</ele>
   </trkpt>
   <trkpt lat="42.68032" lon="2.27523">
    <ele>1109.01</ele>
   </trkpt>
   <trkpt lat="42.680330000000005" lon="2.2750700000000004">
    <ele>1108.77</ele>
   </trkpt>
   <trkpt lat="42.6803" lon="2.27496">
    <ele>1108.3899999999999</ele>
   </trkpt>
   <trkpt lat="42.680240000000005" lon="2.2749">
    <ele>1107.8400000000001</ele>
   </trkpt>
   <trkpt lat="42.680150000000005" lon="2.2748600000000003">
    <ele>1107.1200000000001</ele>
   </trkpt>
   <trkpt lat="42.680080000000004" lon="2.27489">
    <ele>1106.71</ele>
   </trkpt>
   <trkpt lat="42.68003" lon="2.27496">
    <ele>1106.71</ele>
   </trkpt>
   <trkpt lat="42.67989" lon="2.27571">
    <ele>1099.6000000000001</ele>
   </trkpt>
   <trkpt lat="42.679680000000005" lon="2.27657">
    <ele>1095.31</ele>
   </trkpt>
   <trkpt lat="42.67967" lon="2.27673">
    <ele>1095.31</ele>
   </trkpt>
   <trkpt lat="42.67969" lon="2.27687">
    <ele>1092.21</ele>
   </trkpt>
   <trkpt lat="42.679880000000004" lon="2.2774">
    <ele>1090.13</ele>
   </trkpt>
   <trkpt lat="42.68005" lon="2.27769">
    <ele>1088.4900000000002</ele>
   </trkpt>
   <trkpt lat="42.6801" lon="2.27775">
    <ele>1088.21</ele>
   </trkpt>
   <trkpt lat="42.68018" lon="2.2777800000000004">
    <ele>1087.9</ele>
   </trkpt>
   <trkpt lat="42.68029000000001" lon="2.27775">
    <ele>1087.23</ele>
   </trkpt>
   <trkpt lat="42.68068" lon="2.27753">
    <ele>1083.44</ele>
   </trkpt>
   <trkpt lat="42.68077" lon="2.2775100000000004">
    <ele>1082.8600000000001</ele>
   </trkpt>
   <trkpt lat="42.68088" lon="2.27754">
    <ele>1082.3400000000001</ele>
   </trkpt>
   <trkpt lat="42.681290000000004" lon="2.27789">
    <ele>1079.69</ele>
   </trkpt>
   <trkpt lat="42.681340000000006" lon="2.27801">
    <ele>1078.92</ele>
   </trkpt>
   <trkpt lat="42.681340000000006" lon="2.27814">
    <ele>1077.63</ele>
   </trkpt>
   <trkpt lat="42.68128" lon="2.27823">
    <ele>1076.81</ele>
   </trkpt>
   <trkpt lat="42.68122" lon="2.27827">
    <ele>1076.44</ele>
   </trkpt>
   <trkpt lat="42.68113" lon="2.2782500000000003">
    <ele>1075.76</ele>
   </trkpt>
   <trkpt lat="42.681020000000004" lon="2.2781700000000003">
    <ele>1074.8600000000001</ele>
   </trkpt>
   <trkpt lat="42.68086" lon="2.2781000000000002">
    <ele>1074.3</ele>
   </trkpt>
   <trkpt lat="42.68074" lon="2.27809">
    <ele>1072.94</ele>
   </trkpt>
   <trkpt lat="42.68063" lon="2.27813">
    <ele>1072.94</ele>
   </trkpt>
   <trkpt lat="42.680060000000005" lon="2.2785">
    <ele>1068.14</ele>
   </trkpt>
   <trkpt lat="42.67998" lon="2.27861">
    <ele>1066.09</ele>
   </trkpt>
   <trkpt lat="42.67991000000001" lon="2.27881">
    <ele>1064.91</ele>
   </trkpt>
   <trkpt lat="42.679930000000006" lon="2.2789800000000002">
    <ele>1064.71</ele>
   </trkpt>
   <trkpt lat="42.68003" lon="2.2791200000000003">
    <ele>1064.5900000000001</ele>
   </trkpt>
   <trkpt lat="42.680130000000005" lon="2.27922">
    <ele>1063.3300000000002</ele>
   </trkpt>
   <trkpt lat="42.68043" lon="2.2794800000000004">
    <ele>1060.3200000000002</ele>
   </trkpt>
   <trkpt lat="42.68059" lon="2.27969">
    <ele>1060.3200000000002</ele>
   </trkpt>
   <trkpt lat="42.680670000000006" lon="2.2799">
    <ele>1056.21</ele>
   </trkpt>
   <trkpt lat="42.680730000000004" lon="2.2802100000000003">
    <ele>1056.21</ele>
   </trkpt>
   <trkpt lat="42.680730000000004" lon="2.28046">
    <ele>1051.7800000000002</ele>
   </trkpt>
   <trkpt lat="42.68068" lon="2.28101">
    <ele>1050.27</ele>
   </trkpt>
   <trkpt lat="42.68068" lon="2.2818400000000003">
    <ele>1046.3</ele>
   </trkpt>
   <trkpt lat="42.680640000000004" lon="2.2821100000000003">
    <ele>1042.06</ele>
   </trkpt>
   <trkpt lat="42.68043" lon="2.2825900000000003">
    <ele>1038.9</ele>
   </trkpt>
   <trkpt lat="42.68034" lon="2.28268">
    <ele>1039.05</ele>
   </trkpt>
   <trkpt lat="42.680220000000006" lon="2.2828000000000004">
    <ele>1039.05</ele>
   </trkpt>
   <trkpt lat="42.680040000000005" lon="2.2829">
    <ele>1038.3200000000002</ele>
   </trkpt>
   <trkpt lat="42.67963" lon="2.28322">
    <ele>1034.72</ele>
   </trkpt>
   <trkpt lat="42.67951" lon="2.28328">
    <ele>1032.43</ele>
   </trkpt>
   <trkpt lat="42.67942" lon="2.28329">
    <ele>1032.43</ele>
   </trkpt>
   <trkpt lat="42.679190000000006" lon="2.2832100000000004">
    <ele>1030.28</ele>
   </trkpt>
   <trkpt lat="42.67911" lon="2.28323">
    <ele>1028.3500000000001</ele>
   </trkpt>
   <trkpt lat="42.67904" lon="2.28331">
    <ele>1028.3500000000001</ele>
   </trkpt>
   <trkpt lat="42.679010000000005" lon="2.28342">
    <ele>1027.42</ele>
   </trkpt>
   <trkpt lat="42.679030000000004" lon="2.2835300000000003">
    <ele>1027.42</ele>
   </trkpt>
   <trkpt lat="42.67909" lon="2.28364">
    <ele>1026.24</ele>
   </trkpt>
   <trkpt lat="42.67958" lon="2.28406">
    <ele>1023.3000000000001</ele>
   </trkpt>
   <trkpt lat="42.679840000000006" lon="2.28432">
    <ele>1021.1300000000001</ele>
   </trkpt>
   <trkpt lat="42.679990000000004" lon="2.2844300000000004">
    <ele>1020.2300000000001</ele>
   </trkpt>
   <trkpt lat="42.68012" lon="2.2844300000000004">
    <ele>1019.8200000000002</ele>
   </trkpt>
   <trkpt lat="42.680220000000006" lon="2.28439">
    <ele>1019.2700000000001</ele>
   </trkpt>
   <trkpt lat="42.68032" lon="2.2843">
    <ele>1018.9400000000002</ele>
   </trkpt>
   <trkpt lat="42.680510000000005" lon="2.28379">
    <ele>1017.9599999999999</ele>
   </trkpt>
   <trkpt lat="42.68057" lon="2.28372">
    <ele>1017.9599999999999</ele>
   </trkpt>
   <trkpt lat="42.680640000000004" lon="2.28369">
    <ele>1017.8800000000001</ele>
   </trkpt>
   <trkpt lat="42.68077" lon="2.28376">
    <ele>1016.5600000000001</ele>
   </trkpt>
   <trkpt lat="42.68081" lon="2.2838000000000003">
    <ele>1016.5600000000001</ele>
   </trkpt>
   <trkpt lat="42.680930000000004" lon="2.28433">
    <ele>1012.1800000000001</ele>
   </trkpt>
   <trkpt lat="42.68104" lon="2.2846800000000003">
    <ele>1010.2900000000001</ele>
   </trkpt>
   <trkpt lat="42.681090000000005" lon="2.28492">
    <ele>1010.2900000000001</ele>
   </trkpt>
   <trkpt lat="42.6811" lon="2.28526">
    <ele>1006.7000000000002</ele>
   </trkpt>
   <trkpt lat="42.68117" lon="2.2856500000000004">
    <ele>1002.08</ele>
   </trkpt>
   <trkpt lat="42.68150000000001" lon="2.28613">
    <ele>998.94</ele>
   </trkpt>
   <trkpt lat="42.681610000000006" lon="2.2861900000000004">
    <ele>998.2400000000001</ele>
   </trkpt>
   <trkpt lat="42.68168" lon="2.28627">
    <ele>997.84</ele>
   </trkpt>
   <trkpt lat="42.681720000000006" lon="2.2863700000000002">
    <ele>996.98</ele>
   </trkpt>
   <trkpt lat="42.681810000000006" lon="2.28758">
    <ele>988.5600000000001</ele>
   </trkpt>
   <trkpt lat="42.68186" lon="2.28769">
    <ele>988.5600000000001</ele>
   </trkpt>
   <trkpt lat="42.68216" lon="2.2880000000000003">
    <ele>986.01</ele>
   </trkpt>
   <trkpt lat="42.68216" lon="2.28811">
    <ele>985.62</ele>
   </trkpt>
   <trkpt lat="42.682120000000005" lon="2.28819">
    <ele>985.2</ele>
   </trkpt>
   <trkpt lat="42.68188000000001" lon="2.28832">
    <ele>981.8700000000001</ele>
   </trkpt>
   <trkpt lat="42.6818" lon="2.28845">
    <ele>979.9200000000001</ele>
   </trkpt>
   <trkpt lat="42.68175" lon="2.2887000000000004">
    <ele>978.57</ele>
   </trkpt>
   <trkpt lat="42.681720000000006" lon="2.28935">
    <ele>974.7900000000001</ele>
   </trkpt>
   <trkpt lat="42.68169" lon="2.2895600000000003">
    <ele>973.35</ele>
   </trkpt>
   <trkpt lat="42.68159000000001" lon="2.28988">
    <ele>970.86</ele>
   </trkpt>
   <trkpt lat="42.681290000000004" lon="2.29063">
    <ele>967.3300000000002</ele>
   </trkpt>
   <trkpt lat="42.681140000000006" lon="2.2908700000000004">
    <ele>965.3900000000001</ele>
   </trkpt>
   <trkpt lat="42.68097" lon="2.29102">
    <ele>964.4800000000001</ele>
   </trkpt>
   <trkpt lat="42.6807" lon="2.2913200000000002">
    <ele>961.28</ele>
   </trkpt>
   <trkpt lat="42.68063" lon="2.2914600000000003">
    <ele>959.5600000000001</ele>
   </trkpt>
   <trkpt lat="42.680415001587974" lon="2.2920400016698914">
    <ele>957.1700000000001</ele>
   </trkpt>
   <trkpt lat="42.680200000000006" lon="2.2926200000000003">
    <ele>955.09</ele>
   </trkpt>
   <trkpt lat="42.680200000000006" lon="2.2926800000000003">
    <ele>955.09</ele>
   </trkpt>
   <trkpt lat="42.68023" lon="2.2927600000000004">
    <ele>954.97</ele>
   </trkpt>
   <trkpt lat="42.6803" lon="2.29286">
    <ele>954.7500000000001</ele>
   </trkpt>
   <trkpt lat="42.68039" lon="2.29293">
    <ele>954.7500000000001</ele>
   </trkpt>
   <trkpt lat="42.68077" lon="2.29319">
    <ele>949.7800000000001</ele>
   </trkpt>
   <trkpt lat="42.68083" lon="2.29328">
    <ele>949.12</ele>
   </trkpt>
   <trkpt lat="42.681070000000005" lon="2.2940300000000002">
    <ele>944.9300000000001</ele>
   </trkpt>
   <trkpt lat="42.681140000000006" lon="2.2941900000000004">
    <ele>943.1100000000001</ele>
   </trkpt>
   <trkpt lat="42.68132000000001" lon="2.2943800000000003">
    <ele>942.58</ele>
   </trkpt>
   <trkpt lat="42.68135" lon="2.2944600000000004">
    <ele>941.86</ele>
   </trkpt>
   <trkpt lat="42.681340000000006" lon="2.2945900000000004">
    <ele>941.27</ele>
   </trkpt>
   <trkpt lat="42.681290000000004" lon="2.29468">
    <ele>940.52</ele>
   </trkpt>
   <trkpt lat="42.68117" lon="2.29476">
    <ele>940.52</ele>
   </trkpt>
   <trkpt lat="42.681000000000004" lon="2.29483">
    <ele>937.15</ele>
   </trkpt>
   <trkpt lat="42.68083" lon="2.29501">
    <ele>935.61</ele>
   </trkpt>
   <trkpt lat="42.680550000000004" lon="2.2957300000000003">
    <ele>930.9200000000001</ele>
   </trkpt>
   <trkpt lat="42.680510000000005" lon="2.2960100000000003">
    <ele>929.46</ele>
   </trkpt>
   <trkpt lat="42.68052" lon="2.29711">
    <ele>922.36</ele>
   </trkpt>
   <trkpt lat="42.6805" lon="2.29725">
    <ele>922.36</ele>
   </trkpt>
   <trkpt lat="42.68037" lon="2.29762">
    <ele>918.85</ele>
   </trkpt>
   <trkpt lat="42.680330000000005" lon="2.29779">
    <ele>917.76</ele>
   </trkpt>
   <trkpt lat="42.68029000000001" lon="2.2983900000000004">
    <ele>914.44</ele>
   </trkpt>
   <trkpt lat="42.68014" lon="2.29908">
    <ele>912.27</ele>
   </trkpt>
   <trkpt lat="42.680110000000006" lon="2.2994000000000003">
    <ele>909.46</ele>
   </trkpt>
   <trkpt lat="42.680060000000005" lon="2.2995200000000002">
    <ele>909.46</ele>
   </trkpt>
   <trkpt lat="42.67987" lon="2.2997300000000003">
    <ele>905.5400000000001</ele>
   </trkpt>
   <trkpt lat="42.67982000000001" lon="2.29983">
    <ele>905.5400000000001</ele>
   </trkpt>
   <trkpt lat="42.67971" lon="2.3007600000000004">
    <ele>898.9300000000001</ele>
   </trkpt>
   <trkpt lat="42.67962000000001" lon="2.30131">
    <ele>895.9</ele>
   </trkpt>
   <trkpt lat="42.679590000000005" lon="2.30167">
    <ele>895.0300000000001</ele>
   </trkpt>
   <trkpt lat="42.67951" lon="2.30216">
    <ele>891.59</ele>
   </trkpt>
   <trkpt lat="42.67949" lon="2.30296">
    <ele>888.0300000000001</ele>
   </trkpt>
   <trkpt lat="42.679410000000004" lon="2.30321">
    <ele>887.48</ele>
   </trkpt>
   <trkpt lat="42.679390000000005" lon="2.30331">
    <ele>887.45</ele>
   </trkpt>
   <trkpt lat="42.67935000000001" lon="2.3041500000000004">
    <ele>881.83</ele>
   </trkpt>
   <trkpt lat="42.67931" lon="2.3042900000000004">
    <ele>881.83</ele>
   </trkpt>
   <trkpt lat="42.67918" lon="2.3046">
    <ele>878.3400000000001</ele>
   </trkpt>
   <trkpt lat="42.67913" lon="2.30479">
    <ele>878.3400000000001</ele>
   </trkpt>
   <trkpt lat="42.679100000000005" lon="2.3050800000000002">
    <ele>876.6800000000001</ele>
   </trkpt>
   <trkpt lat="42.67915000000001" lon="2.30581">
    <ele>871.63</ele>
   </trkpt>
   <trkpt lat="42.67904" lon="2.3063700000000003">
    <ele>869.19</ele>
   </trkpt>
   <trkpt lat="42.67902" lon="2.3065900000000004">
    <ele>868.32</ele>
   </trkpt>
   <trkpt lat="42.679120000000005" lon="2.30765">
    <ele>864.3100000000001</ele>
   </trkpt>
   <trkpt lat="42.6791650017412" lon="2.3082849993645986">
    <ele>858.95</ele>
   </trkpt>
   <trkpt lat="42.679210000000005" lon="2.30892">
    <ele>854.49</ele>
   </trkpt>
   <trkpt lat="42.679210000000005" lon="2.3091600000000003">
    <ele>854.49</ele>
   </trkpt>
   <trkpt lat="42.67913" lon="2.30966">
    <ele>851.6100000000001</ele>
   </trkpt>
   <trkpt lat="42.67909" lon="2.3102">
    <ele>849.77</ele>
   </trkpt>
   <trkpt lat="42.678920000000005" lon="2.31069">
    <ele>845.32</ele>
   </trkpt>
   <trkpt lat="42.67877" lon="2.3115400000000004">
    <ele>841.76</ele>
   </trkpt>
   <trkpt lat="42.67868" lon="2.3118700000000003">
    <ele>838.1700000000001</ele>
   </trkpt>
   <trkpt lat="42.67859000000001" lon="2.3122000000000003">
    <ele>837.23</ele>
   </trkpt>
   <trkpt lat="42.678490000000004" lon="2.31273">
    <ele>834.8700000000001</ele>
   </trkpt>
   <trkpt lat="42.67841000169032" lon="2.313355000871178">
    <ele>831.6000000000001</ele>
   </trkpt>
   <trkpt lat="42.67833" lon="2.3139800000000004">
    <ele>827.79</ele>
   </trkpt>
   <trkpt lat="42.678360000000005" lon="2.31435">
    <ele>826.88</ele>
   </trkpt>
   <trkpt lat="42.67833" lon="2.3146400000000003">
    <ele>825.57</ele>
   </trkpt>
   <trkpt lat="42.67817" lon="2.31508">
    <ele>822.09</ele>
   </trkpt>
   <trkpt lat="42.67801" lon="2.31544">
    <ele>820.6000000000001</ele>
   </trkpt>
   <trkpt lat="42.67794000000001" lon="2.31565">
    <ele>818.1600000000001</ele>
   </trkpt>
   <trkpt lat="42.677855004303524" lon="2.316645001385666">
    <ele>813.24</ele>
   </trkpt>
   <trkpt lat="42.67777" lon="2.3176400000000004">
    <ele>810.36</ele>
   </trkpt>
   <trkpt lat="42.67783" lon="2.3181100000000003">
    <ele>807.95</ele>
   </trkpt>
   <trkpt lat="42.67785000000001" lon="2.3183700000000003">
    <ele>806.32</ele>
   </trkpt>
   <trkpt lat="42.677820000000004" lon="2.3186600000000004">
    <ele>804.85</ele>
   </trkpt>
   <trkpt lat="42.67777" lon="2.31903">
    <ele>802.2600000000001</ele>
   </trkpt>
   <trkpt lat="42.67768" lon="2.31936">
    <ele>800.44</ele>
   </trkpt>
   <trkpt lat="42.677550000000004" lon="2.3196700000000003">
    <ele>798.5300000000001</ele>
   </trkpt>
   <trkpt lat="42.67732" lon="2.3200800000000004">
    <ele>794.57</ele>
   </trkpt>
   <trkpt lat="42.676950000000005" lon="2.3206200000000003">
    <ele>789.2600000000001</ele>
   </trkpt>
   <trkpt lat="42.676790000000004" lon="2.32079">
    <ele>789.2600000000001</ele>
   </trkpt>
   <trkpt lat="42.676140000000004" lon="2.3212900000000003">
    <ele>785.57</ele>
   </trkpt>
   <trkpt lat="42.67562" lon="2.32182">
    <ele>782.3100000000001</ele>
   </trkpt>
   <trkpt lat="42.67553" lon="2.3219700000000003">
    <ele>781.8100000000001</ele>
   </trkpt>
   <trkpt lat="42.675340000000006" lon="2.3224400000000003">
    <ele>779.2800000000001</ele>
   </trkpt>
   <trkpt lat="42.675320000000006" lon="2.32253">
    <ele>778.5200000000001</ele>
   </trkpt>
   <trkpt lat="42.67533" lon="2.3226600000000004">
    <ele>778.5200000000001</ele>
   </trkpt>
   <trkpt lat="42.67549" lon="2.32342">
    <ele>776.7700000000001</ele>
   </trkpt>
   <trkpt lat="42.675580000000004" lon="2.3241400000000003">
    <ele>776.99</ele>
   </trkpt>
   <trkpt lat="42.675670000000004" lon="2.32444">
    <ele>776.99</ele>
   </trkpt>
   <trkpt lat="42.67568000000001" lon="2.3245500000000003">
    <ele>776.99</ele>
   </trkpt>
   <trkpt lat="42.675670000000004" lon="2.32471">
    <ele>776.99</ele>
   </trkpt>
   <trkpt lat="42.675430000000006" lon="2.3257800000000004">
    <ele>778.05</ele>
   </trkpt>
   <trkpt lat="42.67542" lon="2.32619">
    <ele>777.23</ele>
   </trkpt>
   <trkpt lat="42.67544" lon="2.32641">
    <ele>776.27</ele>
   </trkpt>
   <trkpt lat="42.675520000000006" lon="2.32668">
    <ele>775.0600000000001</ele>
   </trkpt>
   <trkpt lat="42.67555" lon="2.3268500000000003">
    <ele>775.0600000000001</ele>
   </trkpt>
   <trkpt lat="42.675450000000005" lon="2.3277200000000002">
    <ele>770.6400000000001</ele>
   </trkpt>
   <trkpt lat="42.675320000000006" lon="2.3283500000000004">
    <ele>768.1800000000001</ele>
   </trkpt>
   <trkpt lat="42.67508" lon="2.3289400000000002">
    <ele>767.4000000000001</ele>
   </trkpt>
   <trkpt lat="42.674850000000006" lon="2.32938">
    <ele>765.02</ele>
   </trkpt>
   <trkpt lat="42.67443" lon="2.3298400000000004">
    <ele>763.9100000000001</ele>
   </trkpt>
   <trkpt lat="42.6743" lon="2.33007">
    <ele>763.75</ele>
   </trkpt>
   <trkpt lat="42.674220000000005" lon="2.33061">
    <ele>763.2</ele>
   </trkpt>
   <trkpt lat="42.6741" lon="2.3311200000000003">
    <ele>762.6700000000001</ele>
   </trkpt>
   <trkpt lat="42.67407" lon="2.3313200000000003">
    <ele>761.82</ele>
   </trkpt>
   <trkpt lat="42.67409000000001" lon="2.3314600000000003">
    <ele>761.1300000000001</ele>
   </trkpt>
   <trkpt lat="42.674150000000004" lon="2.33163">
    <ele>761.1300000000001</ele>
   </trkpt>
   <trkpt lat="42.674240000000005" lon="2.33177">
    <ele>760.12</ele>
   </trkpt>
   <trkpt lat="42.674380000000006" lon="2.3319300000000003">
    <ele>758.53</ele>
   </trkpt>
   <trkpt lat="42.674580000000006" lon="2.3320600000000002">
    <ele>758.53</ele>
   </trkpt>
   <trkpt lat="42.675270000000005" lon="2.33218">
    <ele>754.62</ele>
   </trkpt>
   <trkpt lat="42.67593" lon="2.3324800000000003">
    <ele>752.47</ele>
   </trkpt>
   <trkpt lat="42.67597000000001" lon="2.3325400000000003">
    <ele>752.47</ele>
   </trkpt>
   <trkpt lat="42.675990000000006" lon="2.3326800000000003">
    <ele>751.97</ele>
   </trkpt>
   <trkpt lat="42.675990000000006" lon="2.3328200000000003">
    <ele>751.95</ele>
   </trkpt>
   <trkpt lat="42.67596" lon="2.3329500000000003">
    <ele>750.59</ele>
   </trkpt>
   <trkpt lat="42.675810000000006" lon="2.3330200000000003">
    <ele>750.59</ele>
   </trkpt>
   <trkpt lat="42.675290000000004" lon="2.33318">
    <ele>747.3000000000001</ele>
   </trkpt>
   <trkpt lat="42.67519" lon="2.33324">
    <ele>746.85</ele>
   </trkpt>
   <trkpt lat="42.674760000000006" lon="2.3338400000000004">
    <ele>744.4000000000001</ele>
   </trkpt>
   <trkpt lat="42.67459" lon="2.3342300000000002">
    <ele>742.92</ele>
   </trkpt>
   <trkpt lat="42.674420000000005" lon="2.3347700000000002">
    <ele>741.68</ele>
   </trkpt>
   <trkpt lat="42.67437" lon="2.3350000000000004">
    <ele>740.3900000000001</ele>
   </trkpt>
   <trkpt lat="42.674350000000004" lon="2.33523">
    <ele>739.7900000000001</ele>
   </trkpt>
   <trkpt lat="42.674380000000006" lon="2.3358800000000004">
    <ele>737.9300000000001</ele>
   </trkpt>
   <trkpt lat="42.67436" lon="2.3360600000000002">
    <ele>736.5100000000001</ele>
   </trkpt>
   <trkpt lat="42.674205001974194" lon="2.336730001576165">
    <ele>734.96</ele>
   </trkpt>
   <trkpt lat="42.67405" lon="2.3374">
    <ele>733.6300000000001</ele>
   </trkpt>
   <trkpt lat="42.67369" lon="2.33833">
    <ele>731.6100000000001</ele>
   </trkpt>
   <trkpt lat="42.673660000000005" lon="2.3385700000000003">
    <ele>729.83</ele>
   </trkpt>
   <trkpt lat="42.67369" lon="2.33874">
    <ele>729.83</ele>
   </trkpt>
   <trkpt lat="42.673790000000004" lon="2.33896">
    <ele>729.57</ele>
   </trkpt>
   <trkpt lat="42.673930000000006" lon="2.33917">
    <ele>728.9300000000001</ele>
   </trkpt>
   <trkpt lat="42.67398" lon="2.3393">
    <ele>728.94</ele>
   </trkpt>
   <trkpt lat="42.673970000000004" lon="2.33944">
    <ele>728.94</ele>
   </trkpt>
   <trkpt lat="42.673860000000005" lon="2.3396000000000003">
    <ele>727.84</ele>
   </trkpt>
   <trkpt lat="42.67349" lon="2.3397400000000004">
    <ele>725.6100000000001</ele>
   </trkpt>
   <trkpt lat="42.67295" lon="2.34019">
    <ele>723.16</ele>
   </trkpt>
   <trkpt lat="42.67275" lon="2.34044">
    <ele>721.96</ele>
   </trkpt>
   <trkpt lat="42.67255" lon="2.34078">
    <ele>721.13</ele>
   </trkpt>
   <trkpt lat="42.67235" lon="2.34098">
    <ele>720.83</ele>
   </trkpt>
   <trkpt lat="42.67224" lon="2.3412">
    <ele>719.8800000000001</ele>
   </trkpt>
   <trkpt lat="42.672090000000004" lon="2.3416900000000003">
    <ele>717.6800000000001</ele>
   </trkpt>
   <trkpt lat="42.671940000000006" lon="2.3423100000000003">
    <ele>716.04</ele>
   </trkpt>
   <trkpt lat="42.67183000000001" lon="2.34262">
    <ele>714.67</ele>
   </trkpt>
   <trkpt lat="42.67175" lon="2.3427900000000004">
    <ele>714.3100000000001</ele>
   </trkpt>
   <trkpt lat="42.671600000000005" lon="2.3432500000000003">
    <ele>712.83</ele>
   </trkpt>
   <trkpt lat="42.67152" lon="2.34344">
    <ele>712.5600000000001</ele>
   </trkpt>
   <trkpt lat="42.671380000000006" lon="2.34369">
    <ele>711.71</ele>
   </trkpt>
   <trkpt lat="42.67123" lon="2.34417">
    <ele>710.43</ele>
   </trkpt>
   <trkpt lat="42.67116" lon="2.34422">
    <ele>710.43</ele>
   </trkpt>
   <trkpt lat="42.67087" lon="2.3443400000000003">
    <ele>708.9200000000001</ele>
   </trkpt>
   <trkpt lat="42.67071000000001" lon="2.34446">
    <ele>708.46</ele>
   </trkpt>
   <trkpt lat="42.67058" lon="2.34463">
    <ele>708.46</ele>
   </trkpt>
   <trkpt lat="42.67051" lon="2.3448">
    <ele>707.13</ele>
   </trkpt>
   <trkpt lat="42.670440000000006" lon="2.3448900000000004">
    <ele>707.13</ele>
   </trkpt>
   <trkpt lat="42.67031" lon="2.34492">
    <ele>706.8700000000001</ele>
   </trkpt>
   <trkpt lat="42.67004" lon="2.3450300000000004">
    <ele>706.16</ele>
   </trkpt>
   <trkpt lat="42.669830000000005" lon="2.34518">
    <ele>706.0600000000001</ele>
   </trkpt>
   <trkpt lat="42.66964" lon="2.34539">
    <ele>706.13</ele>
   </trkpt>
   <trkpt lat="42.66948" lon="2.3458400000000004">
    <ele>705.89</ele>
   </trkpt>
   <trkpt lat="42.66930000000001" lon="2.34653">
    <ele>706.34</ele>
   </trkpt>
   <trkpt lat="42.66919" lon="2.34675">
    <ele>706.85</ele>
   </trkpt>
   <trkpt lat="42.66901" lon="2.3469800000000003">
    <ele>707.0400000000001</ele>
   </trkpt>
   <trkpt lat="42.668780000000005" lon="2.3471800000000003">
    <ele>707.47</ele>
   </trkpt>
   <trkpt lat="42.66823" lon="2.34756">
    <ele>707.52</ele>
   </trkpt>
   <trkpt lat="42.667770000000004" lon="2.3478600000000003">
    <ele>708.34</ele>
   </trkpt>
   <trkpt lat="42.66774" lon="2.34803">
    <ele>708.4200000000001</ele>
   </trkpt>
   <trkpt lat="42.667680000000004" lon="2.3481300000000003">
    <ele>708.4100000000001</ele>
   </trkpt>
   <trkpt lat="42.66763" lon="2.3482700000000003">
    <ele>708.33</ele>
   </trkpt>
   <trkpt lat="42.66765" lon="2.3488">
    <ele>705.28</ele>
   </trkpt>
   <trkpt lat="42.66774" lon="2.349">
    <ele>704.38</ele>
   </trkpt>
   <trkpt lat="42.66816500046811" lon="2.349314997873398">
    <ele>702.2700000000001</ele>
   </trkpt>
   <trkpt lat="42.66859" lon="2.3496300000000003">
    <ele>699.33</ele>
   </trkpt>
   <trkpt lat="42.66879" lon="2.3498">
    <ele>698.72</ele>
   </trkpt>
   <trkpt lat="42.668870000000005" lon="2.34979">
    <ele>698.72</ele>
   </trkpt>
   <trkpt lat="42.669000000000004" lon="2.3496900000000003">
    <ele>698.72</ele>
   </trkpt>
   <trkpt lat="42.669200000000004" lon="2.3495600000000003">
    <ele>695.0</ele>
   </trkpt>
   <trkpt lat="42.669290000000004" lon="2.3495500000000002">
    <ele>695.0</ele>
   </trkpt>
   <trkpt lat="42.669360000000005" lon="2.34959">
    <ele>693.08</ele>
   </trkpt>
   <trkpt lat="42.669410000000006" lon="2.34966">
    <ele>693.08</ele>
   </trkpt>
   <trkpt lat="42.66946" lon="2.34981">
    <ele>692.95</ele>
   </trkpt>
   <trkpt lat="42.669470000000004" lon="2.34993">
    <ele>692.95</ele>
   </trkpt>
   <trkpt lat="42.66946" lon="2.3500400000000004">
    <ele>692.6300000000001</ele>
   </trkpt>
   <trkpt lat="42.6694" lon="2.35013">
    <ele>692.6300000000001</ele>
   </trkpt>
   <trkpt lat="42.668910000000004" lon="2.3504400000000003">
    <ele>687.4</ele>
   </trkpt>
   <trkpt lat="42.668690000000005" lon="2.3505100000000003">
    <ele>686.2900000000001</ele>
   </trkpt>
   <trkpt lat="42.667880000000004" lon="2.3506400000000003">
    <ele>680.59</ele>
   </trkpt>
   <trkpt lat="42.66769" lon="2.35074">
    <ele>680.03</ele>
   </trkpt>
   <trkpt lat="42.667300000000004" lon="2.35114">
    <ele>679.3800000000001</ele>
   </trkpt>
   <trkpt lat="42.66695000000001" lon="2.3514700000000004">
    <ele>677.88</ele>
   </trkpt>
   <trkpt lat="42.66646" lon="2.35185">
    <ele>675.2300000000001</ele>
   </trkpt>
   <trkpt lat="42.666340000000005" lon="2.3520100000000004">
    <ele>675.2300000000001</ele>
   </trkpt>
   <trkpt lat="42.66608" lon="2.3524700000000003">
    <ele>673.54</ele>
   </trkpt>
   <trkpt lat="42.66595" lon="2.3525300000000002">
    <ele>673.27</ele>
   </trkpt>
   <trkpt lat="42.66577" lon="2.3525400000000003">
    <ele>672.6500000000001</ele>
   </trkpt>
   <trkpt lat="42.66539" lon="2.3525">
    <ele>670.8100000000001</ele>
   </trkpt>
   <trkpt lat="42.66519" lon="2.35252">
    <ele>670.8100000000001</ele>
   </trkpt>
   <trkpt lat="42.66503" lon="2.35258">
    <ele>670.35</ele>
   </trkpt>
   <trkpt lat="42.6647" lon="2.35283">
    <ele>669.0200000000001</ele>
   </trkpt>
   <trkpt lat="42.66411" lon="2.35334">
    <ele>664.24</ele>
   </trkpt>
   <trkpt lat="42.66404" lon="2.3534300000000004">
    <ele>664.24</ele>
   </trkpt>
   <trkpt lat="42.663830000000004" lon="2.3538900000000003">
    <ele>661.81</ele>
   </trkpt>
   <trkpt lat="42.66373" lon="2.3540300000000003">
    <ele>661.1</ele>
   </trkpt>
   <trkpt lat="42.66364" lon="2.35408">
    <ele>660.59</ele>
   </trkpt>
   <trkpt lat="42.66333" lon="2.3541000000000003">
    <ele>659.27</ele>
   </trkpt>
   <trkpt lat="42.66324" lon="2.3541600000000003">
    <ele>658.19</ele>
   </trkpt>
   <trkpt lat="42.6632" lon="2.35421">
    <ele>657.71</ele>
   </trkpt>
   <trkpt lat="42.66315" lon="2.3544">
    <ele>657.2600000000001</ele>
   </trkpt>
   <trkpt lat="42.663120000000006" lon="2.3549">
    <ele>655.4000000000001</ele>
   </trkpt>
   <trkpt lat="42.66308" lon="2.3551">
    <ele>654.03</ele>
   </trkpt>
   <trkpt lat="42.663000000000004" lon="2.35536">
    <ele>653.2900000000001</ele>
   </trkpt>
   <trkpt lat="42.66266" lon="2.3559900000000003">
    <ele>649.4200000000001</ele>
   </trkpt>
   <trkpt lat="42.662580000000005" lon="2.35618">
    <ele>649.4200000000001</ele>
   </trkpt>
   <trkpt lat="42.66235" lon="2.35666">
    <ele>646.7700000000001</ele>
   </trkpt>
   <trkpt lat="42.66199" lon="2.35717">
    <ele>643.82</ele>
   </trkpt>
   <trkpt lat="42.6619" lon="2.35734">
    <ele>642.0600000000001</ele>
   </trkpt>
   <trkpt lat="42.66178" lon="2.3576400000000004">
    <ele>642.0600000000001</ele>
   </trkpt>
   <trkpt lat="42.661460000000005" lon="2.35829">
    <ele>637.1300000000001</ele>
   </trkpt>
   <trkpt lat="42.66134" lon="2.35868">
    <ele>635.9300000000001</ele>
   </trkpt>
   <trkpt lat="42.66126500224715" lon="2.359400000938332">
    <ele>633.59</ele>
   </trkpt>
   <trkpt lat="42.661190000000005" lon="2.36012">
    <ele>630.9</ele>
   </trkpt>
   <trkpt lat="42.661150000000006" lon="2.3602800000000004">
    <ele>629.8800000000001</ele>
   </trkpt>
   <trkpt lat="42.661080000000005" lon="2.3604200000000004">
    <ele>629.45</ele>
   </trkpt>
   <trkpt lat="42.66091" lon="2.36063">
    <ele>628.0</ele>
   </trkpt>
   <trkpt lat="42.66086000000001" lon="2.3607400000000003">
    <ele>628.0</ele>
   </trkpt>
   <trkpt lat="42.660830000000004" lon="2.36097">
    <ele>626.58</ele>
   </trkpt>
   <trkpt lat="42.660970000000006" lon="2.3618">
    <ele>624.8100000000001</ele>
   </trkpt>
   <trkpt lat="42.661030000000004" lon="2.3620900000000002">
    <ele>622.74</ele>
   </trkpt>
   <trkpt lat="42.66113" lon="2.3623800000000004">
    <ele>622.3700000000001</ele>
   </trkpt>
   <trkpt lat="42.66129" lon="2.36273">
    <ele>620.95</ele>
   </trkpt>
   <trkpt lat="42.66132" lon="2.36288">
    <ele>620.0300000000001</ele>
   </trkpt>
   <trkpt lat="42.661300000000004" lon="2.36303">
    <ele>619.4200000000001</ele>
   </trkpt>
   <trkpt lat="42.66118" lon="2.36336">
    <ele>618.44</ele>
   </trkpt>
   <trkpt lat="42.661030000000004" lon="2.36363">
    <ele>616.97</ele>
   </trkpt>
   <trkpt lat="42.660920000000004" lon="2.36376">
    <ele>616.97</ele>
   </trkpt>
   <trkpt lat="42.66078" lon="2.36388">
    <ele>616.44</ele>
   </trkpt>
   <trkpt lat="42.66044" lon="2.3640100000000004">
    <ele>616.1</ele>
   </trkpt>
   <trkpt lat="42.660320000000006" lon="2.36409">
    <ele>616.0000000000001</ele>
   </trkpt>
   <trkpt lat="42.660140000000006" lon="2.36437">
    <ele>615.96</ele>
   </trkpt>
   <trkpt lat="42.65992000000001" lon="2.3648200000000004">
    <ele>615.2500000000001</ele>
   </trkpt>
   <trkpt lat="42.65968" lon="2.36552">
    <ele>613.48</ele>
   </trkpt>
   <trkpt lat="42.65959" lon="2.36585">
    <ele>612.4900000000001</ele>
   </trkpt>
   <trkpt lat="42.65957" lon="2.3660200000000002">
    <ele>612.12</ele>
   </trkpt>
   <trkpt lat="42.65959" lon="2.3661600000000003">
    <ele>611.6600000000001</ele>
   </trkpt>
   <trkpt lat="42.65964" lon="2.3663100000000004">
    <ele>611.6600000000001</ele>
   </trkpt>
   <trkpt lat="42.65972" lon="2.3664">
    <ele>609.86</ele>
   </trkpt>
   <trkpt lat="42.660090000000004" lon="2.36661">
    <ele>609.7</ele>
   </trkpt>
   <trkpt lat="42.66013" lon="2.36666">
    <ele>609.62</ele>
   </trkpt>
   <trkpt lat="42.660160000000005" lon="2.3667900000000004">
    <ele>609.41</ele>
   </trkpt>
   <trkpt lat="42.66015" lon="2.36694">
    <ele>609.26</ele>
   </trkpt>
   <trkpt lat="42.66010000000001" lon="2.3671100000000003">
    <ele>609.1700000000001</ele>
   </trkpt>
   <trkpt lat="42.66002" lon="2.36729">
    <ele>609.1800000000001</ele>
   </trkpt>
   <trkpt lat="42.6599" lon="2.36744">
    <ele>609.4000000000001</ele>
   </trkpt>
   <trkpt lat="42.659670000000006" lon="2.3675200000000003">
    <ele>609.82</ele>
   </trkpt>
   <trkpt lat="42.659580000000005" lon="2.3675900000000003">
    <ele>609.83</ele>
   </trkpt>
   <trkpt lat="42.659510000000004" lon="2.3677">
    <ele>609.59</ele>
   </trkpt>
   <trkpt lat="42.659330000000004" lon="2.3683500000000004">
    <ele>607.0300000000001</ele>
   </trkpt>
   <trkpt lat="42.65917" lon="2.3688200000000004">
    <ele>605.3000000000001</ele>
   </trkpt>
   <trkpt lat="42.65881" lon="2.3692800000000003">
    <ele>603.04</ele>
   </trkpt>
   <trkpt lat="42.65869" lon="2.36954">
    <ele>602.6100000000001</ele>
   </trkpt>
   <trkpt lat="42.65861" lon="2.37001">
    <ele>600.36</ele>
   </trkpt>
   <trkpt lat="42.65854" lon="2.37022">
    <ele>599.62</ele>
   </trkpt>
   <trkpt lat="42.65842000000001" lon="2.3703800000000004">
    <ele>599.32</ele>
   </trkpt>
   <trkpt lat="42.65807" lon="2.3706">
    <ele>600.2900000000001</ele>
   </trkpt>
   <trkpt lat="42.65793" lon="2.3707100000000003">
    <ele>602.11</ele>
   </trkpt>
   <trkpt lat="42.657810000000005" lon="2.3709100000000003">
    <ele>602.32</ele>
   </trkpt>
   <trkpt lat="42.65778" lon="2.37108">
    <ele>602.4300000000001</ele>
   </trkpt>
   <trkpt lat="42.65786000000001" lon="2.37168">
    <ele>601.7300000000001</ele>
   </trkpt>
   <trkpt lat="42.65785" lon="2.3719400000000004">
    <ele>601.53</ele>
   </trkpt>
   <trkpt lat="42.657830000000004" lon="2.3721">
    <ele>600.1899999999999</ele>
   </trkpt>
   <trkpt lat="42.657770000000006" lon="2.3722700000000003">
    <ele>600.1899999999999</ele>
   </trkpt>
   <trkpt lat="42.65751" lon="2.37271">
    <ele>597.07</ele>
   </trkpt>
   <trkpt lat="42.6572000009458" lon="2.373190002479852">
    <ele>591.9300000000001</ele>
   </trkpt>
   <trkpt lat="42.656890000000004" lon="2.37367">
    <ele>591.45</ele>
   </trkpt>
   <trkpt lat="42.656380000000006" lon="2.37447">
    <ele>587.44</ele>
   </trkpt>
   <trkpt lat="42.656240000000004" lon="2.3745700000000003">
    <ele>586.2900000000001</ele>
   </trkpt>
   <trkpt lat="42.656110000000005" lon="2.37462">
    <ele>586.2900000000001</ele>
   </trkpt>
   <trkpt lat="42.65567" lon="2.3746400000000003">
    <ele>583.1500000000001</ele>
   </trkpt>
   <trkpt lat="42.65554" lon="2.37469">
    <ele>583.1500000000001</ele>
   </trkpt>
   <trkpt lat="42.65543" lon="2.37476">
    <ele>581.31</ele>
   </trkpt>
   <trkpt lat="42.655350000000006" lon="2.37488">
    <ele>581.31</ele>
   </trkpt>
   <trkpt lat="42.65507500162503" lon="2.375495002763755">
    <ele>578.83</ele>
   </trkpt>
   <trkpt lat="42.6548" lon="2.37611">
    <ele>576.0600000000001</ele>
   </trkpt>
   <trkpt lat="42.6546" lon="2.37631">
    <ele>573.9200000000001</ele>
   </trkpt>
   <trkpt lat="42.65453" lon="2.37636">
    <ele>573.8100000000001</ele>
   </trkpt>
   <trkpt lat="42.653800000000004" lon="2.37659">
    <ele>568.7800000000001</ele>
   </trkpt>
   <trkpt lat="42.65325000000001" lon="2.3767400000000003">
    <ele>564.67</ele>
   </trkpt>
   <trkpt lat="42.652840000000005" lon="2.3769">
    <ele>564.08</ele>
   </trkpt>
   <trkpt lat="42.652570000000004" lon="2.3772100000000003">
    <ele>562.61</ele>
   </trkpt>
   <trkpt lat="42.6524" lon="2.3773500000000003">
    <ele>562.11</ele>
   </trkpt>
   <trkpt lat="42.652280000000005" lon="2.3773600000000004">
    <ele>562.11</ele>
   </trkpt>
   <trkpt lat="42.652080000000005" lon="2.37731">
    <ele>559.9900000000001</ele>
   </trkpt>
   <trkpt lat="42.652" lon="2.37731">
    <ele>559.9900000000001</ele>
   </trkpt>
   <trkpt lat="42.651810000000005" lon="2.37739">
    <ele>559.3100000000001</ele>
   </trkpt>
   <trkpt lat="42.65164" lon="2.3774200000000003">
    <ele>559.0</ele>
   </trkpt>
   <trkpt lat="42.65155" lon="2.3775000000000004">
    <ele>558.74</ele>
   </trkpt>
   <trkpt lat="42.65147" lon="2.37754">
    <ele>558.5600000000001</ele>
   </trkpt>
   <trkpt lat="42.651230000000005" lon="2.37758">
    <ele>558.21</ele>
   </trkpt>
   <trkpt lat="42.651160000000004" lon="2.37764">
    <ele>558.21</ele>
   </trkpt>
   <trkpt lat="42.65110000000001" lon="2.37774">
    <ele>558.12</ele>
   </trkpt>
   <trkpt lat="42.650980000000004" lon="2.37808">
    <ele>557.9900000000001</ele>
   </trkpt>
   <trkpt lat="42.65095" lon="2.37827">
    <ele>557.9900000000001</ele>
   </trkpt>
   <trkpt lat="42.65073" lon="2.37888">
    <ele>557.52</ele>
   </trkpt>
   <trkpt lat="42.6507" lon="2.379">
    <ele>557.52</ele>
   </trkpt>
   <trkpt lat="42.65048" lon="2.37963">
    <ele>557.2600000000001</ele>
   </trkpt>
   <trkpt lat="42.6503" lon="2.3803300000000003">
    <ele>556.8100000000001</ele>
   </trkpt>
   <trkpt lat="42.65021" lon="2.38051">
    <ele>556.6300000000001</ele>
   </trkpt>
   <trkpt lat="42.6501" lon="2.3806100000000003">
    <ele>556.5300000000001</ele>
   </trkpt>
   <trkpt lat="42.6499" lon="2.3807">
    <ele>556.22</ele>
   </trkpt>
   <trkpt lat="42.649800000000006" lon="2.3808200000000004">
    <ele>556.09</ele>
   </trkpt>
   <trkpt lat="42.64972" lon="2.38097">
    <ele>556.09</ele>
   </trkpt>
   <trkpt lat="42.64956" lon="2.3812100000000003">
    <ele>556.0</ele>
   </trkpt>
   <trkpt lat="42.64943" lon="2.38132">
    <ele>555.83</ele>
   </trkpt>
   <trkpt lat="42.649060000000006" lon="2.3814100000000002">
    <ele>555.76</ele>
   </trkpt>
   <trkpt lat="42.648970000000006" lon="2.3815000000000004">
    <ele>555.76</ele>
   </trkpt>
   <trkpt lat="42.64876" lon="2.38179">
    <ele>555.73</ele>
   </trkpt>
   <trkpt lat="42.648680000000006" lon="2.38185">
    <ele>555.6300000000001</ele>
   </trkpt>
   <trkpt lat="42.648520000000005" lon="2.3819100000000004">
    <ele>555.4100000000001</ele>
   </trkpt>
   <trkpt lat="42.64844" lon="2.3819100000000004">
    <ele>555.12</ele>
   </trkpt>
   <trkpt lat="42.648270000000004" lon="2.38185">
    <ele>554.7</ele>
   </trkpt>
   <trkpt lat="42.64813" lon="2.38188">
    <ele>554.47</ele>
   </trkpt>
   <trkpt lat="42.64802" lon="2.3819500000000002">
    <ele>553.9200000000001</ele>
   </trkpt>
   <trkpt lat="42.647960000000005" lon="2.3820200000000002">
    <ele>553.9200000000001</ele>
   </trkpt>
   <trkpt lat="42.647890000000004" lon="2.38214">
    <ele>553.4</ele>
   </trkpt>
   <trkpt lat="42.64782" lon="2.38241">
    <ele>552.07</ele>
   </trkpt>
   <trkpt lat="42.64782" lon="2.3825600000000002">
    <ele>550.98</ele>
   </trkpt>
   <trkpt lat="42.64779" lon="2.38273">
    <ele>549.49</ele>
   </trkpt>
   <trkpt lat="42.647710000000004" lon="2.38295">
    <ele>548.33</ele>
   </trkpt>
   <trkpt lat="42.64762" lon="2.3831100000000003">
    <ele>546.3100000000001</ele>
   </trkpt>
   <trkpt lat="42.647490000000005" lon="2.38321">
    <ele>546.3100000000001</ele>
   </trkpt>
   <trkpt lat="42.64701" lon="2.3834600000000004">
    <ele>541.71</ele>
   </trkpt>
   <trkpt lat="42.64674" lon="2.38363">
    <ele>540.2</ele>
   </trkpt>
   <trkpt lat="42.646640000000005" lon="2.3837300000000003">
    <ele>539.5300000000001</ele>
   </trkpt>
   <trkpt lat="42.6465" lon="2.3839400000000004">
    <ele>538.27</ele>
   </trkpt>
   <trkpt lat="42.64643" lon="2.38398">
    <ele>537.66</ele>
   </trkpt>
   <trkpt lat="42.64631000000001" lon="2.3839900000000003">
    <ele>537.66</ele>
   </trkpt>
   <trkpt lat="42.64609" lon="2.38409">
    <ele>535.13</ele>
   </trkpt>
   <trkpt lat="42.646010000000004" lon="2.38418">
    <ele>535.13</ele>
   </trkpt>
   <trkpt lat="42.646" lon="2.3842700000000003">
    <ele>535.13</ele>
   </trkpt>
   <trkpt lat="42.646040000000006" lon="2.38436">
    <ele>535.13</ele>
   </trkpt>
   <trkpt lat="42.646190000000004" lon="2.38459">
    <ele>531.48</ele>
   </trkpt>
   <trkpt lat="42.646300000000004" lon="2.3849600000000004">
    <ele>530.25</ele>
   </trkpt>
   <trkpt lat="42.646390000000004" lon="2.3851400000000003">
    <ele>528.9200000000001</ele>
   </trkpt>
   <trkpt lat="42.64643" lon="2.3852800000000003">
    <ele>528.0600000000001</ele>
   </trkpt>
   <trkpt lat="42.64640000000001" lon="2.3856300000000004">
    <ele>526.24</ele>
   </trkpt>
   <trkpt lat="42.64645" lon="2.3857700000000004">
    <ele>524.64</ele>
   </trkpt>
   <trkpt lat="42.64661" lon="2.38599">
    <ele>522.8900000000001</ele>
   </trkpt>
   <trkpt lat="42.64678000000001" lon="2.3861100000000004">
    <ele>521.71</ele>
   </trkpt>
   <trkpt lat="42.646930000000005" lon="2.38615">
    <ele>521.21</ele>
   </trkpt>
   <trkpt lat="42.647220000000004" lon="2.3861700000000003">
    <ele>519.59</ele>
   </trkpt>
   <trkpt lat="42.647330000000004" lon="2.3862900000000002">
    <ele>518.1800000000001</ele>
   </trkpt>
   <trkpt lat="42.647360000000006" lon="2.3865000000000003">
    <ele>518.1800000000001</ele>
   </trkpt>
   <trkpt lat="42.647330000000004" lon="2.3866">
    <ele>516.38</ele>
   </trkpt>
   <trkpt lat="42.64723" lon="2.3867100000000003">
    <ele>516.1</ele>
   </trkpt>
   <trkpt lat="42.64708" lon="2.3868400000000003">
    <ele>515.59</ele>
   </trkpt>
   <trkpt lat="42.64703" lon="2.38696">
    <ele>515.48</ele>
   </trkpt>
   <trkpt lat="42.64696" lon="2.3872600000000004">
    <ele>515.37</ele>
   </trkpt>
   <trkpt lat="42.64678000000001" lon="2.3873900000000003">
    <ele>513.6200000000001</ele>
   </trkpt>
   <trkpt lat="42.6467" lon="2.38742">
    <ele>513.6200000000001</ele>
   </trkpt>
   <trkpt lat="42.646570000000004" lon="2.3875">
    <ele>511.21999999999997</ele>
   </trkpt>
   <trkpt lat="42.64632" lon="2.38796">
    <ele>508.11000000000007</ele>
   </trkpt>
   <trkpt lat="42.64622000000001" lon="2.3881">
    <ele>506.9100000000001</ele>
   </trkpt>
   <trkpt lat="42.64612" lon="2.3881900000000003">
    <ele>506.36</ele>
   </trkpt>
   <trkpt lat="42.645950000000006" lon="2.38824">
    <ele>506.02000000000004</ele>
   </trkpt>
   <trkpt lat="42.645770000000006" lon="2.38825">
    <ele>503.61</ele>
   </trkpt>
   <trkpt lat="42.645680000000006" lon="2.3882100000000004">
    <ele>503.61</ele>
   </trkpt>
   <trkpt lat="42.64564" lon="2.38817">
    <ele>503.61</ele>
   </trkpt>
   <trkpt lat="42.64551" lon="2.3879900000000003">
    <ele>503.61</ele>
   </trkpt>
   <trkpt lat="42.645390000000006" lon="2.3879400000000004">
    <ele>503.61</ele>
   </trkpt>
   <trkpt lat="42.64531" lon="2.3879400000000004">
    <ele>499.61000000000007</ele>
   </trkpt>
   <trkpt lat="42.645250000000004" lon="2.3879900000000003">
    <ele>499.61000000000007</ele>
   </trkpt>
   <trkpt lat="42.64509" lon="2.3882800000000004">
    <ele>499.61000000000007</ele>
   </trkpt>
   <trkpt lat="42.644940000000005" lon="2.38842">
    <ele>497.93</ele>
   </trkpt>
   <trkpt lat="42.64479" lon="2.38845">
    <ele>497.93</ele>
   </trkpt>
   <trkpt lat="42.64448" lon="2.38842">
    <ele>495.58</ele>
   </trkpt>
   <trkpt lat="42.64439" lon="2.3883900000000002">
    <ele>495.58</ele>
   </trkpt>
   <trkpt lat="42.644090000000006" lon="2.3881900000000003">
    <ele>492.76000000000005</ele>
   </trkpt>
   <trkpt lat="42.64385" lon="2.3881400000000004">
    <ele>490.98</ele>
   </trkpt>
   <trkpt lat="42.64367" lon="2.3882000000000003">
    <ele>489.71000000000004</ele>
   </trkpt>
   <trkpt lat="42.64354" lon="2.3882800000000004">
    <ele>489.1</ele>
   </trkpt>
   <trkpt lat="42.64345" lon="2.3883900000000002">
    <ele>487.93</ele>
   </trkpt>
   <trkpt lat="42.64338" lon="2.3885400000000003">
    <ele>487.93</ele>
   </trkpt>
   <trkpt lat="42.64331000000001" lon="2.38879">
    <ele>486.55</ele>
   </trkpt>
   <trkpt lat="42.64327" lon="2.38903">
    <ele>485.25</ele>
   </trkpt>
   <trkpt lat="42.64327" lon="2.3892200000000003">
    <ele>483.89000000000004</ele>
   </trkpt>
   <trkpt lat="42.64331000000001" lon="2.3894">
    <ele>483.37</ele>
   </trkpt>
   <trkpt lat="42.643480000000004" lon="2.3899600000000003">
    <ele>480.64</ele>
   </trkpt>
   <trkpt lat="42.64349000000001" lon="2.39008">
    <ele>480.64</ele>
   </trkpt>
   <trkpt lat="42.6435" lon="2.39025">
    <ele>479.28000000000003</ele>
   </trkpt>
   <trkpt lat="42.64343" lon="2.39127">
    <ele>475.46000000000004</ele>
   </trkpt>
   <trkpt lat="42.643370000000004" lon="2.39148">
    <ele>475.46000000000004</ele>
   </trkpt>
   <trkpt lat="42.64303" lon="2.39245">
    <ele>469.79</ele>
   </trkpt>
   <trkpt lat="42.643" lon="2.3926200000000004">
    <ele>468.80000000000007</ele>
   </trkpt>
   <trkpt lat="42.643" lon="2.39279">
    <ele>468.80000000000007</ele>
   </trkpt>
   <trkpt lat="42.64303" lon="2.39296">
    <ele>468.80000000000007</ele>
   </trkpt>
   <trkpt lat="42.64314" lon="2.3933400000000002">
    <ele>466.18</ele>
   </trkpt>
   <trkpt lat="42.643570000000004" lon="2.3943700000000003">
    <ele>461.45000000000005</ele>
   </trkpt>
   <trkpt lat="42.64378500266102" lon="2.3951499973600967">
    <ele>459.19000000000005</ele>
   </trkpt>
   <trkpt lat="42.644000000000005" lon="2.3959300000000003">
    <ele>453.16</ele>
   </trkpt>
   <trkpt lat="42.64399" lon="2.3969500000000004">
    <ele>447.52000000000004</ele>
   </trkpt>
   <trkpt lat="42.643950000000004" lon="2.3973400000000002">
    <ele>445.62</ele>
   </trkpt>
   <trkpt lat="42.64377" lon="2.39827">
    <ele>440.55000000000007</ele>
   </trkpt>
   <trkpt lat="42.64367" lon="2.3985000000000003">
    <ele>440.55000000000007</ele>
   </trkpt>
   <trkpt lat="42.643530000000005" lon="2.39867">
    <ele>437.26000000000005</ele>
   </trkpt>
   <trkpt lat="42.643350000000005" lon="2.39881">
    <ele>437.26000000000005</ele>
   </trkpt>
   <trkpt lat="42.6432" lon="2.39887">
    <ele>436.68</ele>
   </trkpt>
   <trkpt lat="42.643040000000006" lon="2.39889">
    <ele>436.68</ele>
   </trkpt>
   <trkpt lat="42.642430000000004" lon="2.3988300000000002">
    <ele>431.59000000000003</ele>
   </trkpt>
   <trkpt lat="42.64231" lon="2.39886">
    <ele>430.47</ele>
   </trkpt>
   <trkpt lat="42.641600000000004" lon="2.39947">
    <ele>427.13</ele>
   </trkpt>
   <trkpt lat="42.64123" lon="2.3999200000000003">
    <ele>423.24000000000007</ele>
   </trkpt>
   <trkpt lat="42.64086" lon="2.40031">
    <ele>420.25</ele>
   </trkpt>
   <trkpt lat="42.640750000000004" lon="2.4004600000000003">
    <ele>419.21000000000004</ele>
   </trkpt>
   <trkpt lat="42.6407" lon="2.4005900000000002">
    <ele>419.21000000000004</ele>
   </trkpt>
   <trkpt lat="42.64068" lon="2.4008800000000003">
    <ele>416.7</ele>
   </trkpt>
   <trkpt lat="42.640750000000004" lon="2.40132">
    <ele>415.79</ele>
   </trkpt>
   <trkpt lat="42.640950000000004" lon="2.4020400000000004">
    <ele>412.82</ele>
   </trkpt>
   <trkpt lat="42.64115" lon="2.4024">
    <ele>411.48</ele>
   </trkpt>
   <trkpt lat="42.64119" lon="2.40253">
    <ele>410.64000000000004</ele>
   </trkpt>
   <trkpt lat="42.64119" lon="2.40266">
    <ele>410.64000000000004</ele>
   </trkpt>
   <trkpt lat="42.64115" lon="2.4027800000000004">
    <ele>410.15000000000003</ele>
   </trkpt>
   <trkpt lat="42.641090000000005" lon="2.4028500000000004">
    <ele>409.36000000000007</ele>
   </trkpt>
   <trkpt lat="42.64083" lon="2.40295">
    <ele>407.62</ele>
   </trkpt>
   <trkpt lat="42.64078000000001" lon="2.4029900000000004">
    <ele>407.62</ele>
   </trkpt>
   <trkpt lat="42.64072" lon="2.40308">
    <ele>406.39000000000004</ele>
   </trkpt>
   <trkpt lat="42.64068" lon="2.40321">
    <ele>406.39000000000004</ele>
   </trkpt>
   <trkpt lat="42.64063" lon="2.4035900000000003">
    <ele>404.09000000000003</ele>
   </trkpt>
   <trkpt lat="42.64063" lon="2.40389">
    <ele>402.66</ele>
   </trkpt>
   <trkpt lat="42.64058000000001" lon="2.4039900000000003">
    <ele>402.66</ele>
   </trkpt>
   <trkpt lat="42.64052" lon="2.40403">
    <ele>402.21</ele>
   </trkpt>
   <trkpt lat="42.640440000000005" lon="2.40403">
    <ele>402.21</ele>
   </trkpt>
   <trkpt lat="42.639950000185515" lon="2.4039649995102907">
    <ele>401.75000000000006</ele>
   </trkpt>
   <trkpt lat="42.63946000000001" lon="2.4039">
    <ele>401.70000000000005</ele>
   </trkpt>
   <trkpt lat="42.639250000000004" lon="2.4039200000000003">
    <ele>401.85</ele>
   </trkpt>
   <trkpt lat="42.63911" lon="2.40396">
    <ele>401.85</ele>
   </trkpt>
   <trkpt lat="42.639030000000005" lon="2.40402">
    <ele>401.87000000000006</ele>
   </trkpt>
   <trkpt lat="42.638960000000004" lon="2.40422">
    <ele>401.62</ele>
   </trkpt>
   <trkpt lat="42.6387950044618" lon="2.4052300025198403">
    <ele>398.44</ele>
   </trkpt>
   <trkpt lat="42.638630000000006" lon="2.4062400000000004">
    <ele>397.95000000000005</ele>
   </trkpt>
   <trkpt lat="42.63855" lon="2.4063800000000004">
    <ele>397.90000000000003</ele>
   </trkpt>
   <trkpt lat="42.63846" lon="2.4064900000000002">
    <ele>397.66</ele>
   </trkpt>
   <trkpt lat="42.63833" lon="2.4065600000000003">
    <ele>397.66</ele>
   </trkpt>
   <trkpt lat="42.63815" lon="2.40659">
    <ele>397.70000000000005</ele>
   </trkpt>
   <trkpt lat="42.638020000000004" lon="2.40668">
    <ele>397.95000000000005</ele>
   </trkpt>
   <trkpt lat="42.63797" lon="2.4067600000000002">
    <ele>397.99</ele>
   </trkpt>
   <trkpt lat="42.637910000000005" lon="2.4071100000000003">
    <ele>397.81000000000006</ele>
   </trkpt>
   <trkpt lat="42.63778000000001" lon="2.4075">
    <ele>397.8</ele>
   </trkpt>
   <trkpt lat="42.63777" lon="2.40761">
    <ele>397.8</ele>
   </trkpt>
   <trkpt lat="42.63779" lon="2.4078700000000004">
    <ele>397.74</ele>
   </trkpt>
   <trkpt lat="42.63768" lon="2.4084000000000003">
    <ele>397.4800000000001</ele>
   </trkpt>
   <trkpt lat="42.63765" lon="2.4086700000000003">
    <ele>397.4800000000001</ele>
   </trkpt>
   <trkpt lat="42.63767" lon="2.4089300000000002">
    <ele>397.42</ele>
   </trkpt>
   <trkpt lat="42.63772" lon="2.4091400000000003">
    <ele>397.39</ele>
   </trkpt>
   <trkpt lat="42.63783" lon="2.40938">
    <ele>397.39</ele>
   </trkpt>
   <trkpt lat="42.63801" lon="2.4097000000000004">
    <ele>397.45000000000005</ele>
   </trkpt>
   <trkpt lat="42.638110000000005" lon="2.4098">
    <ele>397.41</ele>
   </trkpt>
   <trkpt lat="42.63828" lon="2.40985">
    <ele>397.41</ele>
   </trkpt>
   <trkpt lat="42.638450000000006" lon="2.40987">
    <ele>397.18</ele>
   </trkpt>
   <trkpt lat="42.63859" lon="2.40994">
    <ele>397.08000000000004</ele>
   </trkpt>
   <trkpt lat="42.6388" lon="2.41014">
    <ele>396.84000000000003</ele>
   </trkpt>
   <trkpt lat="42.639210000000006" lon="2.4104400000000004">
    <ele>396.73</ele>
   </trkpt>
   <trkpt lat="42.63956" lon="2.4107600000000002">
    <ele>396.6</ele>
   </trkpt>
   <trkpt lat="42.63967" lon="2.4109000000000003">
    <ele>396.6</ele>
   </trkpt>
   <trkpt lat="42.639810000000004" lon="2.4111800000000003">
    <ele>396.68</ele>
   </trkpt>
   <trkpt lat="42.63987" lon="2.4112600000000004">
    <ele>396.68</ele>
   </trkpt>
   <trkpt lat="42.639990000000004" lon="2.41127">
    <ele>396.66</ele>
   </trkpt>
   <trkpt lat="42.640100000000004" lon="2.41135">
    <ele>396.66</ele>
   </trkpt>
   <trkpt lat="42.640150000000006" lon="2.4114500000000003">
    <ele>396.53000000000003</ele>
   </trkpt>
   <trkpt lat="42.64018" lon="2.4115900000000003">
    <ele>396.41</ele>
   </trkpt>
   <trkpt lat="42.64014" lon="2.41176">
    <ele>395.75000000000006</ele>
   </trkpt>
   <trkpt lat="42.64007" lon="2.41195">
    <ele>394.5400000000001</ele>
   </trkpt>
   <trkpt lat="42.63989" lon="2.4122600000000003">
    <ele>393.20000000000005</ele>
   </trkpt>
   <trkpt lat="42.63987" lon="2.41237">
    <ele>392.72</ele>
   </trkpt>
   <trkpt lat="42.63989" lon="2.41277">
    <ele>390.72</ele>
   </trkpt>
   <trkpt lat="42.639790000000005" lon="2.4130800000000003">
    <ele>389.57</ele>
   </trkpt>
   <trkpt lat="42.639630000000004" lon="2.4133500000000003">
    <ele>388.5</ele>
   </trkpt>
   <trkpt lat="42.63958" lon="2.41352">
    <ele>387.72</ele>
   </trkpt>
   <trkpt lat="42.639570000000006" lon="2.41364">
    <ele>387.72</ele>
   </trkpt>
   <trkpt lat="42.63953" lon="2.4137500000000003">
    <ele>387.08000000000004</ele>
   </trkpt>
   <trkpt lat="42.63922" lon="2.41427">
    <ele>384.91</ele>
   </trkpt>
   <trkpt lat="42.639120000000005" lon="2.4143600000000003">
    <ele>384.01</ele>
   </trkpt>
   <trkpt lat="42.63866" lon="2.41466">
    <ele>381.48</ele>
   </trkpt>
   <trkpt lat="42.63841" lon="2.41474">
    <ele>378.55000000000007</ele>
   </trkpt>
   <trkpt lat="42.63786" lon="2.4148300000000003">
    <ele>377.46000000000004</ele>
   </trkpt>
   <trkpt lat="42.63765" lon="2.41482">
    <ele>376.3</ele>
   </trkpt>
   <trkpt lat="42.63740000000001" lon="2.41467">
    <ele>375.07</ele>
   </trkpt>
   <trkpt lat="42.637260000000005" lon="2.4146400000000003">
    <ele>373.64000000000004</ele>
   </trkpt>
   <trkpt lat="42.63711000000001" lon="2.41467">
    <ele>372.34</ele>
   </trkpt>
   <trkpt lat="42.636810000000004" lon="2.4149100000000003">
    <ele>371.85</ele>
   </trkpt>
   <trkpt lat="42.63671" lon="2.4150400000000003">
    <ele>368.93</ele>
   </trkpt>
   <trkpt lat="42.6366" lon="2.4154">
    <ele>368.93</ele>
   </trkpt>
   <trkpt lat="42.636520000000004" lon="2.41557">
    <ele>368.83000000000004</ele>
   </trkpt>
   <trkpt lat="42.63646000000001" lon="2.41563">
    <ele>368.83000000000004</ele>
   </trkpt>
   <trkpt lat="42.636230000000005" lon="2.4157200000000003">
    <ele>365.29</ele>
   </trkpt>
   <trkpt lat="42.63613" lon="2.4158000000000004">
    <ele>365.29</ele>
   </trkpt>
   <trkpt lat="42.635850000000005" lon="2.41597">
    <ele>363.11</ele>
   </trkpt>
   <trkpt lat="42.63555" lon="2.41603">
    <ele>361.26</ele>
   </trkpt>
   <trkpt lat="42.635450000000006" lon="2.41608">
    <ele>361.26</ele>
   </trkpt>
   <trkpt lat="42.63528" lon="2.41624">
    <ele>359.78000000000003</ele>
   </trkpt>
   <trkpt lat="42.634930000000004" lon="2.4167500000000004">
    <ele>356.64</ele>
   </trkpt>
   <trkpt lat="42.63487000000001" lon="2.4168700000000003">
    <ele>356.18000000000006</ele>
   </trkpt>
   <trkpt lat="42.634820000000005" lon="2.4170900000000004">
    <ele>355.07000000000005</ele>
   </trkpt>
   <trkpt lat="42.63465" lon="2.4182200000000003">
    <ele>351.69</ele>
   </trkpt>
   <trkpt lat="42.63457500201321" lon="2.418900000796957">
    <ele>348.59000000000003</ele>
   </trkpt>
   <trkpt lat="42.6345" lon="2.4195800000000003">
    <ele>347.13000000000005</ele>
   </trkpt>
   <trkpt lat="42.634420000000006" lon="2.4200000000000004">
    <ele>345.17</ele>
   </trkpt>
   <trkpt lat="42.634690000000006" lon="2.4202000000000004">
    <ele>345.56</ele>
   </trkpt>
   <trkpt lat="42.63481" lon="2.42038">
    <ele>346.06</ele>
   </trkpt>
   <trkpt lat="42.634840000000004" lon="2.4206100000000004">
    <ele>346.12</ele>
   </trkpt>
   <trkpt lat="42.63479" lon="2.4216100000000003">
    <ele>342.92</ele>
   </trkpt>
   <trkpt lat="42.634710000000005" lon="2.42221">
    <ele>339.51000000000005</ele>
   </trkpt>
   <trkpt lat="42.63447" lon="2.42299">
    <ele>335.82</ele>
   </trkpt>
   <trkpt lat="42.63448" lon="2.42313">
    <ele>334.97</ele>
   </trkpt>
   <trkpt lat="42.634660000000004" lon="2.42382">
    <ele>333.21</ele>
   </trkpt>
   <trkpt lat="42.63476" lon="2.42404">
    <ele>333.31000000000006</ele>
   </trkpt>
   <trkpt lat="42.63476" lon="2.42416">
    <ele>333.31000000000006</ele>
   </trkpt>
   <trkpt lat="42.634730000000005" lon="2.4242600000000003">
    <ele>333.45000000000005</ele>
   </trkpt>
   <trkpt lat="42.634620000000005" lon="2.42435">
    <ele>333.71</ele>
   </trkpt>
   <trkpt lat="42.63449000000001" lon="2.42442">
    <ele>334.57000000000005</ele>
   </trkpt>
   <trkpt lat="42.634440000000005" lon="2.42449">
    <ele>334.57000000000005</ele>
   </trkpt>
   <trkpt lat="42.634420000000006" lon="2.4246700000000003">
    <ele>334.57000000000005</ele>
   </trkpt>
   <trkpt lat="42.634510000000006" lon="2.42505">
    <ele>335.70000000000005</ele>
   </trkpt>
   <trkpt lat="42.63458000000001" lon="2.42552">
    <ele>337.77</ele>
   </trkpt>
   <trkpt lat="42.63459" lon="2.42572">
    <ele>338.18</ele>
   </trkpt>
   <trkpt lat="42.634440001773925" lon="2.426365001705751">
    <ele>338.67</ele>
   </trkpt>
   <trkpt lat="42.63429" lon="2.42701">
    <ele>338.55</ele>
   </trkpt>
   <trkpt lat="42.634280000000004" lon="2.4271800000000003">
    <ele>338.54</ele>
   </trkpt>
   <trkpt lat="42.6343" lon="2.42755">
    <ele>338.43</ele>
   </trkpt>
   <trkpt lat="42.63449000000001" lon="2.42851">
    <ele>337.81000000000006</ele>
   </trkpt>
   <trkpt lat="42.634570000000004" lon="2.42916">
    <ele>337.0</ele>
   </trkpt>
   <trkpt lat="42.634710000000005" lon="2.4296800000000003">
    <ele>336.52000000000004</ele>
   </trkpt>
   <trkpt lat="42.634890000000006" lon="2.4301000000000004">
    <ele>336.36</ele>
   </trkpt>
   <trkpt lat="42.63501" lon="2.43032">
    <ele>336.04</ele>
   </trkpt>
   <trkpt lat="42.635310000000004" lon="2.43073">
    <ele>335.83</ele>
   </trkpt>
   <trkpt lat="42.63544" lon="2.43099">
    <ele>335.77</ele>
   </trkpt>
   <trkpt lat="42.635740000000006" lon="2.43209">
    <ele>336.20000000000005</ele>
   </trkpt>
   <trkpt lat="42.635830000000006" lon="2.43228">
    <ele>336.13000000000005</ele>
   </trkpt>
   <trkpt lat="42.636340000000004" lon="2.43291">
    <ele>333.65</ele>
   </trkpt>
   <trkpt lat="42.63644" lon="2.4330700000000003">
    <ele>333.5</ele>
   </trkpt>
   <trkpt lat="42.636480000000006" lon="2.4332000000000003">
    <ele>333.51000000000005</ele>
   </trkpt>
   <trkpt lat="42.636480000000006" lon="2.4333400000000003">
    <ele>333.51000000000005</ele>
   </trkpt>
   <trkpt lat="42.6364" lon="2.4336300000000004">
    <ele>333.67</ele>
   </trkpt>
   <trkpt lat="42.636390000000006" lon="2.4337400000000002">
    <ele>333.77</ele>
   </trkpt>
   <trkpt lat="42.636430000000004" lon="2.4339000000000004">
    <ele>333.76</ele>
   </trkpt>
   <trkpt lat="42.636570000000006" lon="2.43428">
    <ele>333.34000000000003</ele>
   </trkpt>
   <trkpt lat="42.6366" lon="2.4344400000000004">
    <ele>333.34000000000003</ele>
   </trkpt>
   <trkpt lat="42.63662" lon="2.4347000000000003">
    <ele>332.25000000000006</ele>
   </trkpt>
   <trkpt lat="42.636660000000006" lon="2.4349000000000003">
    <ele>332.25000000000006</ele>
   </trkpt>
   <trkpt lat="42.63676" lon="2.4351200000000004">
    <ele>331.37000000000006</ele>
   </trkpt>
   <trkpt lat="42.63725" lon="2.43596">
    <ele>329.13000000000005</ele>
   </trkpt>
   <trkpt lat="42.63734" lon="2.43616">
    <ele>328.59000000000003</ele>
   </trkpt>
   <trkpt lat="42.637530000000005" lon="2.43669">
    <ele>327.19000000000005</ele>
   </trkpt>
   <trkpt lat="42.63758000000001" lon="2.43691">
    <ele>326.97</ele>
   </trkpt>
   <trkpt lat="42.63774" lon="2.4379700000000004">
    <ele>325.85</ele>
   </trkpt>
   <trkpt lat="42.63795000530436" lon="2.4387499947840143">
    <ele>324.8</ele>
   </trkpt>
   <trkpt lat="42.63816000531751" lon="2.439529994832765">
    <ele>322.12</ele>
   </trkpt>
   <trkpt lat="42.63837" lon="2.44031">
    <ele>320.52000000000004</ele>
   </trkpt>
   <trkpt lat="42.638650000000005" lon="2.44143">
    <ele>317.93000000000006</ele>
   </trkpt>
   <trkpt lat="42.63886" lon="2.44259">
    <ele>315.55000000000007</ele>
   </trkpt>
   <trkpt lat="42.638960000000004" lon="2.4428500000000004">
    <ele>314.74</ele>
   </trkpt>
   <trkpt lat="42.639140000000005" lon="2.4431200000000004">
    <ele>314.21999999999997</ele>
   </trkpt>
   <trkpt lat="42.639230000000005" lon="2.44333">
    <ele>313.84</ele>
   </trkpt>
   <trkpt lat="42.639230000000005" lon="2.4439200000000003">
    <ele>312.42</ele>
   </trkpt>
   <trkpt lat="42.639160000000004" lon="2.4441300000000004">
    <ele>311.77000000000004</ele>
   </trkpt>
   <trkpt lat="42.63911" lon="2.44422">
    <ele>310.95</ele>
   </trkpt>
   <trkpt lat="42.63909" lon="2.4444600000000003">
    <ele>308.96</ele>
   </trkpt>
   <trkpt lat="42.63924" lon="2.44512">
    <ele>306.59000000000003</ele>
   </trkpt>
   <trkpt lat="42.63926" lon="2.4456800000000003">
    <ele>304.83000000000004</ele>
   </trkpt>
   <trkpt lat="42.639300000000006" lon="2.44587">
    <ele>304.11</ele>
   </trkpt>
   <trkpt lat="42.63942" lon="2.4461500000000003">
    <ele>304.04</ele>
   </trkpt>
   <trkpt lat="42.63944" lon="2.44625">
    <ele>303.69</ele>
   </trkpt>
   <trkpt lat="42.639410000000005" lon="2.4465000000000003">
    <ele>303.69</ele>
   </trkpt>
   <trkpt lat="42.6392" lon="2.4473100000000003">
    <ele>302.46</ele>
   </trkpt>
   <trkpt lat="42.63913" lon="2.44741">
    <ele>302.46</ele>
   </trkpt>
   <trkpt lat="42.63882" lon="2.44763">
    <ele>301.37</ele>
   </trkpt>
   <trkpt lat="42.63875" lon="2.4477100000000003">
    <ele>301.05</ele>
   </trkpt>
   <trkpt lat="42.63868" lon="2.4478500000000003">
    <ele>301.05</ele>
   </trkpt>
   <trkpt lat="42.638510000000004" lon="2.44844">
    <ele>298.71000000000004</ele>
   </trkpt>
   <trkpt lat="42.63846" lon="2.4486700000000003">
    <ele>298.32000000000005</ele>
   </trkpt>
   <trkpt lat="42.638450000000006" lon="2.4488100000000004">
    <ele>298.25</ele>
   </trkpt>
   <trkpt lat="42.637850000001734" lon="2.448726665051485">
    <ele>297.21000000000004</ele>
   </trkpt>
   <trkpt lat="42.6372499999431" lon="2.4486433317100285">
    <ele>296.1</ele>
   </trkpt>
   <trkpt lat="42.63665" lon="2.44856">
    <ele>294.95000000000005</ele>
   </trkpt>
   <trkpt lat="42.63604" lon="2.4484500000000002">
    <ele>298.42</ele>
   </trkpt>
   <trkpt lat="42.63589" lon="2.44837">
    <ele>299.14</ele>
   </trkpt>
   <trkpt lat="42.63571" lon="2.44821">
    <ele>299.79</ele>
   </trkpt>
   <trkpt lat="42.63562" lon="2.44808">
    <ele>301.35</ele>
   </trkpt>
   <trkpt lat="42.635510000000004" lon="2.44781">
    <ele>302.73</ele>
   </trkpt>
   <trkpt lat="42.635510000000004" lon="2.4478000000000004">
    <ele>302.74</ele>
   </trkpt>
   <trkpt lat="42.63546" lon="2.4476500000000003">
    <ele>303.6700000000001</ele>
   </trkpt>
   <trkpt lat="42.63534000000001" lon="2.44694">
    <ele>307.15000000000003</ele>
   </trkpt>
   <trkpt lat="42.6353" lon="2.44679">
    <ele>307.63</ele>
   </trkpt>
   <trkpt lat="42.63524" lon="2.44667">
    <ele>308.18</ele>
   </trkpt>
   <trkpt lat="42.634870001136434" lon="2.4461399967270805">
    <ele>309.33000000000004</ele>
   </trkpt>
   <trkpt lat="42.6345" lon="2.4456100000000003">
    <ele>309.79</ele>
   </trkpt>
   <trkpt lat="42.634350000000005" lon="2.44546">
    <ele>309.6</ele>
   </trkpt>
   <trkpt lat="42.634280000000004" lon="2.4454100000000003">
    <ele>309.6</ele>
   </trkpt>
   <trkpt lat="42.63418" lon="2.44536">
    <ele>309.6</ele>
   </trkpt>
   <trkpt lat="42.63389" lon="2.44526">
    <ele>309.54</ele>
   </trkpt>
   <trkpt lat="42.63353" lon="2.44489">
    <ele>310.14000000000004</ele>
   </trkpt>
   <trkpt lat="42.633160000000004" lon="2.44463">
    <ele>311.26000000000005</ele>
   </trkpt>
   <trkpt lat="42.633030000000005" lon="2.4445">
    <ele>311.41</ele>
   </trkpt>
   <trkpt lat="42.63275" lon="2.4443400000000004">
    <ele>311.79</ele>
   </trkpt>
   <trkpt lat="42.632180000000005" lon="2.44363">
    <ele>313.78</ele>
   </trkpt>
   <trkpt lat="42.631815001177046" lon="2.4430999968273275">
    <ele>315.40000000000003</ele>
   </trkpt>
   <trkpt lat="42.63145" lon="2.4425700000000004">
    <ele>315.96000000000004</ele>
   </trkpt>
   <trkpt lat="42.63091" lon="2.4418900000000003">
    <ele>317.06</ele>
   </trkpt>
   <trkpt lat="42.630720000000004" lon="2.44172">
    <ele>317.29</ele>
   </trkpt>
   <trkpt lat="42.63065" lon="2.4416900000000004">
    <ele>317.59000000000003</ele>
   </trkpt>
   <trkpt lat="42.63035" lon="2.4416900000000004">
    <ele>318.05</ele>
   </trkpt>
   <trkpt lat="42.630160000000004" lon="2.4416300000000004">
    <ele>318.31000000000006</ele>
   </trkpt>
   <trkpt lat="42.63" lon="2.44151">
    <ele>318.6</ele>
   </trkpt>
   <trkpt lat="42.62965000076523" lon="2.4411099978301984">
    <ele>319.46000000000004</ele>
   </trkpt>
   <trkpt lat="42.6293" lon="2.44071">
    <ele>319.86</ele>
   </trkpt>
   <trkpt lat="42.628890000000006" lon="2.44015">
    <ele>320.92</ele>
   </trkpt>
   <trkpt lat="42.628800000000005" lon="2.4399800000000003">
    <ele>321.23</ele>
   </trkpt>
   <trkpt lat="42.628480007454854" lon="2.439053323767536">
    <ele>322.37000000000006</ele>
   </trkpt>
   <trkpt lat="42.62816000744163" lon="2.4381266570627123">
    <ele>323.5</ele>
   </trkpt>
   <trkpt lat="42.627840000000006" lon="2.4372000000000003">
    <ele>324.39</ele>
   </trkpt>
   <trkpt lat="42.627505004768494" lon="2.4361549944384535">
    <ele>325.64000000000004</ele>
   </trkpt>
   <trkpt lat="42.62717000000001" lon="2.4351100000000003">
    <ele>327.8</ele>
   </trkpt>
   <trkpt lat="42.62687000216589" lon="2.434404996613317">
    <ele>328.76000000000005</ele>
   </trkpt>
   <trkpt lat="42.62657" lon="2.4337000000000004">
    <ele>329.38</ele>
   </trkpt>
   <trkpt lat="42.626135004079195" lon="2.4327249930649035">
    <ele>330.82</ele>
   </trkpt>
   <trkpt lat="42.6257" lon="2.43175">
    <ele>331.84000000000003</ele>
   </trkpt>
   <trkpt lat="42.62542000141604" lon="2.431164997218249">
    <ele>333.08000000000004</ele>
   </trkpt>
   <trkpt lat="42.62514" lon="2.4305800000000004">
    <ele>333.86</ele>
   </trkpt>
   <trkpt lat="42.625040000000006" lon="2.43027">
    <ele>334.15</ele>
   </trkpt>
   <trkpt lat="42.625060000000005" lon="2.4302">
    <ele>334.18</ele>
   </trkpt>
   <trkpt lat="42.62505" lon="2.43013">
    <ele>334.42</ele>
   </trkpt>
   <trkpt lat="42.62501" lon="2.43007">
    <ele>334.6</ele>
   </trkpt>
   <trkpt lat="42.62498" lon="2.43006">
    <ele>334.6</ele>
   </trkpt>
   <trkpt lat="42.62485" lon="2.4297400000000002">
    <ele>335.19000000000005</ele>
   </trkpt>
   <trkpt lat="42.624770000000005" lon="2.4294800000000003">
    <ele>335.49</ele>
   </trkpt>
   <trkpt lat="42.624660000000006" lon="2.4283900000000003">
    <ele>336.45000000000005</ele>
   </trkpt>
   <trkpt lat="42.624550000000006" lon="2.42782">
    <ele>338.04</ele>
   </trkpt>
   <trkpt lat="42.624390000000005" lon="2.4276600000000004">
    <ele>338.32</ele>
   </trkpt>
   <trkpt lat="42.62429" lon="2.42743">
    <ele>338.47</ele>
   </trkpt>
   <trkpt lat="42.62429" lon="2.4272600000000004">
    <ele>338.47</ele>
   </trkpt>
   <trkpt lat="42.624230000000004" lon="2.4271000000000003">
    <ele>338.47</ele>
   </trkpt>
   <trkpt lat="42.624120000000005" lon="2.42701">
    <ele>338.7</ele>
   </trkpt>
   <trkpt lat="42.623990000000006" lon="2.42701">
    <ele>338.7</ele>
   </trkpt>
   <trkpt lat="42.623920000000005" lon="2.4270500000000004">
    <ele>338.88</ele>
   </trkpt>
   <trkpt lat="42.623870000000004" lon="2.4271100000000003">
    <ele>338.88</ele>
   </trkpt>
   <trkpt lat="42.62382" lon="2.42722">
    <ele>339.07000000000005</ele>
   </trkpt>
   <trkpt lat="42.623720000000006" lon="2.42728">
    <ele>339.1</ele>
   </trkpt>
   <trkpt lat="42.623630000000006" lon="2.4273000000000002">
    <ele>339.1</ele>
   </trkpt>
   <trkpt lat="42.62339" lon="2.42715">
    <ele>338.91</ele>
   </trkpt>
   <trkpt lat="42.623180000000005" lon="2.42708">
    <ele>339.54</ele>
   </trkpt>
   <trkpt lat="42.62256000005799" lon="2.426904998236072">
    <ele>340.42</ele>
   </trkpt>
   <trkpt lat="42.62194" lon="2.42673">
    <ele>341.83000000000004</ele>
   </trkpt>
   <trkpt lat="42.62158" lon="2.4266500000000004">
    <ele>342.27000000000004</ele>
   </trkpt>
   <trkpt lat="42.621120000000005" lon="2.42654">
    <ele>343.19000000000005</ele>
   </trkpt>
   <trkpt lat="42.62109" lon="2.42655">
    <ele>343.29</ele>
   </trkpt>
   <trkpt lat="42.620940000000004" lon="2.4266300000000003">
    <ele>343.57000000000005</ele>
   </trkpt>
   <trkpt lat="42.62086" lon="2.42666">
    <ele>343.48</ele>
   </trkpt>
   <trkpt lat="42.620560000000005" lon="2.42662">
    <ele>343.81</ele>
   </trkpt>
   <trkpt lat="42.62046" lon="2.4265700000000003">
    <ele>344.34000000000003</ele>
   </trkpt>
   <trkpt lat="42.620050000000006" lon="2.4262300000000003">
    <ele>345.27000000000004</ele>
   </trkpt>
   <trkpt lat="42.61995" lon="2.4261700000000004">
    <ele>345.67</ele>
   </trkpt>
   <trkpt lat="42.61919" lon="2.4258300000000004">
    <ele>347.5</ele>
   </trkpt>
   <trkpt lat="42.619150000000005" lon="2.4258800000000003">
    <ele>347.77000000000004</ele>
   </trkpt>
   <trkpt lat="42.61912" lon="2.42587">
    <ele>347.77000000000004</ele>
   </trkpt>
   <trkpt lat="42.618990000000004" lon="2.4263600000000003">
    <ele>347.72</ele>
   </trkpt>
   <trkpt lat="42.61870500459969" lon="2.427385004578861">
    <ele>348.37</ele>
   </trkpt>
   <trkpt lat="42.61842" lon="2.4284100000000004">
    <ele>351.95000000000005</ele>
   </trkpt>
   <trkpt lat="42.61835000000001" lon="2.4286800000000004">
    <ele>353.05</ele>
   </trkpt>
   <trkpt lat="42.61838" lon="2.42905">
    <ele>353.96000000000004</ele>
   </trkpt>
   <trkpt lat="42.618370000000006" lon="2.4292200000000004">
    <ele>354.18000000000006</ele>
   </trkpt>
   <trkpt lat="42.61895500296102" lon="2.4300399923483345">
    <ele>353.87</ele>
   </trkpt>
   <trkpt lat="42.61954" lon="2.43086">
    <ele>351.67</ele>
   </trkpt>
   <trkpt lat="42.619820000000004" lon="2.43127">
    <ele>351.1</ele>
   </trkpt>
   <trkpt lat="42.619980000000005" lon="2.4315300000000004">
    <ele>350.46000000000004</ele>
   </trkpt>
   <trkpt lat="42.62028001028191" lon="2.4324174871925703">
    <ele>349.98</ele>
   </trkpt>
   <trkpt lat="42.62058001371405" lon="2.4333049829374858">
    <ele>349.1</ele>
   </trkpt>
   <trkpt lat="42.62088001029629" lon="2.434192487234724">
    <ele>348.07000000000005</ele>
   </trkpt>
   <trkpt lat="42.62118" lon="2.43508">
    <ele>346.83000000000004</ele>
   </trkpt>
   <trkpt lat="42.621390000000005" lon="2.43577">
    <ele>346.22</ele>
   </trkpt>
   <trkpt lat="42.62173000000001" lon="2.4366800000000004">
    <ele>344.36000000000007</ele>
   </trkpt>
  </trkseg>
 </trk>
</gpx>
