<?xml version="1.0" encoding="UTF-8"?>
<gpx creator="StravaGPX" version="1.1" xmlns="http://www.topografix.com/GPX/1/1" xmlns:xsi="http://www.w3.org/2001/XMLSchema-instance" xsi:schemaLocation="http://www.topografix.com/GPX/1/1 http://www.topografix.com/GPX/1/1/gpx.xsd">
 <metadata>
  <name>Millas - Bataille - Latour - Mas Camps - Tautavel - Vingrau - Estagel - Bataille - Millas</name>
  <author>
   <name>Chris Hancock</name>
   <link href="https://www.strava.com/athletes/2519062"/>
  </author>
  <copyright author="OpenStreetMap contributors">
   <year>2020</year>
   <license>https://www.openstreetmap.org/copyright</license>
  </copyright>
  <link href="https://www.strava.com/routes/3540993581365074890"/>
 </metadata>
 <wpt lat="42.6569" lon="2.58559">
  <name>Aire de Covoiturage de Bouleternère</name>
  <sym>Parking</sym>
  <type>Parking</type>
 </wpt>
 <trk>
  <name>Millas - Bataille - Latour - Mas Camps - Tautavel - Vingrau - Estagel - Bataille - Millas</name>
  <link href="https://www.strava.com/routes/3540993581365074890"/>
  <type>cycling</type>
  <trkseg>
   <trkpt lat="42.6569" lon="2.5856000000000003">
    <ele>182.9</ele>
   </trkpt>
   <trkpt lat="42.657120000000006" lon="2.58551">
    <ele>182.75000000000003</ele>
   </trkpt>
   <trkpt lat="42.657210000000006" lon="2.58551">
    <ele>182.75000000000003</ele>
   </trkpt>
   <trkpt lat="42.65739000000001" lon="2.58555">
    <ele>182.49</ele>
   </trkpt>
   <trkpt lat="42.65757000000001" lon="2.5856700000000004">
    <ele>182.49</ele>
   </trkpt>
   <trkpt lat="42.657680000000006" lon="2.58582">
    <ele>182.19000000000003</ele>
   </trkpt>
   <trkpt lat="42.65776" lon="2.58598">
    <ele>182.19000000000003</ele>
   </trkpt>
   <trkpt lat="42.657810000000005" lon="2.58617">
    <ele>182.19000000000003</ele>
   </trkpt>
   <trkpt lat="42.657830000000004" lon="2.58664">
    <ele>181.69000000000003</ele>
   </trkpt>
   <trkpt lat="42.657835002611286" lon="2.58741499983248">
    <ele>181.33</ele>
   </trkpt>
   <trkpt lat="42.65784" lon="2.58819">
    <ele>181.38</ele>
   </trkpt>
   <trkpt lat="42.65787" lon="2.58854">
    <ele>181.28000000000003</ele>
   </trkpt>
   <trkpt lat="42.657920000000004" lon="2.58881">
    <ele>181.28000000000003</ele>
   </trkpt>
   <trkpt lat="42.658060000000006" lon="2.5892700000000004">
    <ele>181.15</ele>
   </trkpt>
   <trkpt lat="42.658440000000006" lon="2.5902700000000003">
    <ele>180.43</ele>
   </trkpt>
   <trkpt lat="42.658796672130244" lon="2.5910633242089802">
    <ele>180.04</ele>
   </trkpt>
   <trkpt lat="42.659153338786524" lon="2.59185665751908">
    <ele>179.68</ele>
   </trkpt>
   <trkpt lat="42.659510000000004" lon="2.5926500000000003">
    <ele>179.64000000000001</ele>
   </trkpt>
   <trkpt lat="42.65963" lon="2.59296">
    <ele>179.53000000000003</ele>
   </trkpt>
   <trkpt lat="42.65982000205417" lon="2.59365499770657">
    <ele>179.3</ele>
   </trkpt>
   <trkpt lat="42.66001000000001" lon="2.5943500000000004">
    <ele>178.84000000000003</ele>
   </trkpt>
   <trkpt lat="42.660050000000005" lon="2.5945600000000004">
    <ele>178.84000000000003</ele>
   </trkpt>
   <trkpt lat="42.66010000000001" lon="2.5951700000000004">
    <ele>178.28000000000003</ele>
   </trkpt>
   <trkpt lat="42.6602" lon="2.5956300000000003">
    <ele>177.55</ele>
   </trkpt>
   <trkpt lat="42.66055" lon="2.5967100000000003">
    <ele>175.71</ele>
   </trkpt>
   <trkpt lat="42.660675002757806" lon="2.59750499846066">
    <ele>174.62000000000003</ele>
   </trkpt>
   <trkpt lat="42.6608" lon="2.5983">
    <ele>173.79000000000002</ele>
   </trkpt>
   <trkpt lat="42.66085" lon="2.59846">
    <ele>173.79000000000002</ele>
   </trkpt>
   <trkpt lat="42.661010000000005" lon="2.5988100000000003">
    <ele>173.15000000000003</ele>
   </trkpt>
   <trkpt lat="42.66129" lon="2.59931">
    <ele>172.73000000000002</ele>
   </trkpt>
   <trkpt lat="42.661480000000005" lon="2.5995500000000002">
    <ele>172.41</ele>
   </trkpt>
   <trkpt lat="42.66147" lon="2.59954">
    <ele>172.42000000000002</ele>
   </trkpt>
   <trkpt lat="42.662000000000006" lon="2.6002300000000003">
    <ele>170.93000000000004</ele>
   </trkpt>
   <trkpt lat="42.662110000000006" lon="2.6004400000000003">
    <ele>170.93000000000004</ele>
   </trkpt>
   <trkpt lat="42.66235" lon="2.60108">
    <ele>168.84</ele>
   </trkpt>
   <trkpt lat="42.66243" lon="2.60149">
    <ele>168.55</ele>
   </trkpt>
   <trkpt lat="42.66243" lon="2.60157">
    <ele>168.55</ele>
   </trkpt>
   <trkpt lat="42.662400000000005" lon="2.6016700000000004">
    <ele>168.62</ele>
   </trkpt>
   <trkpt lat="42.66241" lon="2.6017300000000003">
    <ele>168.10000000000002</ele>
   </trkpt>
   <trkpt lat="42.66241" lon="2.60185">
    <ele>167.63</ele>
   </trkpt>
   <trkpt lat="42.662380000000006" lon="2.60197">
    <ele>167.36</ele>
   </trkpt>
   <trkpt lat="42.66217" lon="2.6024800000000003">
    <ele>166.46</ele>
   </trkpt>
   <trkpt lat="42.66199" lon="2.6027500000000003">
    <ele>166.57000000000002</ele>
   </trkpt>
   <trkpt lat="42.661930000000005" lon="2.60278">
    <ele>166.57000000000002</ele>
   </trkpt>
   <trkpt lat="42.6619" lon="2.6028100000000003">
    <ele>166.69</ele>
   </trkpt>
   <trkpt lat="42.66187" lon="2.6028800000000003">
    <ele>166.69</ele>
   </trkpt>
   <trkpt lat="42.661860000000004" lon="2.603">
    <ele>166.69</ele>
   </trkpt>
   <trkpt lat="42.661910000000006" lon="2.6031000000000004">
    <ele>166.70000000000002</ele>
   </trkpt>
   <trkpt lat="42.662310000000005" lon="2.6034800000000002">
    <ele>166.02</ele>
   </trkpt>
   <trkpt lat="42.66243" lon="2.60352">
    <ele>165.82000000000002</ele>
   </trkpt>
   <trkpt lat="42.66275" lon="2.60354">
    <ele>165.52</ele>
   </trkpt>
   <trkpt lat="42.663000000000004" lon="2.60358">
    <ele>165.35000000000002</ele>
   </trkpt>
   <trkpt lat="42.663090000000004" lon="2.6036200000000003">
    <ele>165.23000000000002</ele>
   </trkpt>
   <trkpt lat="42.66329" lon="2.6037700000000004">
    <ele>164.83</ele>
   </trkpt>
   <trkpt lat="42.66339000000001" lon="2.60387">
    <ele>164.83</ele>
   </trkpt>
   <trkpt lat="42.66349" lon="2.6040300000000003">
    <ele>164.63000000000002</ele>
   </trkpt>
   <trkpt lat="42.66362" lon="2.60433">
    <ele>164.13000000000002</ele>
   </trkpt>
   <trkpt lat="42.66402" lon="2.60537">
    <ele>162.79000000000002</ele>
   </trkpt>
   <trkpt lat="42.664080000000006" lon="2.60557">
    <ele>162.51000000000002</ele>
   </trkpt>
   <trkpt lat="42.664100000000005" lon="2.6058700000000004">
    <ele>162.51000000000002</ele>
   </trkpt>
   <trkpt lat="42.66427" lon="2.6060700000000003">
    <ele>162.07000000000002</ele>
   </trkpt>
   <trkpt lat="42.664390000000004" lon="2.60631">
    <ele>161.71</ele>
   </trkpt>
   <trkpt lat="42.66477001227938" lon="2.6072799822225745">
    <ele>161.01000000000002</ele>
   </trkpt>
   <trkpt lat="42.66515001637529" lon="2.608249976303546">
    <ele>160.23000000000002</ele>
   </trkpt>
   <trkpt lat="42.665530012287576" lon="2.6092199822429625">
    <ele>159.99</ele>
   </trkpt>
   <trkpt lat="42.665910000000004" lon="2.6101900000000002">
    <ele>159.52</ele>
   </trkpt>
   <trkpt lat="42.666256673751704" lon="2.611093323225936">
    <ele>158.99</ele>
   </trkpt>
   <trkpt lat="42.666603340406056" lon="2.6119966565270176">
    <ele>158.57000000000002</ele>
   </trkpt>
   <trkpt lat="42.66695000000001" lon="2.6129000000000002">
    <ele>158.0</ele>
   </trkpt>
   <trkpt lat="42.667120000000004" lon="2.6135">
    <ele>157.57000000000002</ele>
   </trkpt>
   <trkpt lat="42.667370000000005" lon="2.61412">
    <ele>156.77</ele>
   </trkpt>
   <trkpt lat="42.66765" lon="2.61486">
    <ele>156.59</ele>
   </trkpt>
   <trkpt lat="42.66787" lon="2.61526">
    <ele>156.21</ele>
   </trkpt>
   <trkpt lat="42.66809500149437" lon="2.615844997898293">
    <ele>155.67</ele>
   </trkpt>
   <trkpt lat="42.66832" lon="2.6164300000000003">
    <ele>154.84</ele>
   </trkpt>
   <trkpt lat="42.668400000000005" lon="2.61655">
    <ele>154.84</ele>
   </trkpt>
   <trkpt lat="42.66881334006124" lon="2.61742998828036">
    <ele>153.82000000000002</ele>
   </trkpt>
   <trkpt lat="42.66922667338704" lon="2.618309988264115">
    <ele>153.21</ele>
   </trkpt>
   <trkpt lat="42.66964" lon="2.61919">
    <ele>152.91000000000003</ele>
   </trkpt>
   <trkpt lat="42.669760000000004" lon="2.61952">
    <ele>152.88000000000002</ele>
   </trkpt>
   <trkpt lat="42.669810000000005" lon="2.62019">
    <ele>152.44000000000003</ele>
   </trkpt>
   <trkpt lat="42.669830000000005" lon="2.62028">
    <ele>152.44000000000003</ele>
   </trkpt>
   <trkpt lat="42.67007" lon="2.6208">
    <ele>152.01</ele>
   </trkpt>
   <trkpt lat="42.670460000000006" lon="2.6213300000000004">
    <ele>151.01</ele>
   </trkpt>
   <trkpt lat="42.67074" lon="2.62164">
    <ele>149.49</ele>
   </trkpt>
   <trkpt lat="42.67089" lon="2.6218800000000004">
    <ele>149.49</ele>
   </trkpt>
   <trkpt lat="42.67118000000001" lon="2.62217">
    <ele>148.62</ele>
   </trkpt>
   <trkpt lat="42.671310000000005" lon="2.62222">
    <ele>148.36</ele>
   </trkpt>
   <trkpt lat="42.67143" lon="2.6223">
    <ele>147.97000000000003</ele>
   </trkpt>
   <trkpt lat="42.67165000000001" lon="2.6224900000000004">
    <ele>147.62</ele>
   </trkpt>
   <trkpt lat="42.67174000000001" lon="2.6225400000000003">
    <ele>147.8</ele>
   </trkpt>
   <trkpt lat="42.67211" lon="2.6226100000000003">
    <ele>147.14000000000001</ele>
   </trkpt>
   <trkpt lat="42.67221000000001" lon="2.6226100000000003">
    <ele>146.68</ele>
   </trkpt>
   <trkpt lat="42.67230000000001" lon="2.62266">
    <ele>146.68</ele>
   </trkpt>
   <trkpt lat="42.672775001655616" lon="2.623279995240421">
    <ele>145.92000000000002</ele>
   </trkpt>
   <trkpt lat="42.67325" lon="2.6239000000000003">
    <ele>145.53000000000003</ele>
   </trkpt>
   <trkpt lat="42.673750000000005" lon="2.62461">
    <ele>145.17000000000002</ele>
   </trkpt>
   <trkpt lat="42.67383" lon="2.62453">
    <ele>144.87</ele>
   </trkpt>
   <trkpt lat="42.67392" lon="2.6245200000000004">
    <ele>144.87</ele>
   </trkpt>
   <trkpt lat="42.6745" lon="2.6249000000000002">
    <ele>142.17000000000002</ele>
   </trkpt>
   <trkpt lat="42.67488" lon="2.6252600000000004">
    <ele>140.40000000000003</ele>
   </trkpt>
   <trkpt lat="42.6751" lon="2.6253800000000003">
    <ele>140.40000000000003</ele>
   </trkpt>
   <trkpt lat="42.67562" lon="2.62556">
    <ele>137.12</ele>
   </trkpt>
   <trkpt lat="42.67604" lon="2.62568">
    <ele>136.96</ele>
   </trkpt>
   <trkpt lat="42.676120000000004" lon="2.6257">
    <ele>136.95000000000002</ele>
   </trkpt>
   <trkpt lat="42.67638" lon="2.62564">
    <ele>136.78</ele>
   </trkpt>
   <trkpt lat="42.67645" lon="2.6256600000000003">
    <ele>136.71</ele>
   </trkpt>
   <trkpt lat="42.67653000000001" lon="2.62571">
    <ele>136.65</ele>
   </trkpt>
   <trkpt lat="42.67685" lon="2.6260700000000003">
    <ele>135.03</ele>
   </trkpt>
   <trkpt lat="42.67707" lon="2.62636">
    <ele>134.36</ele>
   </trkpt>
   <trkpt lat="42.67741" lon="2.6270100000000003">
    <ele>133.67000000000002</ele>
   </trkpt>
   <trkpt lat="42.67766" lon="2.6272800000000003">
    <ele>133.48000000000002</ele>
   </trkpt>
   <trkpt lat="42.67813000164923" lon="2.627899995280748">
    <ele>132.84</ele>
   </trkpt>
   <trkpt lat="42.6786" lon="2.6285200000000004">
    <ele>132.19</ele>
   </trkpt>
   <trkpt lat="42.67923000231383" lon="2.629259992417593">
    <ele>131.59</ele>
   </trkpt>
   <trkpt lat="42.679860000000005" lon="2.6300000000000003">
    <ele>131.43</ele>
   </trkpt>
   <trkpt lat="42.67991000000001" lon="2.63011">
    <ele>131.37</ele>
   </trkpt>
   <trkpt lat="42.679930000000006" lon="2.63023">
    <ele>131.37</ele>
   </trkpt>
   <trkpt lat="42.679860000000005" lon="2.6305300000000003">
    <ele>131.03</ele>
   </trkpt>
   <trkpt lat="42.67976" lon="2.63084">
    <ele>130.97</ele>
   </trkpt>
   <trkpt lat="42.679520000000004" lon="2.6313000000000004">
    <ele>130.88000000000002</ele>
   </trkpt>
   <trkpt lat="42.67967" lon="2.63154">
    <ele>130.79000000000002</ele>
   </trkpt>
   <trkpt lat="42.679790000000004" lon="2.63167">
    <ele>130.79000000000002</ele>
   </trkpt>
   <trkpt lat="42.680260000000004" lon="2.63113">
    <ele>130.66</ele>
   </trkpt>
   <trkpt lat="42.680310000000006" lon="2.63112">
    <ele>130.66</ele>
   </trkpt>
   <trkpt lat="42.68057" lon="2.6314900000000003">
    <ele>130.76999999999998</ele>
   </trkpt>
   <trkpt lat="42.68081" lon="2.63127">
    <ele>130.11</ele>
   </trkpt>
   <trkpt lat="42.68103000000001" lon="2.63104">
    <ele>129.53</ele>
   </trkpt>
   <trkpt lat="42.68117" lon="2.63086">
    <ele>129.28</ele>
   </trkpt>
   <trkpt lat="42.68139" lon="2.63065">
    <ele>129.54999999999998</ele>
   </trkpt>
   <trkpt lat="42.68144" lon="2.6306200000000004">
    <ele>129.54999999999998</ele>
   </trkpt>
   <trkpt lat="42.681520000000006" lon="2.6306200000000004">
    <ele>129.54999999999998</ele>
   </trkpt>
   <trkpt lat="42.681610000000006" lon="2.6306800000000004">
    <ele>129.62</ele>
   </trkpt>
   <trkpt lat="42.682230000000004" lon="2.6308700000000003">
    <ele>129.57000000000002</ele>
   </trkpt>
   <trkpt lat="42.68251" lon="2.63086">
    <ele>129.43</ele>
   </trkpt>
   <trkpt lat="42.682840000000006" lon="2.63093">
    <ele>129.29999999999998</ele>
   </trkpt>
   <trkpt lat="42.682930000000006" lon="2.63099">
    <ele>129.29999999999998</ele>
   </trkpt>
   <trkpt lat="42.68305" lon="2.6311600000000004">
    <ele>129.06</ele>
   </trkpt>
   <trkpt lat="42.6833" lon="2.6314300000000004">
    <ele>129.04999999999998</ele>
   </trkpt>
   <trkpt lat="42.68338000000001" lon="2.6314800000000003">
    <ele>129.01000000000002</ele>
   </trkpt>
   <trkpt lat="42.683460000000004" lon="2.6314900000000003">
    <ele>128.87</ele>
   </trkpt>
   <trkpt lat="42.68368" lon="2.6312900000000004">
    <ele>128.24</ele>
   </trkpt>
   <trkpt lat="42.68376000000001" lon="2.63127">
    <ele>128.14000000000001</ele>
   </trkpt>
   <trkpt lat="42.68388" lon="2.63131">
    <ele>127.67</ele>
   </trkpt>
   <trkpt lat="42.683980000000005" lon="2.63132">
    <ele>127.59</ele>
   </trkpt>
   <trkpt lat="42.684070000000006" lon="2.6313700000000004">
    <ele>127.49000000000002</ele>
   </trkpt>
   <trkpt lat="42.68446" lon="2.63166">
    <ele>127.33</ele>
   </trkpt>
   <trkpt lat="42.6848" lon="2.63194">
    <ele>126.85000000000002</ele>
   </trkpt>
   <trkpt lat="42.685120000000005" lon="2.63226">
    <ele>126.77000000000002</ele>
   </trkpt>
   <trkpt lat="42.685590000000005" lon="2.6328500000000004">
    <ele>126.56</ele>
   </trkpt>
   <trkpt lat="42.68600500226784" lon="2.6335699952130684">
    <ele>125.95</ele>
   </trkpt>
   <trkpt lat="42.686420000000005" lon="2.63429">
    <ele>125.43</ele>
   </trkpt>
   <trkpt lat="42.686930000000004" lon="2.6352800000000003">
    <ele>125.57000000000001</ele>
   </trkpt>
   <trkpt lat="42.687470000000005" lon="2.6362400000000004">
    <ele>125.2</ele>
   </trkpt>
   <trkpt lat="42.687650000000005" lon="2.6365200000000004">
    <ele>124.76</ele>
   </trkpt>
   <trkpt lat="42.68809000165714" lon="2.6371249958042324">
    <ele>124.21000000000001</ele>
   </trkpt>
   <trkpt lat="42.68853" lon="2.6377300000000004">
    <ele>123.86000000000001</ele>
   </trkpt>
   <trkpt lat="42.68872" lon="2.6380500000000002">
    <ele>123.82000000000001</ele>
   </trkpt>
   <trkpt lat="42.689150000000005" lon="2.63898">
    <ele>122.95</ele>
   </trkpt>
   <trkpt lat="42.689410001015894" lon="2.6394799977697776">
    <ele>122.95</ele>
   </trkpt>
   <trkpt lat="42.68967000000001" lon="2.6399800000000004">
    <ele>122.8</ele>
   </trkpt>
   <trkpt lat="42.689800000000005" lon="2.6404500000000004">
    <ele>122.86000000000001</ele>
   </trkpt>
   <trkpt lat="42.68979" lon="2.6405700000000003">
    <ele>123.01</ele>
   </trkpt>
   <trkpt lat="42.68972" lon="2.64066">
    <ele>122.82000000000001</ele>
   </trkpt>
   <trkpt lat="42.689820000000005" lon="2.64089">
    <ele>122.37</ele>
   </trkpt>
   <trkpt lat="42.690020000000004" lon="2.6412000000000004">
    <ele>121.92000000000002</ele>
   </trkpt>
   <trkpt lat="42.69046" lon="2.64149">
    <ele>121.69</ele>
   </trkpt>
   <trkpt lat="42.6905" lon="2.6415300000000004">
    <ele>121.69</ele>
   </trkpt>
   <trkpt lat="42.69051" lon="2.64154">
    <ele>121.69</ele>
   </trkpt>
   <trkpt lat="42.690650000000005" lon="2.64168">
    <ele>121.54</ele>
   </trkpt>
   <trkpt lat="42.690720000000006" lon="2.64168">
    <ele>121.54</ele>
   </trkpt>
   <trkpt lat="42.690920000000006" lon="2.64162">
    <ele>121.00000000000001</ele>
   </trkpt>
   <trkpt lat="42.69106" lon="2.6416600000000003">
    <ele>120.9</ele>
   </trkpt>
   <trkpt lat="42.6912" lon="2.64176">
    <ele>120.71000000000001</ele>
   </trkpt>
   <trkpt lat="42.69167" lon="2.6424200000000004">
    <ele>120.57000000000001</ele>
   </trkpt>
   <trkpt lat="42.692150000000005" lon="2.64299">
    <ele>119.73</ele>
   </trkpt>
   <trkpt lat="42.69227" lon="2.64318">
    <ele>119.73</ele>
   </trkpt>
   <trkpt lat="42.69248" lon="2.64373">
    <ele>119.49000000000001</ele>
   </trkpt>
   <trkpt lat="42.692840000000004" lon="2.6447900000000004">
    <ele>119.38000000000001</ele>
   </trkpt>
   <trkpt lat="42.69294" lon="2.6449200000000004">
    <ele>119.24000000000001</ele>
   </trkpt>
   <trkpt lat="42.6931" lon="2.6450500000000003">
    <ele>118.97</ele>
   </trkpt>
   <trkpt lat="42.693180000000005" lon="2.6451900000000004">
    <ele>118.87</ele>
   </trkpt>
   <trkpt lat="42.69331000157893" lon="2.645799998538226">
    <ele>118.5</ele>
   </trkpt>
   <trkpt lat="42.69344" lon="2.6464100000000004">
    <ele>118.13000000000001</ele>
   </trkpt>
   <trkpt lat="42.69344" lon="2.64671">
    <ele>118.06000000000002</ele>
   </trkpt>
   <trkpt lat="42.693340000000006" lon="2.64739">
    <ele>118.03</ele>
   </trkpt>
   <trkpt lat="42.69339" lon="2.64746">
    <ele>117.75</ele>
   </trkpt>
   <trkpt lat="42.693630000000006" lon="2.6476400000000004">
    <ele>117.63000000000001</ele>
   </trkpt>
   <trkpt lat="42.69371" lon="2.64785">
    <ele>117.75</ele>
   </trkpt>
   <trkpt lat="42.693720000000006" lon="2.64907">
    <ele>117.57000000000001</ele>
   </trkpt>
   <trkpt lat="42.69366" lon="2.6502000000000003">
    <ele>117.17</ele>
   </trkpt>
   <trkpt lat="42.69357501297797" lon="2.651197504148076">
    <ele>116.82000000000001</ele>
   </trkpt>
   <trkpt lat="42.69349001730094" lon="2.6521950055659578">
    <ele>115.72</ele>
   </trkpt>
   <trkpt lat="42.693405012968974" lon="2.6531925042533824">
    <ele>115.17</ele>
   </trkpt>
   <trkpt lat="42.69332000000001" lon="2.6541900000000003">
    <ele>115.18</ele>
   </trkpt>
   <trkpt lat="42.693130000000004" lon="2.6552300000000004">
    <ele>114.90000000000002</ele>
   </trkpt>
   <trkpt lat="42.6931" lon="2.6563000000000003">
    <ele>114.45</ele>
   </trkpt>
   <trkpt lat="42.6931" lon="2.65748">
    <ele>114.19000000000001</ele>
   </trkpt>
   <trkpt lat="42.69315" lon="2.65864">
    <ele>112.77000000000001</ele>
   </trkpt>
   <trkpt lat="42.693270000000005" lon="2.65966">
    <ele>112.88000000000001</ele>
   </trkpt>
   <trkpt lat="42.69346" lon="2.66054">
    <ele>112.80000000000001</ele>
   </trkpt>
   <trkpt lat="42.693720000000006" lon="2.6614500000000003">
    <ele>112.08000000000001</ele>
   </trkpt>
   <trkpt lat="42.693740000000005" lon="2.6619800000000002">
    <ele>111.93</ele>
   </trkpt>
   <trkpt lat="42.69379000000001" lon="2.6622000000000003">
    <ele>111.98</ele>
   </trkpt>
   <trkpt lat="42.694" lon="2.6627400000000003">
    <ele>111.80000000000001</ele>
   </trkpt>
   <trkpt lat="42.694190000000006" lon="2.66311">
    <ele>111.49000000000001</ele>
   </trkpt>
   <trkpt lat="42.694320000000005" lon="2.6632900000000004">
    <ele>111.46000000000001</ele>
   </trkpt>
   <trkpt lat="42.694520000000004" lon="2.6635000000000004">
    <ele>111.29</ele>
   </trkpt>
   <trkpt lat="42.6949400032653" lon="2.664354994392478">
    <ele>110.45</ele>
   </trkpt>
   <trkpt lat="42.69536" lon="2.66521">
    <ele>110.62</ele>
   </trkpt>
   <trkpt lat="42.69541" lon="2.66534">
    <ele>110.66000000000001</ele>
   </trkpt>
   <trkpt lat="42.69541" lon="2.6657">
    <ele>110.85000000000001</ele>
   </trkpt>
   <trkpt lat="42.695570000000004" lon="2.6659400000000004">
    <ele>111.51</ele>
   </trkpt>
   <trkpt lat="42.69585" lon="2.6662700000000004">
    <ele>111.2</ele>
   </trkpt>
   <trkpt lat="42.69624667173237" lon="2.667033323576349">
    <ele>108.98</ele>
   </trkpt>
   <trkpt lat="42.69664333839643" lon="2.6677966569045086">
    <ele>108.82000000000001</ele>
   </trkpt>
   <trkpt lat="42.69704" lon="2.6685600000000003">
    <ele>108.44000000000001</ele>
   </trkpt>
   <trkpt lat="42.697500000000005" lon="2.66955">
    <ele>107.93</ele>
   </trkpt>
   <trkpt lat="42.697860000000006" lon="2.67058">
    <ele>107.31</ele>
   </trkpt>
   <trkpt lat="42.69807500179652" lon="2.6712249977280793">
    <ele>106.43</ele>
   </trkpt>
   <trkpt lat="42.69829" lon="2.67187">
    <ele>106.32000000000001</ele>
   </trkpt>
   <trkpt lat="42.698460000000004" lon="2.6725700000000003">
    <ele>106.08000000000001</ele>
   </trkpt>
   <trkpt lat="42.698690000000006" lon="2.6737200000000003">
    <ele>106.14000000000001</ele>
   </trkpt>
   <trkpt lat="42.698690000000006" lon="2.67383">
    <ele>106.14000000000001</ele>
   </trkpt>
   <trkpt lat="42.69865" lon="2.67389">
    <ele>106.23</ele>
   </trkpt>
   <trkpt lat="42.69838" lon="2.6739800000000002">
    <ele>106.21000000000001</ele>
   </trkpt>
   <trkpt lat="42.698350000000005" lon="2.6740700000000004">
    <ele>106.21000000000001</ele>
   </trkpt>
   <trkpt lat="42.69840000000001" lon="2.6745400000000004">
    <ele>105.89000000000001</ele>
   </trkpt>
   <trkpt lat="42.69845" lon="2.67465">
    <ele>105.89000000000001</ele>
   </trkpt>
   <trkpt lat="42.698510000000006" lon="2.67469">
    <ele>105.96000000000001</ele>
   </trkpt>
   <trkpt lat="42.69877" lon="2.67465">
    <ele>105.94</ele>
   </trkpt>
   <trkpt lat="42.698820000000005" lon="2.67469">
    <ele>105.84</ele>
   </trkpt>
   <trkpt lat="42.69892" lon="2.67586">
    <ele>104.99000000000001</ele>
   </trkpt>
   <trkpt lat="42.69896000000001" lon="2.67654">
    <ele>104.48</ele>
   </trkpt>
   <trkpt lat="42.698980000000006" lon="2.67736">
    <ele>104.01</ele>
   </trkpt>
   <trkpt lat="42.69895" lon="2.6781300000000003">
    <ele>103.11</ele>
   </trkpt>
   <trkpt lat="42.69887000000001" lon="2.6791500000000004">
    <ele>102.09000000000002</ele>
   </trkpt>
   <trkpt lat="42.69874500452007" lon="2.680170002093347">
    <ele>101.46000000000001</ele>
   </trkpt>
   <trkpt lat="42.698620000000005" lon="2.6811900000000004">
    <ele>100.53</ele>
   </trkpt>
   <trkpt lat="42.698460000000004" lon="2.6816400000000002">
    <ele>100.11</ele>
   </trkpt>
   <trkpt lat="42.698370000000004" lon="2.6821200000000003">
    <ele>99.9</ele>
   </trkpt>
   <trkpt lat="42.69836" lon="2.68228">
    <ele>99.85000000000001</ele>
   </trkpt>
   <trkpt lat="42.698420000000006" lon="2.68283">
    <ele>99.80000000000001</ele>
   </trkpt>
   <trkpt lat="42.69839" lon="2.68332">
    <ele>99.88000000000001</ele>
   </trkpt>
   <trkpt lat="42.698280000000004" lon="2.68413">
    <ele>100.42</ele>
   </trkpt>
   <trkpt lat="42.698185004014675" lon="2.6850900014038883">
    <ele>100.59000000000002</ele>
   </trkpt>
   <trkpt lat="42.69809" lon="2.6860500000000003">
    <ele>101.03</ele>
   </trkpt>
   <trkpt lat="42.698015001586015" lon="2.686655000778517">
    <ele>100.91000000000001</ele>
   </trkpt>
   <trkpt lat="42.69794" lon="2.68726">
    <ele>100.79</ele>
   </trkpt>
   <trkpt lat="42.69791" lon="2.6877000000000004">
    <ele>100.57000000000001</ele>
   </trkpt>
   <trkpt lat="42.69776" lon="2.6884300000000003">
    <ele>99.94000000000001</ele>
   </trkpt>
   <trkpt lat="42.69769" lon="2.6885100000000004">
    <ele>99.37000000000002</ele>
   </trkpt>
   <trkpt lat="42.6972" lon="2.6886500000000004">
    <ele>98.96000000000001</ele>
   </trkpt>
   <trkpt lat="42.69709" lon="2.6887100000000004">
    <ele>99.17</ele>
   </trkpt>
   <trkpt lat="42.697030000000005" lon="2.68881">
    <ele>99.09</ele>
   </trkpt>
   <trkpt lat="42.697030000000005" lon="2.68894">
    <ele>99.09</ele>
   </trkpt>
   <trkpt lat="42.697070000000004" lon="2.68908">
    <ele>99.11</ele>
   </trkpt>
   <trkpt lat="42.697250000000004" lon="2.68948">
    <ele>99.53</ele>
   </trkpt>
   <trkpt lat="42.69729" lon="2.68961">
    <ele>99.59</ele>
   </trkpt>
   <trkpt lat="42.697320000000005" lon="2.6898400000000002">
    <ele>99.38000000000001</ele>
   </trkpt>
   <trkpt lat="42.697300000000006" lon="2.68997">
    <ele>99.16000000000001</ele>
   </trkpt>
   <trkpt lat="42.69705000246549" lon="2.690740003448541">
    <ele>98.23</ele>
   </trkpt>
   <trkpt lat="42.6968" lon="2.69151">
    <ele>98.28</ele>
   </trkpt>
   <trkpt lat="42.69670000000001" lon="2.69172">
    <ele>98.21000000000001</ele>
   </trkpt>
   <trkpt lat="42.696630000000006" lon="2.69192">
    <ele>97.88000000000001</ele>
   </trkpt>
   <trkpt lat="42.696560000000005" lon="2.69226">
    <ele>97.79</ele>
   </trkpt>
   <trkpt lat="42.696380000000005" lon="2.69272">
    <ele>97.79</ele>
   </trkpt>
   <trkpt lat="42.696170002525484" lon="2.693480002521724">
    <ele>97.65</ele>
   </trkpt>
   <trkpt lat="42.69596000000001" lon="2.69424">
    <ele>97.46000000000001</ele>
   </trkpt>
   <trkpt lat="42.69568" lon="2.6953400000000003">
    <ele>96.98</ele>
   </trkpt>
   <trkpt lat="42.695600000000006" lon="2.69584">
    <ele>97.25</ele>
   </trkpt>
   <trkpt lat="42.695420000000006" lon="2.69626">
    <ele>98.31</ele>
   </trkpt>
   <trkpt lat="42.6953" lon="2.6966900000000003">
    <ele>101.43</ele>
   </trkpt>
   <trkpt lat="42.69529" lon="2.69682">
    <ele>101.43</ele>
   </trkpt>
   <trkpt lat="42.69606000006069" lon="2.6968879966255503">
    <ele>102.34000000000002</ele>
   </trkpt>
   <trkpt lat="42.69683000008117" lon="2.6969559949373663">
    <ele>102.51</ele>
   </trkpt>
   <trkpt lat="42.69760000006144" lon="2.6970239949355355">
    <ele>101.56</ele>
   </trkpt>
   <trkpt lat="42.69837000000146" lon="2.6970919966201445">
    <ele>100.38000000000001</ele>
   </trkpt>
   <trkpt lat="42.69914000000001" lon="2.6971600000000002">
    <ele>100.33</ele>
   </trkpt>
   <trkpt lat="42.699250000000006" lon="2.69721">
    <ele>100.33</ele>
   </trkpt>
   <trkpt lat="42.69939" lon="2.69741">
    <ele>100.31</ele>
   </trkpt>
   <trkpt lat="42.6995" lon="2.69743">
    <ele>100.31</ele>
   </trkpt>
   <trkpt lat="42.69959" lon="2.6973700000000003">
    <ele>100.52000000000001</ele>
   </trkpt>
   <trkpt lat="42.69964" lon="2.69722">
    <ele>100.52000000000001</ele>
   </trkpt>
   <trkpt lat="42.69959" lon="2.6968300000000003">
    <ele>100.81</ele>
   </trkpt>
   <trkpt lat="42.699615003105066" lon="2.6959850003539585">
    <ele>101.66000000000001</ele>
   </trkpt>
   <trkpt lat="42.69964" lon="2.6951400000000003">
    <ele>102.21000000000001</ele>
   </trkpt>
   <trkpt lat="42.699690000000004" lon="2.69492">
    <ele>102.12</ele>
   </trkpt>
   <trkpt lat="42.699760000000005" lon="2.6948000000000003">
    <ele>102.12</ele>
   </trkpt>
   <trkpt lat="42.69990000000001" lon="2.69469">
    <ele>102.12</ele>
   </trkpt>
   <trkpt lat="42.70047" lon="2.6943900000000003">
    <ele>101.86</ele>
   </trkpt>
   <trkpt lat="42.70062" lon="2.69429">
    <ele>102.01</ele>
   </trkpt>
   <trkpt lat="42.700750000000006" lon="2.6941800000000002">
    <ele>102.01</ele>
   </trkpt>
   <trkpt lat="42.70087" lon="2.69402">
    <ele>102.10000000000001</ele>
   </trkpt>
   <trkpt lat="42.700950000000006" lon="2.6938600000000004">
    <ele>102.25</ele>
   </trkpt>
   <trkpt lat="42.70116000205689" lon="2.693175002264384">
    <ele>103.49000000000001</ele>
   </trkpt>
   <trkpt lat="42.701370000000004" lon="2.6924900000000003">
    <ele>104.12</ele>
   </trkpt>
   <trkpt lat="42.701570000000004" lon="2.69173">
    <ele>105.86000000000001</ele>
   </trkpt>
   <trkpt lat="42.701620000000005" lon="2.6910800000000004">
    <ele>109.08000000000001</ele>
   </trkpt>
   <trkpt lat="42.70165" lon="2.69038">
    <ele>112.09</ele>
   </trkpt>
   <trkpt lat="42.701710000000006" lon="2.6901400000000004">
    <ele>112.79</ele>
   </trkpt>
   <trkpt lat="42.70179" lon="2.6900000000000004">
    <ele>113.08000000000001</ele>
   </trkpt>
   <trkpt lat="42.70228" lon="2.6895800000000003">
    <ele>116.37000000000002</ele>
   </trkpt>
   <trkpt lat="42.702490000000004" lon="2.68934">
    <ele>118.28</ele>
   </trkpt>
   <trkpt lat="42.702580000000005" lon="2.68914">
    <ele>120.04</ele>
   </trkpt>
   <trkpt lat="42.70281000000001" lon="2.68827">
    <ele>126.64</ele>
   </trkpt>
   <trkpt lat="42.70290000000001" lon="2.6880300000000004">
    <ele>126.64</ele>
   </trkpt>
   <trkpt lat="42.702980000000004" lon="2.68791">
    <ele>128.21</ele>
   </trkpt>
   <trkpt lat="42.70347" lon="2.6873500000000003">
    <ele>130.65</ele>
   </trkpt>
   <trkpt lat="42.703660000000006" lon="2.68717">
    <ele>133.83</ele>
   </trkpt>
   <trkpt lat="42.70375000000001" lon="2.68712">
    <ele>133.83</ele>
   </trkpt>
   <trkpt lat="42.70418" lon="2.68698">
    <ele>135.70000000000002</ele>
   </trkpt>
   <trkpt lat="42.70436" lon="2.6868800000000004">
    <ele>137.17000000000002</ele>
   </trkpt>
   <trkpt lat="42.70497" lon="2.6864500000000002">
    <ele>140.84000000000003</ele>
   </trkpt>
   <trkpt lat="42.705540000000006" lon="2.68615">
    <ele>144.3</ele>
   </trkpt>
   <trkpt lat="42.70571" lon="2.68603">
    <ele>146.02</ele>
   </trkpt>
   <trkpt lat="42.706300003026634" lon="2.685552513573247">
    <ele>148.51</ele>
   </trkpt>
   <trkpt lat="42.70689000406998" lon="2.6850750180700245">
    <ele>152.65</ele>
   </trkpt>
   <trkpt lat="42.707480003129966" lon="2.684597513490003">
    <ele>155.18</ele>
   </trkpt>
   <trkpt lat="42.708070000000006" lon="2.68412">
    <ele>157.01000000000002</ele>
   </trkpt>
   <trkpt lat="42.70832" lon="2.6839600000000003">
    <ele>157.38000000000002</ele>
   </trkpt>
   <trkpt lat="42.708670000000005" lon="2.68386">
    <ele>158.54000000000002</ele>
   </trkpt>
   <trkpt lat="42.709429999932546" lon="2.6837450014269906">
    <ele>160.75</ele>
   </trkpt>
   <trkpt lat="42.710190000000004" lon="2.6836300000000004">
    <ele>163.18</ele>
   </trkpt>
   <trkpt lat="42.71054" lon="2.68359">
    <ele>163.43</ele>
   </trkpt>
   <trkpt lat="42.71127000001546" lon="2.683525000764765">
    <ele>163.83</ele>
   </trkpt>
   <trkpt lat="42.712" lon="2.68346">
    <ele>164.69</ele>
   </trkpt>
   <trkpt lat="42.712180000000004" lon="2.68339">
    <ele>165.03</ele>
   </trkpt>
   <trkpt lat="42.71235" lon="2.6832700000000003">
    <ele>165.46</ele>
   </trkpt>
   <trkpt lat="42.71278500044383" lon="2.6829450022895625">
    <ele>165.74</ele>
   </trkpt>
   <trkpt lat="42.71322000000001" lon="2.68262">
    <ele>166.58</ele>
   </trkpt>
   <trkpt lat="42.71323" lon="2.6826100000000004">
    <ele>166.58</ele>
   </trkpt>
   <trkpt lat="42.713480000000004" lon="2.68243">
    <ele>166.84</ele>
   </trkpt>
   <trkpt lat="42.71376" lon="2.68229">
    <ele>167.56</ele>
   </trkpt>
   <trkpt lat="42.7141" lon="2.68222">
    <ele>168.54000000000002</ele>
   </trkpt>
   <trkpt lat="42.71428" lon="2.68211">
    <ele>168.82000000000002</ele>
   </trkpt>
   <trkpt lat="42.714400000000005" lon="2.68196">
    <ele>168.97</ele>
   </trkpt>
   <trkpt lat="42.71448" lon="2.6817900000000003">
    <ele>169.21000000000004</ele>
   </trkpt>
   <trkpt lat="42.71453" lon="2.68161">
    <ele>169.41</ele>
   </trkpt>
   <trkpt lat="42.714560000000006" lon="2.6814">
    <ele>169.29000000000002</ele>
   </trkpt>
   <trkpt lat="42.71454000000001" lon="2.6811800000000003">
    <ele>169.45000000000002</ele>
   </trkpt>
   <trkpt lat="42.714490000000005" lon="2.68101">
    <ele>169.55</ele>
   </trkpt>
   <trkpt lat="42.71441" lon="2.6808400000000003">
    <ele>170.1</ele>
   </trkpt>
   <trkpt lat="42.7143" lon="2.6807000000000003">
    <ele>170.76000000000002</ele>
   </trkpt>
   <trkpt lat="42.71406" lon="2.68045">
    <ele>172.97</ele>
   </trkpt>
   <trkpt lat="42.71397" lon="2.68027">
    <ele>173.97</ele>
   </trkpt>
   <trkpt lat="42.71392" lon="2.6801000000000004">
    <ele>174.38</ele>
   </trkpt>
   <trkpt lat="42.7139" lon="2.6797500000000003">
    <ele>175.1</ele>
   </trkpt>
   <trkpt lat="42.71398000000001" lon="2.67919">
    <ele>175.94</ele>
   </trkpt>
   <trkpt lat="42.714150000000004" lon="2.67849">
    <ele>176.12000000000003</ele>
   </trkpt>
   <trkpt lat="42.7143" lon="2.67815">
    <ele>176.38</ele>
   </trkpt>
   <trkpt lat="42.71463000000001" lon="2.6775900000000004">
    <ele>177.37000000000003</ele>
   </trkpt>
   <trkpt lat="42.71468" lon="2.67741">
    <ele>178.20000000000002</ele>
   </trkpt>
   <trkpt lat="42.714690000000004" lon="2.6772">
    <ele>178.86</ele>
   </trkpt>
   <trkpt lat="42.71464" lon="2.6769600000000002">
    <ele>179.70000000000002</ele>
   </trkpt>
   <trkpt lat="42.714560000000006" lon="2.67675">
    <ele>182.04</ele>
   </trkpt>
   <trkpt lat="42.71432" lon="2.6764300000000003">
    <ele>183.29</ele>
   </trkpt>
   <trkpt lat="42.714240000000004" lon="2.67627">
    <ele>184.08</ele>
   </trkpt>
   <trkpt lat="42.71419" lon="2.6760900000000003">
    <ele>184.72000000000003</ele>
   </trkpt>
   <trkpt lat="42.71408" lon="2.67499">
    <ele>188.83</ele>
   </trkpt>
   <trkpt lat="42.71407000000001" lon="2.6748100000000004">
    <ele>189.87</ele>
   </trkpt>
   <trkpt lat="42.714110000000005" lon="2.6746000000000003">
    <ele>190.31</ele>
   </trkpt>
   <trkpt lat="42.714470000000006" lon="2.67355">
    <ele>194.86</ele>
   </trkpt>
   <trkpt lat="42.714560000000006" lon="2.67322">
    <ele>196.41000000000003</ele>
   </trkpt>
   <trkpt lat="42.71457" lon="2.67302">
    <ele>197.73000000000002</ele>
   </trkpt>
   <trkpt lat="42.71455" lon="2.67274">
    <ele>199.47</ele>
   </trkpt>
   <trkpt lat="42.71448" lon="2.6725700000000003">
    <ele>199.47</ele>
   </trkpt>
   <trkpt lat="42.71423" lon="2.6721500000000002">
    <ele>203.06</ele>
   </trkpt>
   <trkpt lat="42.71416000000001" lon="2.67192">
    <ele>204.05</ele>
   </trkpt>
   <trkpt lat="42.71414" lon="2.6717500000000003">
    <ele>204.93000000000004</ele>
   </trkpt>
   <trkpt lat="42.71417" lon="2.6714900000000004">
    <ele>204.93000000000004</ele>
   </trkpt>
   <trkpt lat="42.71426" lon="2.67106">
    <ele>206.79000000000002</ele>
   </trkpt>
   <trkpt lat="42.714310000000005" lon="2.6709500000000004">
    <ele>208.46</ele>
   </trkpt>
   <trkpt lat="42.71441" lon="2.6708000000000003">
    <ele>208.46</ele>
   </trkpt>
   <trkpt lat="42.71510000000001" lon="2.67009">
    <ele>212.49</ele>
   </trkpt>
   <trkpt lat="42.71531" lon="2.6699800000000002">
    <ele>213.67000000000002</ele>
   </trkpt>
   <trkpt lat="42.715430000000005" lon="2.66997">
    <ele>214.32</ele>
   </trkpt>
   <trkpt lat="42.71575000000001" lon="2.6700700000000004">
    <ele>216.09</ele>
   </trkpt>
   <trkpt lat="42.71587" lon="2.6700700000000004">
    <ele>216.09</ele>
   </trkpt>
   <trkpt lat="42.716390000000004" lon="2.66983">
    <ele>218.23</ele>
   </trkpt>
   <trkpt lat="42.716910000000006" lon="2.66949">
    <ele>222.52</ele>
   </trkpt>
   <trkpt lat="42.71708" lon="2.6694000000000004">
    <ele>222.95000000000002</ele>
   </trkpt>
   <trkpt lat="42.717569999937375" lon="2.6692850009362985">
    <ele>225.69000000000003</ele>
   </trkpt>
   <trkpt lat="42.71806" lon="2.6691700000000003">
    <ele>228.21</ele>
   </trkpt>
   <trkpt lat="42.718590000000006" lon="2.6688400000000003">
    <ele>230.35000000000002</ele>
   </trkpt>
   <trkpt lat="42.71893" lon="2.6687100000000004">
    <ele>231.66000000000003</ele>
   </trkpt>
   <trkpt lat="42.7192" lon="2.6686400000000003">
    <ele>232.57000000000002</ele>
   </trkpt>
   <trkpt lat="42.71934" lon="2.6686500000000004">
    <ele>232.57000000000002</ele>
   </trkpt>
   <trkpt lat="42.71945" lon="2.6687200000000004">
    <ele>232.99000000000004</ele>
   </trkpt>
   <trkpt lat="42.719590000000004" lon="2.669">
    <ele>233.78</ele>
   </trkpt>
   <trkpt lat="42.719710000000006" lon="2.66916">
    <ele>233.78</ele>
   </trkpt>
   <trkpt lat="42.72012500037562" lon="2.669414998351451">
    <ele>235.60000000000002</ele>
   </trkpt>
   <trkpt lat="42.72054000000001" lon="2.6696700000000004">
    <ele>236.95000000000002</ele>
   </trkpt>
   <trkpt lat="42.720780000000005" lon="2.66976">
    <ele>238.0</ele>
   </trkpt>
   <trkpt lat="42.721050000000005" lon="2.6700000000000004">
    <ele>240.28000000000003</ele>
   </trkpt>
   <trkpt lat="42.72119" lon="2.6700500000000003">
    <ele>240.28000000000003</ele>
   </trkpt>
   <trkpt lat="42.721520000000005" lon="2.67011">
    <ele>241.48000000000002</ele>
   </trkpt>
   <trkpt lat="42.72169" lon="2.67018">
    <ele>242.31000000000003</ele>
   </trkpt>
   <trkpt lat="42.72184" lon="2.67031">
    <ele>243.3</ele>
   </trkpt>
   <trkpt lat="42.72198" lon="2.6705">
    <ele>244.79</ele>
   </trkpt>
   <trkpt lat="42.722260000000006" lon="2.67112">
    <ele>246.71</ele>
   </trkpt>
   <trkpt lat="42.72242000000001" lon="2.67131">
    <ele>247.53000000000003</ele>
   </trkpt>
   <trkpt lat="42.72301" lon="2.6717400000000002">
    <ele>249.71</ele>
   </trkpt>
   <trkpt lat="42.723150000000004" lon="2.6718100000000002">
    <ele>250.31000000000003</ele>
   </trkpt>
   <trkpt lat="42.723290000000006" lon="2.6718200000000003">
    <ele>250.45</ele>
   </trkpt>
   <trkpt lat="42.72337" lon="2.6717500000000003">
    <ele>250.53000000000003</ele>
   </trkpt>
   <trkpt lat="42.72345000000001" lon="2.67157">
    <ele>250.47000000000003</ele>
   </trkpt>
   <trkpt lat="42.72346" lon="2.6714100000000003">
    <ele>250.89</ele>
   </trkpt>
   <trkpt lat="42.723440000000004" lon="2.6709500000000004">
    <ele>251.3</ele>
   </trkpt>
   <trkpt lat="42.723490000000005" lon="2.67071">
    <ele>251.9</ele>
   </trkpt>
   <trkpt lat="42.723580000000005" lon="2.67049">
    <ele>252.82000000000005</ele>
   </trkpt>
   <trkpt lat="42.72374000000001" lon="2.6702500000000002">
    <ele>254.08</ele>
   </trkpt>
   <trkpt lat="42.72401000000001" lon="2.6699900000000003">
    <ele>255.42000000000004</ele>
   </trkpt>
   <trkpt lat="42.72419" lon="2.6698700000000004">
    <ele>256.06</ele>
   </trkpt>
   <trkpt lat="42.72468500006625" lon="2.6696800015508684">
    <ele>259.12</ele>
   </trkpt>
   <trkpt lat="42.72518" lon="2.66949">
    <ele>261.22</ele>
   </trkpt>
   <trkpt lat="42.72543" lon="2.6694400000000003">
    <ele>262.01</ele>
   </trkpt>
   <trkpt lat="42.72580000000001" lon="2.66948">
    <ele>262.78000000000003</ele>
   </trkpt>
   <trkpt lat="42.725910000000006" lon="2.6694600000000004">
    <ele>263.32</ele>
   </trkpt>
   <trkpt lat="42.72627000000001" lon="2.66923">
    <ele>263.77</ele>
   </trkpt>
   <trkpt lat="42.72639" lon="2.6691900000000004">
    <ele>264.03000000000003</ele>
   </trkpt>
   <trkpt lat="42.726530000000004" lon="2.6691900000000004">
    <ele>264.03000000000003</ele>
   </trkpt>
   <trkpt lat="42.72674000000001" lon="2.66929">
    <ele>263.83</ele>
   </trkpt>
   <trkpt lat="42.727070000000005" lon="2.6698000000000004">
    <ele>262.32</ele>
   </trkpt>
   <trkpt lat="42.727270000000004" lon="2.6700100000000004">
    <ele>261.32</ele>
   </trkpt>
   <trkpt lat="42.72737" lon="2.6700500000000003">
    <ele>261.32</ele>
   </trkpt>
   <trkpt lat="42.72749" lon="2.67004">
    <ele>259.67</ele>
   </trkpt>
   <trkpt lat="42.727740000000004" lon="2.6699300000000004">
    <ele>259.02000000000004</ele>
   </trkpt>
   <trkpt lat="42.72787" lon="2.66995">
    <ele>259.02000000000004</ele>
   </trkpt>
   <trkpt lat="42.727990000000005" lon="2.6700000000000004">
    <ele>257.09000000000003</ele>
   </trkpt>
   <trkpt lat="42.72823" lon="2.67016">
    <ele>255.62</ele>
   </trkpt>
   <trkpt lat="42.7284" lon="2.6702000000000004">
    <ele>255.62</ele>
   </trkpt>
   <trkpt lat="42.728530000000006" lon="2.6701300000000003">
    <ele>255.62</ele>
   </trkpt>
   <trkpt lat="42.72900500124212" lon="2.66963000366606">
    <ele>252.12</ele>
   </trkpt>
   <trkpt lat="42.72948" lon="2.66913">
    <ele>248.51</ele>
   </trkpt>
   <trkpt lat="42.729600000000005" lon="2.66908">
    <ele>248.51</ele>
   </trkpt>
   <trkpt lat="42.72975" lon="2.66909">
    <ele>248.51</ele>
   </trkpt>
   <trkpt lat="42.72993" lon="2.66927">
    <ele>247.48000000000002</ele>
   </trkpt>
   <trkpt lat="42.72997" lon="2.66949">
    <ele>247.48000000000002</ele>
   </trkpt>
   <trkpt lat="42.729980000000005" lon="2.66974">
    <ele>244.82</ele>
   </trkpt>
   <trkpt lat="42.729930002731365" lon="2.6705300003721217">
    <ele>242.09000000000003</ele>
   </trkpt>
   <trkpt lat="42.72988" lon="2.67132">
    <ele>240.20000000000002</ele>
   </trkpt>
   <trkpt lat="42.7299" lon="2.67153">
    <ele>239.15000000000003</ele>
   </trkpt>
   <trkpt lat="42.72997" lon="2.67166">
    <ele>239.15000000000003</ele>
   </trkpt>
   <trkpt lat="42.73006" lon="2.67171">
    <ele>238.49</ele>
   </trkpt>
   <trkpt lat="42.73019" lon="2.67171">
    <ele>237.66</ele>
   </trkpt>
   <trkpt lat="42.730290000000004" lon="2.67165">
    <ele>237.66</ele>
   </trkpt>
   <trkpt lat="42.73039000000001" lon="2.6714900000000004">
    <ele>236.26000000000002</ele>
   </trkpt>
   <trkpt lat="42.730645001582054" lon="2.6708900024287017">
    <ele>234.84</ele>
   </trkpt>
   <trkpt lat="42.730900000000005" lon="2.67029">
    <ele>232.52000000000004</ele>
   </trkpt>
   <trkpt lat="42.731010000000005" lon="2.67016">
    <ele>231.88000000000002</ele>
   </trkpt>
   <trkpt lat="42.73111" lon="2.6701400000000004">
    <ele>231.88000000000002</ele>
   </trkpt>
   <trkpt lat="42.731230000000004" lon="2.67016">
    <ele>230.05000000000004</ele>
   </trkpt>
   <trkpt lat="42.73134" lon="2.6702500000000002">
    <ele>230.05000000000004</ele>
   </trkpt>
   <trkpt lat="42.73142" lon="2.67043">
    <ele>230.05000000000004</ele>
   </trkpt>
   <trkpt lat="42.73143" lon="2.6706200000000004">
    <ele>228.34</ele>
   </trkpt>
   <trkpt lat="42.73135500163077" lon="2.6712350008616528">
    <ele>226.0</ele>
   </trkpt>
   <trkpt lat="42.731280000000005" lon="2.67185">
    <ele>224.91000000000003</ele>
   </trkpt>
   <trkpt lat="42.73129" lon="2.6719600000000003">
    <ele>223.65</ele>
   </trkpt>
   <trkpt lat="42.731320000000004" lon="2.6720800000000002">
    <ele>223.65</ele>
   </trkpt>
   <trkpt lat="42.731390000000005" lon="2.6721500000000002">
    <ele>223.65</ele>
   </trkpt>
   <trkpt lat="42.73147" lon="2.67218">
    <ele>222.22000000000003</ele>
   </trkpt>
   <trkpt lat="42.73158" lon="2.6721700000000004">
    <ele>222.22000000000003</ele>
   </trkpt>
   <trkpt lat="42.731700000000004" lon="2.6720900000000003">
    <ele>222.22000000000003</ele>
   </trkpt>
   <trkpt lat="42.732310000000005" lon="2.67137">
    <ele>217.35000000000002</ele>
   </trkpt>
   <trkpt lat="42.732440000000004" lon="2.67112">
    <ele>217.35000000000002</ele>
   </trkpt>
   <trkpt lat="42.73274500250418" lon="2.670370003546996">
    <ele>213.55</ele>
   </trkpt>
   <trkpt lat="42.733050000000006" lon="2.66962">
    <ele>210.8</ele>
   </trkpt>
   <trkpt lat="42.733180000000004" lon="2.6694000000000004">
    <ele>210.8</ele>
   </trkpt>
   <trkpt lat="42.73328" lon="2.6693100000000003">
    <ele>208.02</ele>
   </trkpt>
   <trkpt lat="42.7334" lon="2.6693000000000002">
    <ele>208.02</ele>
   </trkpt>
   <trkpt lat="42.73368000000001" lon="2.6694000000000004">
    <ele>206.68000000000004</ele>
   </trkpt>
   <trkpt lat="42.7338" lon="2.6693900000000004">
    <ele>206.68000000000004</ele>
   </trkpt>
   <trkpt lat="42.73389" lon="2.66934">
    <ele>205.64000000000001</ele>
   </trkpt>
   <trkpt lat="42.73395" lon="2.6691900000000004">
    <ele>205.64000000000001</ele>
   </trkpt>
   <trkpt lat="42.734030000000004" lon="2.6687700000000003">
    <ele>204.64000000000001</ele>
   </trkpt>
   <trkpt lat="42.734100000000005" lon="2.6685700000000003">
    <ele>202.20000000000002</ele>
   </trkpt>
   <trkpt lat="42.73431" lon="2.6682400000000004">
    <ele>201.25</ele>
   </trkpt>
   <trkpt lat="42.73454" lon="2.66806">
    <ele>199.76000000000002</ele>
   </trkpt>
   <trkpt lat="42.73501000037892" lon="2.667735002518798">
    <ele>197.75</ele>
   </trkpt>
   <trkpt lat="42.73548" lon="2.6674100000000003">
    <ele>195.37</ele>
   </trkpt>
   <trkpt lat="42.735730000000004" lon="2.66737">
    <ele>193.05</ele>
   </trkpt>
   <trkpt lat="42.73588" lon="2.6674">
    <ele>193.05</ele>
   </trkpt>
   <trkpt lat="42.736000000000004" lon="2.66745">
    <ele>193.05</ele>
   </trkpt>
   <trkpt lat="42.736160000000005" lon="2.6675600000000004">
    <ele>191.92000000000002</ele>
   </trkpt>
   <trkpt lat="42.736450000000005" lon="2.66785">
    <ele>190.08</ele>
   </trkpt>
   <trkpt lat="42.736540000000005" lon="2.6679000000000004">
    <ele>190.08</ele>
   </trkpt>
   <trkpt lat="42.736630000000005" lon="2.66791">
    <ele>188.28</ele>
   </trkpt>
   <trkpt lat="42.73675" lon="2.66786">
    <ele>188.28</ele>
   </trkpt>
   <trkpt lat="42.73684" lon="2.6677700000000004">
    <ele>188.28</ele>
   </trkpt>
   <trkpt lat="42.73702" lon="2.66745">
    <ele>187.3</ele>
   </trkpt>
   <trkpt lat="42.73713" lon="2.6673500000000003">
    <ele>185.45</ele>
   </trkpt>
   <trkpt lat="42.73724000000001" lon="2.6673">
    <ele>185.45</ele>
   </trkpt>
   <trkpt lat="42.737350000000006" lon="2.6672800000000003">
    <ele>185.45</ele>
   </trkpt>
   <trkpt lat="42.737500000000004" lon="2.66731">
    <ele>184.3</ele>
   </trkpt>
   <trkpt lat="42.73818000000001" lon="2.6675600000000004">
    <ele>180.55</ele>
   </trkpt>
   <trkpt lat="42.73834" lon="2.66758">
    <ele>179.89000000000001</ele>
   </trkpt>
   <trkpt lat="42.73847000000001" lon="2.6675600000000004">
    <ele>179.53000000000003</ele>
   </trkpt>
   <trkpt lat="42.738620000000004" lon="2.66745">
    <ele>179.53000000000003</ele>
   </trkpt>
   <trkpt lat="42.7387" lon="2.6672700000000003">
    <ele>176.44</ele>
   </trkpt>
   <trkpt lat="42.738780000000006" lon="2.66697">
    <ele>176.44</ele>
   </trkpt>
   <trkpt lat="42.73886" lon="2.66678">
    <ele>176.44</ele>
   </trkpt>
   <trkpt lat="42.73899" lon="2.6666600000000003">
    <ele>175.28000000000003</ele>
   </trkpt>
   <trkpt lat="42.73912000000001" lon="2.66663">
    <ele>175.28000000000003</ele>
   </trkpt>
   <trkpt lat="42.73924" lon="2.66663">
    <ele>174.37000000000003</ele>
   </trkpt>
   <trkpt lat="42.739380000000004" lon="2.6667300000000003">
    <ele>173.97</ele>
   </trkpt>
   <trkpt lat="42.739470000000004" lon="2.6668800000000004">
    <ele>173.29000000000002</ele>
   </trkpt>
   <trkpt lat="42.73950000000001" lon="2.66699">
    <ele>172.28</ele>
   </trkpt>
   <trkpt lat="42.73950000000001" lon="2.6676300000000004">
    <ele>170.03</ele>
   </trkpt>
   <trkpt lat="42.73955" lon="2.66793">
    <ele>168.9</ele>
   </trkpt>
   <trkpt lat="42.73966" lon="2.66813">
    <ele>168.57000000000002</ele>
   </trkpt>
   <trkpt lat="42.739760000000004" lon="2.6681800000000004">
    <ele>168.57000000000002</ele>
   </trkpt>
   <trkpt lat="42.73989" lon="2.6681500000000002">
    <ele>167.18</ele>
   </trkpt>
   <trkpt lat="42.74" lon="2.6681000000000004">
    <ele>167.18</ele>
   </trkpt>
   <trkpt lat="42.740260000000006" lon="2.66778">
    <ele>166.14000000000001</ele>
   </trkpt>
   <trkpt lat="42.740390000000005" lon="2.6676800000000003">
    <ele>164.96</ele>
   </trkpt>
   <trkpt lat="42.740500000000004" lon="2.6676300000000004">
    <ele>164.96</ele>
   </trkpt>
   <trkpt lat="42.74062000000001" lon="2.6676100000000003">
    <ele>164.96</ele>
   </trkpt>
   <trkpt lat="42.740730000000006" lon="2.6676300000000004">
    <ele>163.73000000000002</ele>
   </trkpt>
   <trkpt lat="42.74094" lon="2.6677400000000002">
    <ele>162.97</ele>
   </trkpt>
   <trkpt lat="42.741220000000006" lon="2.66792">
    <ele>161.65</ele>
   </trkpt>
   <trkpt lat="42.74139" lon="2.6679500000000003">
    <ele>160.41000000000003</ele>
   </trkpt>
   <trkpt lat="42.741510000000005" lon="2.66794">
    <ele>160.41000000000003</ele>
   </trkpt>
   <trkpt lat="42.741690000000006" lon="2.6678800000000003">
    <ele>159.46</ele>
   </trkpt>
   <trkpt lat="42.74184" lon="2.66778">
    <ele>158.64</ele>
   </trkpt>
   <trkpt lat="42.742110000000004" lon="2.6674700000000002">
    <ele>155.75</ele>
   </trkpt>
   <trkpt lat="42.742270000000005" lon="2.6673400000000003">
    <ele>155.75</ele>
   </trkpt>
   <trkpt lat="42.74242" lon="2.6672800000000003">
    <ele>155.75</ele>
   </trkpt>
   <trkpt lat="42.74275" lon="2.6672200000000004">
    <ele>153.34</ele>
   </trkpt>
   <trkpt lat="42.743100000000005" lon="2.66726">
    <ele>151.7</ele>
   </trkpt>
   <trkpt lat="42.743430000000004" lon="2.66739">
    <ele>150.58</ele>
   </trkpt>
   <trkpt lat="42.743610000000004" lon="2.6674800000000003">
    <ele>149.14000000000001</ele>
   </trkpt>
   <trkpt lat="42.74414" lon="2.66794">
    <ele>146.02</ele>
   </trkpt>
   <trkpt lat="42.74477000154178" lon="2.6685399938795853">
    <ele>142.54</ele>
   </trkpt>
   <trkpt lat="42.745400000000004" lon="2.66914">
    <ele>138.26000000000002</ele>
   </trkpt>
   <trkpt lat="42.74559" lon="2.66928">
    <ele>138.26000000000002</ele>
   </trkpt>
   <trkpt lat="42.74586" lon="2.66935">
    <ele>136.45000000000002</ele>
   </trkpt>
   <trkpt lat="42.746" lon="2.66935">
    <ele>136.45000000000002</ele>
   </trkpt>
   <trkpt lat="42.746190000000006" lon="2.6693100000000003">
    <ele>134.51000000000002</ele>
   </trkpt>
   <trkpt lat="42.746340000000004" lon="2.6692400000000003">
    <ele>133.48000000000002</ele>
   </trkpt>
   <trkpt lat="42.74663" lon="2.66902">
    <ele>132.58</ele>
   </trkpt>
   <trkpt lat="42.746790000000004" lon="2.6689200000000004">
    <ele>131.79000000000002</ele>
   </trkpt>
   <trkpt lat="42.746880000000004" lon="2.66889">
    <ele>131.43</ele>
   </trkpt>
   <trkpt lat="42.746970000000005" lon="2.6689200000000004">
    <ele>131.21</ele>
   </trkpt>
   <trkpt lat="42.74707" lon="2.66908">
    <ele>130.74</ele>
   </trkpt>
   <trkpt lat="42.747110000000006" lon="2.66923">
    <ele>128.79000000000002</ele>
   </trkpt>
   <trkpt lat="42.747080000000004" lon="2.6696600000000004">
    <ele>127.67</ele>
   </trkpt>
   <trkpt lat="42.747110000000006" lon="2.6699100000000002">
    <ele>126.86</ele>
   </trkpt>
   <trkpt lat="42.747220000000006" lon="2.67008">
    <ele>126.86</ele>
   </trkpt>
   <trkpt lat="42.747330000000005" lon="2.6702000000000004">
    <ele>125.33</ele>
   </trkpt>
   <trkpt lat="42.74752" lon="2.6702700000000004">
    <ele>125.33</ele>
   </trkpt>
   <trkpt lat="42.74772" lon="2.67022">
    <ele>124.72000000000001</ele>
   </trkpt>
   <trkpt lat="42.74785000000001" lon="2.6701">
    <ele>123.48</ele>
   </trkpt>
   <trkpt lat="42.747960000000006" lon="2.6699200000000003">
    <ele>123.12</ele>
   </trkpt>
   <trkpt lat="42.74804" lon="2.66968">
    <ele>122.65</ele>
   </trkpt>
   <trkpt lat="42.74806" lon="2.6694500000000003">
    <ele>122.08000000000001</ele>
   </trkpt>
   <trkpt lat="42.74803" lon="2.66886">
    <ele>120.86000000000001</ele>
   </trkpt>
   <trkpt lat="42.748070000000006" lon="2.66866">
    <ele>120.15</ele>
   </trkpt>
   <trkpt lat="42.74814000000001" lon="2.6685100000000004">
    <ele>119.76</ele>
   </trkpt>
   <trkpt lat="42.74828" lon="2.6683800000000004">
    <ele>118.93</ele>
   </trkpt>
   <trkpt lat="42.74842" lon="2.66833">
    <ele>118.93</ele>
   </trkpt>
   <trkpt lat="42.748580000000004" lon="2.66832">
    <ele>118.07000000000001</ele>
   </trkpt>
   <trkpt lat="42.748720000000006" lon="2.66835">
    <ele>118.07000000000001</ele>
   </trkpt>
   <trkpt lat="42.74886" lon="2.6684300000000003">
    <ele>117.34000000000002</ele>
   </trkpt>
   <trkpt lat="42.74906" lon="2.66859">
    <ele>116.77000000000001</ele>
   </trkpt>
   <trkpt lat="42.74969000165127" lon="2.6691999938315445">
    <ele>114.99000000000001</ele>
   </trkpt>
   <trkpt lat="42.75032" lon="2.66981">
    <ele>112.35000000000001</ele>
   </trkpt>
   <trkpt lat="42.75065" lon="2.67016">
    <ele>111.24000000000001</ele>
   </trkpt>
   <trkpt lat="42.75120000684225" lon="2.670884980676826">
    <ele>109.49</ele>
   </trkpt>
   <trkpt lat="42.75175000911184" lon="2.671609974220662">
    <ele>108.74</ele>
   </trkpt>
   <trkpt lat="42.7523000068086" lon="2.6723349806318777">
    <ele>108.45</ele>
   </trkpt>
   <trkpt lat="42.75285" lon="2.6730600000000004">
    <ele>107.75000000000001</ele>
   </trkpt>
   <trkpt lat="42.75336000173497" lon="2.67371499444134">
    <ele>106.59</ele>
   </trkpt>
   <trkpt lat="42.753870000000006" lon="2.67437">
    <ele>105.42000000000002</ele>
   </trkpt>
   <trkpt lat="42.754070000000006" lon="2.67423">
    <ele>104.3</ele>
   </trkpt>
   <trkpt lat="42.754270000000005" lon="2.67401">
    <ele>102.85000000000001</ele>
   </trkpt>
   <trkpt lat="42.754540000000006" lon="2.67354">
    <ele>100.95</ele>
   </trkpt>
   <trkpt lat="42.75470000000001" lon="2.6734400000000003">
    <ele>100.46000000000001</ele>
   </trkpt>
   <trkpt lat="42.754850000000005" lon="2.6734600000000004">
    <ele>100.32000000000001</ele>
   </trkpt>
   <trkpt lat="42.755230000000005" lon="2.67368">
    <ele>99.83</ele>
   </trkpt>
   <trkpt lat="42.755340000000004" lon="2.6737100000000003">
    <ele>99.78</ele>
   </trkpt>
   <trkpt lat="42.755480000000006" lon="2.67363">
    <ele>99.86</ele>
   </trkpt>
   <trkpt lat="42.75582250999219" lon="2.67275501450576">
    <ele>99.76</ele>
   </trkpt>
   <trkpt lat="42.756165013323695" lon="2.671880019339356">
    <ele>100.02000000000001</ele>
   </trkpt>
   <trkpt lat="42.756507509994314" lon="2.671005014500753">
    <ele>100.69</ele>
   </trkpt>
   <trkpt lat="42.75685" lon="2.6701300000000003">
    <ele>102.21000000000001</ele>
   </trkpt>
   <trkpt lat="42.75695" lon="2.6699100000000002">
    <ele>102.47</ele>
   </trkpt>
   <trkpt lat="42.7575" lon="2.6693000000000002">
    <ele>102.10000000000001</ele>
   </trkpt>
   <trkpt lat="42.757830000000006" lon="2.66893">
    <ele>101.63000000000001</ele>
   </trkpt>
   <trkpt lat="42.75838" lon="2.6680400000000004">
    <ele>100.31</ele>
   </trkpt>
   <trkpt lat="42.75878" lon="2.6676100000000003">
    <ele>98.74000000000001</ele>
   </trkpt>
   <trkpt lat="42.75934" lon="2.6668900000000004">
    <ele>97.68</ele>
   </trkpt>
   <trkpt lat="42.75967000000001" lon="2.66651">
    <ele>97.01</ele>
   </trkpt>
   <trkpt lat="42.759890000000006" lon="2.66642">
    <ele>96.92</ele>
   </trkpt>
   <trkpt lat="42.7603" lon="2.6664100000000004">
    <ele>96.53</ele>
   </trkpt>
   <trkpt lat="42.760510000000004" lon="2.6663900000000003">
    <ele>96.19000000000001</ele>
   </trkpt>
   <trkpt lat="42.76071" lon="2.6663300000000003">
    <ele>95.97000000000001</ele>
   </trkpt>
   <trkpt lat="42.760810000000006" lon="2.6662700000000004">
    <ele>95.91000000000001</ele>
   </trkpt>
   <trkpt lat="42.760960000000004" lon="2.6661300000000003">
    <ele>95.9</ele>
   </trkpt>
   <trkpt lat="42.761250000000004" lon="2.6657800000000003">
    <ele>96.01</ele>
   </trkpt>
   <trkpt lat="42.76135" lon="2.66563">
    <ele>96.17</ele>
   </trkpt>
   <trkpt lat="42.76178" lon="2.6646500000000004">
    <ele>96.72000000000001</ele>
   </trkpt>
   <trkpt lat="42.76202000000001" lon="2.66427">
    <ele>96.57000000000001</ele>
   </trkpt>
   <trkpt lat="42.76212" lon="2.6641600000000003">
    <ele>96.57000000000001</ele>
   </trkpt>
   <trkpt lat="42.76231000000001" lon="2.6640200000000003">
    <ele>96.60000000000001</ele>
   </trkpt>
   <trkpt lat="42.762460000000004" lon="2.66394">
    <ele>96.77000000000001</ele>
   </trkpt>
   <trkpt lat="42.76287000000001" lon="2.6638100000000002">
    <ele>96.78</ele>
   </trkpt>
   <trkpt lat="42.76299" lon="2.6637500000000003">
    <ele>96.78</ele>
   </trkpt>
   <trkpt lat="42.763290000000005" lon="2.6634900000000004">
    <ele>96.78</ele>
   </trkpt>
   <trkpt lat="42.76359" lon="2.66303">
    <ele>96.69000000000001</ele>
   </trkpt>
   <trkpt lat="42.763740000000006" lon="2.6627500000000004">
    <ele>96.96000000000001</ele>
   </trkpt>
   <trkpt lat="42.764140000000005" lon="2.6616600000000004">
    <ele>99.0</ele>
   </trkpt>
   <trkpt lat="42.76442500094273" lon="2.661180002308451">
    <ele>99.99000000000001</ele>
   </trkpt>
   <trkpt lat="42.76471" lon="2.6607000000000003">
    <ele>99.93</ele>
   </trkpt>
   <trkpt lat="42.765040000000006" lon="2.6600300000000003">
    <ele>98.98</ele>
   </trkpt>
   <trkpt lat="42.76522000000001" lon="2.65978">
    <ele>99.08</ele>
   </trkpt>
   <trkpt lat="42.76568" lon="2.6592700000000002">
    <ele>99.68</ele>
   </trkpt>
   <trkpt lat="42.765800000000006" lon="2.6591">
    <ele>100.30000000000001</ele>
   </trkpt>
   <trkpt lat="42.76594" lon="2.65884">
    <ele>100.30000000000001</ele>
   </trkpt>
   <trkpt lat="42.766090000000005" lon="2.6583400000000004">
    <ele>100.93</ele>
   </trkpt>
   <trkpt lat="42.766380000000005" lon="2.6579300000000003">
    <ele>98.92</ele>
   </trkpt>
   <trkpt lat="42.76644" lon="2.6578700000000004">
    <ele>98.92</ele>
   </trkpt>
   <trkpt lat="42.76661" lon="2.65769">
    <ele>97.59</ele>
   </trkpt>
   <trkpt lat="42.76673" lon="2.6576000000000004">
    <ele>97.25</ele>
   </trkpt>
   <trkpt lat="42.76691" lon="2.6575100000000003">
    <ele>96.78</ele>
   </trkpt>
   <trkpt lat="42.76727" lon="2.6574000000000004">
    <ele>95.84</ele>
   </trkpt>
   <trkpt lat="42.767690000626885" lon="2.657030002481097">
    <ele>95.41000000000001</ele>
   </trkpt>
   <trkpt lat="42.76811" lon="2.65666">
    <ele>95.5</ele>
   </trkpt>
   <trkpt lat="42.768370000000004" lon="2.6564">
    <ele>96.07000000000001</ele>
   </trkpt>
   <trkpt lat="42.768530000000005" lon="2.65613">
    <ele>97.0</ele>
   </trkpt>
   <trkpt lat="42.76877" lon="2.6555000000000004">
    <ele>99.75</ele>
   </trkpt>
   <trkpt lat="42.76887000000001" lon="2.6552800000000003">
    <ele>100.56</ele>
   </trkpt>
   <trkpt lat="42.76887000000001" lon="2.6551600000000004">
    <ele>100.92</ele>
   </trkpt>
   <trkpt lat="42.76879" lon="2.6550100000000003">
    <ele>101.64</ele>
   </trkpt>
   <trkpt lat="42.76863" lon="2.65477">
    <ele>101.8</ele>
   </trkpt>
   <trkpt lat="42.768440000000005" lon="2.6544100000000004">
    <ele>103.65</ele>
   </trkpt>
   <trkpt lat="42.7682" lon="2.6540600000000003">
    <ele>104.17000000000002</ele>
   </trkpt>
   <trkpt lat="42.767950000000006" lon="2.6537300000000004">
    <ele>105.42000000000002</ele>
   </trkpt>
   <trkpt lat="42.767520000000005" lon="2.65321">
    <ele>111.23</ele>
   </trkpt>
   <trkpt lat="42.767210000000006" lon="2.6530500000000004">
    <ele>112.47000000000001</ele>
   </trkpt>
   <trkpt lat="42.767140000000005" lon="2.6529900000000004">
    <ele>113.0</ele>
   </trkpt>
   <trkpt lat="42.767120000000006" lon="2.65287">
    <ele>113.43</ele>
   </trkpt>
   <trkpt lat="42.7671250021615" lon="2.6521650001431936">
    <ele>116.49000000000001</ele>
   </trkpt>
   <trkpt lat="42.76713" lon="2.65146">
    <ele>115.65</ele>
   </trkpt>
   <trkpt lat="42.767210000000006" lon="2.65124">
    <ele>115.0</ele>
   </trkpt>
   <trkpt lat="42.76737000000001" lon="2.6510000000000002">
    <ele>113.55000000000001</ele>
   </trkpt>
   <trkpt lat="42.767520000000005" lon="2.65098">
    <ele>111.64</ele>
   </trkpt>
   <trkpt lat="42.76765" lon="2.65103">
    <ele>110.16000000000001</ele>
   </trkpt>
   <trkpt lat="42.76798" lon="2.65146">
    <ele>108.15</ele>
   </trkpt>
   <trkpt lat="42.76807" lon="2.6515600000000004">
    <ele>108.15</ele>
   </trkpt>
   <trkpt lat="42.76818" lon="2.65165">
    <ele>104.03000000000002</ele>
   </trkpt>
   <trkpt lat="42.76897" lon="2.6518800000000002">
    <ele>100.4</ele>
   </trkpt>
   <trkpt lat="42.7691" lon="2.65187">
    <ele>100.4</ele>
   </trkpt>
   <trkpt lat="42.76916000000001" lon="2.6517500000000003">
    <ele>100.34</ele>
   </trkpt>
   <trkpt lat="42.76930500229948" lon="2.6510250016324153">
    <ele>99.61</ele>
   </trkpt>
   <trkpt lat="42.769450000000006" lon="2.6503">
    <ele>98.68</ele>
   </trkpt>
   <trkpt lat="42.76946" lon="2.65016">
    <ele>98.68</ele>
   </trkpt>
   <trkpt lat="42.76943000000001" lon="2.6500100000000004">
    <ele>97.95</ele>
   </trkpt>
   <trkpt lat="42.76935" lon="2.64989">
    <ele>97.95</ele>
   </trkpt>
   <trkpt lat="42.76924" lon="2.64962">
    <ele>98.09</ele>
   </trkpt>
   <trkpt lat="42.76924" lon="2.6494400000000002">
    <ele>98.55000000000001</ele>
   </trkpt>
   <trkpt lat="42.769270000000006" lon="2.64927">
    <ele>98.77000000000001</ele>
   </trkpt>
   <trkpt lat="42.7695" lon="2.6493">
    <ele>99.86</ele>
   </trkpt>
   <trkpt lat="42.769650000000006" lon="2.6493700000000002">
    <ele>100.35000000000001</ele>
   </trkpt>
   <trkpt lat="42.76984" lon="2.6495300000000004">
    <ele>100.42</ele>
   </trkpt>
   <trkpt lat="42.77013" lon="2.6498500000000003">
    <ele>99.44000000000001</ele>
   </trkpt>
   <trkpt lat="42.77067" lon="2.6502100000000004">
    <ele>97.51</ele>
   </trkpt>
   <trkpt lat="42.77113000000001" lon="2.65049">
    <ele>97.15</ele>
   </trkpt>
   <trkpt lat="42.77158000050427" lon="2.6508149976710174">
    <ele>97.13000000000001</ele>
   </trkpt>
   <trkpt lat="42.77203" lon="2.6511400000000003">
    <ele>97.05000000000001</ele>
   </trkpt>
   <trkpt lat="42.77244" lon="2.6514100000000003">
    <ele>96.77000000000001</ele>
   </trkpt>
   <trkpt lat="42.77288" lon="2.6516">
    <ele>96.2</ele>
   </trkpt>
   <trkpt lat="42.77295" lon="2.65165">
    <ele>95.51</ele>
   </trkpt>
   <trkpt lat="42.773050000000005" lon="2.65185">
    <ele>95.51</ele>
   </trkpt>
   <trkpt lat="42.773320000000005" lon="2.6526">
    <ele>95.07</ele>
   </trkpt>
   <trkpt lat="42.773320000000005" lon="2.65259">
    <ele>95.07</ele>
   </trkpt>
   <trkpt lat="42.773555001861816" lon="2.6532399975995773">
    <ele>94.86000000000001</ele>
   </trkpt>
   <trkpt lat="42.773790000000005" lon="2.65389">
    <ele>94.75</ele>
   </trkpt>
   <trkpt lat="42.7738" lon="2.65422">
    <ele>94.41000000000001</ele>
   </trkpt>
   <trkpt lat="42.77353" lon="2.6551500000000003">
    <ele>94.39</ele>
   </trkpt>
   <trkpt lat="42.77326" lon="2.65567">
    <ele>93.96</ele>
   </trkpt>
   <trkpt lat="42.773" lon="2.6560900000000003">
    <ele>93.94000000000001</ele>
   </trkpt>
   <trkpt lat="42.772490000000005" lon="2.65674">
    <ele>94.95</ele>
   </trkpt>
   <trkpt lat="42.77196" lon="2.65716">
    <ele>93.50000000000001</ele>
   </trkpt>
   <trkpt lat="42.77168" lon="2.6575200000000003">
    <ele>91.84</ele>
   </trkpt>
   <trkpt lat="42.771480000000004" lon="2.6578700000000004">
    <ele>91.41</ele>
   </trkpt>
   <trkpt lat="42.771235001127586" lon="2.6584050023729198">
    <ele>91.03000000000002</ele>
   </trkpt>
   <trkpt lat="42.770990000000005" lon="2.6589400000000003">
    <ele>91.08000000000001</ele>
   </trkpt>
   <trkpt lat="42.770920000000004" lon="2.65919">
    <ele>91.59</ele>
   </trkpt>
   <trkpt lat="42.77079500148854" lon="2.6597800013122392">
    <ele>94.24000000000001</ele>
   </trkpt>
   <trkpt lat="42.77067" lon="2.6603700000000003">
    <ele>96.51</ele>
   </trkpt>
   <trkpt lat="42.770590000000006" lon="2.6606300000000003">
    <ele>97.24000000000001</ele>
   </trkpt>
   <trkpt lat="42.77046000000001" lon="2.66094">
    <ele>98.03</ele>
   </trkpt>
   <trkpt lat="42.77038" lon="2.66127">
    <ele>98.34</ele>
   </trkpt>
   <trkpt lat="42.77019334093196" lon="2.662203338860236">
    <ele>98.30000000000001</ele>
   </trkpt>
   <trkpt lat="42.770006674285" lon="2.663136672094911">
    <ele>98.75</ele>
   </trkpt>
   <trkpt lat="42.76982" lon="2.66407">
    <ele>98.03</ele>
   </trkpt>
   <trkpt lat="42.76982" lon="2.66468">
    <ele>96.62</ele>
   </trkpt>
   <trkpt lat="42.76991" lon="2.66516">
    <ele>95.63000000000001</ele>
   </trkpt>
   <trkpt lat="42.770270000000004" lon="2.6661">
    <ele>95.66000000000001</ele>
   </trkpt>
   <trkpt lat="42.77067" lon="2.6670200000000004">
    <ele>98.10000000000001</ele>
   </trkpt>
   <trkpt lat="42.77076" lon="2.6671600000000004">
    <ele>98.06</ele>
   </trkpt>
   <trkpt lat="42.77098" lon="2.66737">
    <ele>97.39</ele>
   </trkpt>
   <trkpt lat="42.77127" lon="2.6676900000000003">
    <ele>95.32</ele>
   </trkpt>
   <trkpt lat="42.77152" lon="2.66791">
    <ele>94.65</ele>
   </trkpt>
   <trkpt lat="42.77158" lon="2.668">
    <ele>94.4</ele>
   </trkpt>
   <trkpt lat="42.77163" lon="2.6681500000000002">
    <ele>94.33000000000001</ele>
   </trkpt>
   <trkpt lat="42.77165" lon="2.6682900000000003">
    <ele>94.32</ele>
   </trkpt>
   <trkpt lat="42.77169000000001" lon="2.66895">
    <ele>94.79</ele>
   </trkpt>
   <trkpt lat="42.771750000000004" lon="2.66913">
    <ele>94.87</ele>
   </trkpt>
   <trkpt lat="42.77185" lon="2.66934">
    <ele>94.91000000000001</ele>
   </trkpt>
   <trkpt lat="42.77215667156117" lon="2.670089992574246">
    <ele>94.42</ele>
   </trkpt>
   <trkpt lat="42.772463338228505" lon="2.670839992575756">
    <ele>92.56</ele>
   </trkpt>
   <trkpt lat="42.77277" lon="2.67159">
    <ele>91.91</ele>
   </trkpt>
   <trkpt lat="42.772940000000006" lon="2.6722400000000004">
    <ele>90.96000000000001</ele>
   </trkpt>
   <trkpt lat="42.77299" lon="2.6727100000000004">
    <ele>90.74</ele>
   </trkpt>
   <trkpt lat="42.773160000000004" lon="2.67349">
    <ele>89.79</ele>
   </trkpt>
   <trkpt lat="42.773300000000006" lon="2.67395">
    <ele>89.38</ele>
   </trkpt>
   <trkpt lat="42.773450000000004" lon="2.67431">
    <ele>89.13</ele>
   </trkpt>
   <trkpt lat="42.77382" lon="2.6750000000000003">
    <ele>88.37</ele>
   </trkpt>
   <trkpt lat="42.774280000000005" lon="2.6757000000000004">
    <ele>86.07000000000001</ele>
   </trkpt>
   <trkpt lat="42.77438" lon="2.67578">
    <ele>85.99000000000001</ele>
   </trkpt>
   <trkpt lat="42.775090000000006" lon="2.6762">
    <ele>86.09000000000002</ele>
   </trkpt>
   <trkpt lat="42.775600000000004" lon="2.67667">
    <ele>85.81000000000002</ele>
   </trkpt>
   <trkpt lat="42.77615" lon="2.677">
    <ele>84.93</ele>
   </trkpt>
   <trkpt lat="42.7765400004606" lon="2.677349997730829">
    <ele>84.22</ele>
   </trkpt>
   <trkpt lat="42.77693" lon="2.6777">
    <ele>83.79</ele>
   </trkpt>
   <trkpt lat="42.777190000000004" lon="2.6779400000000004">
    <ele>84.11</ele>
   </trkpt>
   <trkpt lat="42.77784500090638" lon="2.678379995388861">
    <ele>86.25</ele>
   </trkpt>
   <trkpt lat="42.7785" lon="2.6788200000000004">
    <ele>88.36</ele>
   </trkpt>
   <trkpt lat="42.778780000000005" lon="2.67912">
    <ele>88.53000000000002</ele>
   </trkpt>
   <trkpt lat="42.77917" lon="2.67958">
    <ele>88.81000000000002</ele>
   </trkpt>
   <trkpt lat="42.77967" lon="2.6801000000000004">
    <ele>87.96000000000001</ele>
   </trkpt>
   <trkpt lat="42.780030000000004" lon="2.6804200000000002">
    <ele>87.10000000000001</ele>
   </trkpt>
   <trkpt lat="42.78078" lon="2.68102">
    <ele>85.9</ele>
   </trkpt>
   <trkpt lat="42.78099" lon="2.6811200000000004">
    <ele>85.73</ele>
   </trkpt>
   <trkpt lat="42.781290000000006" lon="2.6812">
    <ele>85.03</ele>
   </trkpt>
   <trkpt lat="42.78215" lon="2.6813100000000003">
    <ele>84.71000000000001</ele>
   </trkpt>
   <trkpt lat="42.78231" lon="2.68129">
    <ele>84.65</ele>
   </trkpt>
   <trkpt lat="42.78269" lon="2.6811100000000003">
    <ele>84.5</ele>
   </trkpt>
   <trkpt lat="42.78324500003411" lon="2.6809950010357855">
    <ele>83.27000000000001</ele>
   </trkpt>
   <trkpt lat="42.78380000000001" lon="2.68088">
    <ele>82.73</ele>
   </trkpt>
   <trkpt lat="42.78441" lon="2.6807700000000003">
    <ele>82.34</ele>
   </trkpt>
   <trkpt lat="42.784940000000006" lon="2.6806300000000003">
    <ele>82.34</ele>
   </trkpt>
   <trkpt lat="42.78553" lon="2.6803500000000002">
    <ele>82.38000000000001</ele>
   </trkpt>
   <trkpt lat="42.78562" lon="2.6802900000000003">
    <ele>82.29</ele>
   </trkpt>
   <trkpt lat="42.78610000090272" lon="2.679840003468859">
    <ele>82.96000000000001</ele>
   </trkpt>
   <trkpt lat="42.78658" lon="2.67939">
    <ele>83.88000000000001</ele>
   </trkpt>
   <trkpt lat="42.78714000170298" lon="2.6787550058026306">
    <ele>84.45</ele>
   </trkpt>
   <trkpt lat="42.7877" lon="2.6781200000000003">
    <ele>85.52000000000001</ele>
   </trkpt>
   <trkpt lat="42.78779" lon="2.6780600000000003">
    <ele>85.52000000000001</ele>
   </trkpt>
   <trkpt lat="42.787890000000004" lon="2.6780500000000003">
    <ele>85.59000000000002</ele>
   </trkpt>
   <trkpt lat="42.788030000000006" lon="2.67809">
    <ele>85.69</ele>
   </trkpt>
   <trkpt lat="42.78821000000001" lon="2.6782500000000002">
    <ele>85.81000000000002</ele>
   </trkpt>
   <trkpt lat="42.788380000000004" lon="2.6785">
    <ele>85.98</ele>
   </trkpt>
   <trkpt lat="42.78853" lon="2.67862">
    <ele>86.0</ele>
   </trkpt>
   <trkpt lat="42.78849" lon="2.6789">
    <ele>86.31000000000002</ele>
   </trkpt>
   <trkpt lat="42.788500000000006" lon="2.6790900000000004">
    <ele>86.55</ele>
   </trkpt>
   <trkpt lat="42.788560000000004" lon="2.6794800000000003">
    <ele>87.96000000000001</ele>
   </trkpt>
   <trkpt lat="42.78867" lon="2.6798200000000003">
    <ele>89.03000000000002</ele>
   </trkpt>
   <trkpt lat="42.78884" lon="2.6802900000000003">
    <ele>89.12</ele>
   </trkpt>
   <trkpt lat="42.78891" lon="2.6805800000000004">
    <ele>89.00000000000001</ele>
   </trkpt>
   <trkpt lat="42.788920000000005" lon="2.68075">
    <ele>88.85000000000001</ele>
   </trkpt>
   <trkpt lat="42.788900000000005" lon="2.68094">
    <ele>88.69</ele>
   </trkpt>
   <trkpt lat="42.78886000000001" lon="2.68109">
    <ele>88.34</ele>
   </trkpt>
   <trkpt lat="42.788790000000006" lon="2.6812300000000002">
    <ele>88.34</ele>
   </trkpt>
   <trkpt lat="42.78866" lon="2.6814">
    <ele>87.88000000000001</ele>
   </trkpt>
   <trkpt lat="42.78844" lon="2.68154">
    <ele>87.88000000000001</ele>
   </trkpt>
   <trkpt lat="42.788000000000004" lon="2.6817200000000003">
    <ele>87.31000000000002</ele>
   </trkpt>
   <trkpt lat="42.78756000015491" lon="2.681875001084011">
    <ele>86.9</ele>
   </trkpt>
   <trkpt lat="42.78712" lon="2.68203">
    <ele>87.0</ele>
   </trkpt>
   <trkpt lat="42.78654" lon="2.68228">
    <ele>86.99000000000001</ele>
   </trkpt>
   <trkpt lat="42.786120000000004" lon="2.6825200000000002">
    <ele>86.81000000000002</ele>
   </trkpt>
   <trkpt lat="42.78587" lon="2.6826800000000004">
    <ele>86.70000000000002</ele>
   </trkpt>
   <trkpt lat="42.78577000000001" lon="2.68277">
    <ele>86.59</ele>
   </trkpt>
   <trkpt lat="42.78522500224896" lon="2.6834900063468985">
    <ele>85.94</ele>
   </trkpt>
   <trkpt lat="42.78468" lon="2.68421">
    <ele>85.77000000000001</ele>
   </trkpt>
   <trkpt lat="42.784580000000005" lon="2.6844300000000003">
    <ele>85.67</ele>
   </trkpt>
   <trkpt lat="42.784530000000004" lon="2.68452">
    <ele>85.67</ele>
   </trkpt>
   <trkpt lat="42.78430000123573" lon="2.6850650021584794">
    <ele>84.29</ele>
   </trkpt>
   <trkpt lat="42.78407000000001" lon="2.68561">
    <ele>83.39</ele>
   </trkpt>
   <trkpt lat="42.7839" lon="2.6859100000000002">
    <ele>83.15</ele>
   </trkpt>
   <trkpt lat="42.784130000000005" lon="2.6855800000000003">
    <ele>83.62000000000002</ele>
   </trkpt>
   <trkpt lat="42.784600000000005" lon="2.68455">
    <ele>85.11</ele>
   </trkpt>
   <trkpt lat="42.78464" lon="2.68459">
    <ele>85.3</ele>
   </trkpt>
   <trkpt lat="42.78472" lon="2.6846">
    <ele>85.3</ele>
   </trkpt>
   <trkpt lat="42.78481" lon="2.68453">
    <ele>85.3</ele>
   </trkpt>
   <trkpt lat="42.785120000000006" lon="2.6838800000000003">
    <ele>87.64000000000001</ele>
   </trkpt>
   <trkpt lat="42.78533" lon="2.6836">
    <ele>89.79</ele>
   </trkpt>
   <trkpt lat="42.785410000000006" lon="2.6835600000000004">
    <ele>90.26</ele>
   </trkpt>
   <trkpt lat="42.785520000000005" lon="2.68359">
    <ele>90.23</ele>
   </trkpt>
   <trkpt lat="42.7856" lon="2.68358">
    <ele>90.51</ele>
   </trkpt>
   <trkpt lat="42.78566" lon="2.68353">
    <ele>90.51</ele>
   </trkpt>
   <trkpt lat="42.785900000000005" lon="2.68325">
    <ele>91.22000000000001</ele>
   </trkpt>
   <trkpt lat="42.785970000000006" lon="2.6832000000000003">
    <ele>92.24</ele>
   </trkpt>
   <trkpt lat="42.786030000000004" lon="2.68318">
    <ele>92.24</ele>
   </trkpt>
   <trkpt lat="42.78611" lon="2.68318">
    <ele>92.98</ele>
   </trkpt>
   <trkpt lat="42.78618" lon="2.6832200000000004">
    <ele>92.98</ele>
   </trkpt>
   <trkpt lat="42.78632" lon="2.68337">
    <ele>93.49</ele>
   </trkpt>
   <trkpt lat="42.786590000000004" lon="2.68385">
    <ele>95.11000000000001</ele>
   </trkpt>
   <trkpt lat="42.78671000000001" lon="2.68399">
    <ele>95.77000000000001</ele>
   </trkpt>
   <trkpt lat="42.7873" lon="2.68428">
    <ele>97.61</ele>
   </trkpt>
   <trkpt lat="42.78743" lon="2.68441">
    <ele>98.25</ele>
   </trkpt>
   <trkpt lat="42.78757" lon="2.6847000000000003">
    <ele>99.95</ele>
   </trkpt>
   <trkpt lat="42.78779667234294" lon="2.6855099939527776">
    <ele>103.29</ele>
   </trkpt>
   <trkpt lat="42.78802333897745" lon="2.686319993837732">
    <ele>106.39000000000001</ele>
   </trkpt>
   <trkpt lat="42.788250000000005" lon="2.6871300000000002">
    <ele>110.73</ele>
   </trkpt>
   <trkpt lat="42.78846500161163" lon="2.6877249981311597">
    <ele>113.11000000000001</ele>
   </trkpt>
   <trkpt lat="42.78868000000001" lon="2.68832">
    <ele>115.35000000000001</ele>
   </trkpt>
   <trkpt lat="42.78887" lon="2.6889700000000003">
    <ele>118.27000000000001</ele>
   </trkpt>
   <trkpt lat="42.789075004786284" lon="2.690019996471457">
    <ele>123.31000000000002</ele>
   </trkpt>
   <trkpt lat="42.789280000000005" lon="2.6910700000000003">
    <ele>129.21</ele>
   </trkpt>
   <trkpt lat="42.78938" lon="2.6913400000000003">
    <ele>129.72</ele>
   </trkpt>
   <trkpt lat="42.78956" lon="2.6916">
    <ele>130.86</ele>
   </trkpt>
   <trkpt lat="42.789730000000006" lon="2.6917500000000003">
    <ele>131.70000000000002</ele>
   </trkpt>
   <trkpt lat="42.7899" lon="2.6919500000000003">
    <ele>132.16</ele>
   </trkpt>
   <trkpt lat="42.79003" lon="2.6922200000000003">
    <ele>131.89000000000001</ele>
   </trkpt>
   <trkpt lat="42.79017" lon="2.6928500000000004">
    <ele>128.07000000000002</ele>
   </trkpt>
   <trkpt lat="42.79023" lon="2.69301">
    <ele>128.07000000000002</ele>
   </trkpt>
   <trkpt lat="42.79052" lon="2.6936000000000004">
    <ele>125.59</ele>
   </trkpt>
   <trkpt lat="42.790780000000005" lon="2.6943">
    <ele>123.96000000000001</ele>
   </trkpt>
   <trkpt lat="42.791050000000006" lon="2.6951300000000002">
    <ele>124.04</ele>
   </trkpt>
   <trkpt lat="42.79111" lon="2.69546">
    <ele>124.25000000000001</ele>
   </trkpt>
   <trkpt lat="42.791250000000005" lon="2.69666">
    <ele>125.23</ele>
   </trkpt>
   <trkpt lat="42.79133500167108" lon="2.6972799991397745">
    <ele>124.49</ele>
   </trkpt>
   <trkpt lat="42.79142" lon="2.6979">
    <ele>122.69</ele>
   </trkpt>
   <trkpt lat="42.791470000000004" lon="2.69815">
    <ele>121.39000000000001</ele>
   </trkpt>
   <trkpt lat="42.791540000000005" lon="2.6983400000000004">
    <ele>121.00000000000001</ele>
   </trkpt>
   <trkpt lat="42.791630000000005" lon="2.69849">
    <ele>120.42000000000002</ele>
   </trkpt>
   <trkpt lat="42.791850000000004" lon="2.69876">
    <ele>120.41</ele>
   </trkpt>
   <trkpt lat="42.792420000816705" lon="2.6991699962853923">
    <ele>117.16000000000001</ele>
   </trkpt>
   <trkpt lat="42.79299" lon="2.69958">
    <ele>115.54</ele>
   </trkpt>
   <trkpt lat="42.79271000000001" lon="2.6992800000000003">
    <ele>116.01000000000002</ele>
   </trkpt>
   <trkpt lat="42.79247" lon="2.6990700000000003">
    <ele>116.59000000000002</ele>
   </trkpt>
   <trkpt lat="42.7926" lon="2.6989300000000003">
    <ele>116.93</ele>
   </trkpt>
   <trkpt lat="42.79271000000001" lon="2.69884">
    <ele>117.53</ele>
   </trkpt>
   <trkpt lat="42.79283" lon="2.69878">
    <ele>117.53</ele>
   </trkpt>
   <trkpt lat="42.793260000000004" lon="2.69878">
    <ele>116.26000000000002</ele>
   </trkpt>
   <trkpt lat="42.79339" lon="2.6987500000000004">
    <ele>115.78</ele>
   </trkpt>
   <trkpt lat="42.794035000381044" lon="2.6984700029008826">
    <ele>115.0</ele>
   </trkpt>
   <trkpt lat="42.79468000000001" lon="2.6981900000000003">
    <ele>115.0</ele>
   </trkpt>
   <trkpt lat="42.795010000000005" lon="2.69809">
    <ele>115.52000000000001</ele>
   </trkpt>
   <trkpt lat="42.795370000000005" lon="2.6981100000000002">
    <ele>115.82000000000001</ele>
   </trkpt>
   <trkpt lat="42.79562000000001" lon="2.69817">
    <ele>115.85000000000001</ele>
   </trkpt>
   <trkpt lat="42.79580000000001" lon="2.69817">
    <ele>116.07000000000001</ele>
   </trkpt>
   <trkpt lat="42.79643500015073" lon="2.6980800009071704">
    <ele>116.38000000000001</ele>
   </trkpt>
   <trkpt lat="42.797070000000005" lon="2.6979900000000003">
    <ele>116.88000000000001</ele>
   </trkpt>
   <trkpt lat="42.79731" lon="2.69794">
    <ele>117.35000000000001</ele>
   </trkpt>
   <trkpt lat="42.79748" lon="2.6978500000000003">
    <ele>117.68</ele>
   </trkpt>
   <trkpt lat="42.79816" lon="2.69733">
    <ele>118.48000000000002</ele>
   </trkpt>
   <trkpt lat="42.798350000000006" lon="2.69729">
    <ele>118.13000000000001</ele>
   </trkpt>
   <trkpt lat="42.79851" lon="2.6973100000000003">
    <ele>117.57000000000001</ele>
   </trkpt>
   <trkpt lat="42.798930000000006" lon="2.69747">
    <ele>116.93</ele>
   </trkpt>
   <trkpt lat="42.799130000000005" lon="2.69749">
    <ele>116.93</ele>
   </trkpt>
   <trkpt lat="42.799600000150505" lon="2.697405000624128">
    <ele>117.72</ele>
   </trkpt>
   <trkpt lat="42.800070000000005" lon="2.6973200000000004">
    <ele>117.25</ele>
   </trkpt>
   <trkpt lat="42.800640000005245" lon="2.697344999769798">
    <ele>116.76</ele>
   </trkpt>
   <trkpt lat="42.801210000000005" lon="2.6973700000000003">
    <ele>116.98000000000002</ele>
   </trkpt>
   <trkpt lat="42.8016" lon="2.69748">
    <ele>117.86</ele>
   </trkpt>
   <trkpt lat="42.80185" lon="2.69749">
    <ele>118.87</ele>
   </trkpt>
   <trkpt lat="42.802170000000004" lon="2.6974400000000003">
    <ele>119.91000000000001</ele>
   </trkpt>
   <trkpt lat="42.802330000000005" lon="2.6974500000000003">
    <ele>120.98</ele>
   </trkpt>
   <trkpt lat="42.8027" lon="2.6977800000000003">
    <ele>123.35000000000001</ele>
   </trkpt>
   <trkpt lat="42.80314000045224" lon="2.698129997446591">
    <ele>127.27000000000002</ele>
   </trkpt>
   <trkpt lat="42.803580000000004" lon="2.6984800000000004">
    <ele>129.69</ele>
   </trkpt>
   <trkpt lat="42.803830000000005" lon="2.6985900000000003">
    <ele>130.72</ele>
   </trkpt>
   <trkpt lat="42.804230000000004" lon="2.6987200000000002">
    <ele>131.71</ele>
   </trkpt>
   <trkpt lat="42.804750000000006" lon="2.69892">
    <ele>133.42000000000002</ele>
   </trkpt>
   <trkpt lat="42.80485" lon="2.6989300000000003">
    <ele>133.42000000000002</ele>
   </trkpt>
   <trkpt lat="42.805060000000005" lon="2.69891">
    <ele>134.33</ele>
   </trkpt>
   <trkpt lat="42.805150000000005" lon="2.6988800000000004">
    <ele>134.33</ele>
   </trkpt>
   <trkpt lat="42.80548" lon="2.69871">
    <ele>135.34</ele>
   </trkpt>
   <trkpt lat="42.8059" lon="2.69855">
    <ele>136.69</ele>
   </trkpt>
   <trkpt lat="42.8061" lon="2.69849">
    <ele>137.11</ele>
   </trkpt>
   <trkpt lat="42.80632000000001" lon="2.69849">
    <ele>137.53</ele>
   </trkpt>
   <trkpt lat="42.80713" lon="2.69858">
    <ele>137.94</ele>
   </trkpt>
   <trkpt lat="42.80733" lon="2.69863">
    <ele>138.14000000000001</ele>
   </trkpt>
   <trkpt lat="42.80807" lon="2.6990000000000003">
    <ele>139.92000000000002</ele>
   </trkpt>
   <trkpt lat="42.808330000000005" lon="2.69918">
    <ele>140.39000000000001</ele>
   </trkpt>
   <trkpt lat="42.80865" lon="2.69944">
    <ele>141.42000000000002</ele>
   </trkpt>
   <trkpt lat="42.808840000000004" lon="2.6995500000000003">
    <ele>141.8</ele>
   </trkpt>
   <trkpt lat="42.80897" lon="2.69959">
    <ele>142.41</ele>
   </trkpt>
   <trkpt lat="42.80951" lon="2.6996900000000004">
    <ele>143.4</ele>
   </trkpt>
   <trkpt lat="42.809650000000005" lon="2.6996900000000004">
    <ele>143.57</ele>
   </trkpt>
   <trkpt lat="42.810080000000006" lon="2.69958">
    <ele>143.5</ele>
   </trkpt>
   <trkpt lat="42.81053500021742" lon="2.6993000021358937">
    <ele>141.13</ele>
   </trkpt>
   <trkpt lat="42.810990000000004" lon="2.6990200000000004">
    <ele>138.77</ele>
   </trkpt>
   <trkpt lat="42.81143500007518" lon="2.6988400013216967">
    <ele>137.65</ele>
   </trkpt>
   <trkpt lat="42.81188" lon="2.6986600000000003">
    <ele>136.32000000000002</ele>
   </trkpt>
   <trkpt lat="42.812250000000006" lon="2.6986000000000003">
    <ele>135.63</ele>
   </trkpt>
   <trkpt lat="42.812520000000006" lon="2.69864">
    <ele>134.81</ele>
   </trkpt>
   <trkpt lat="42.813320000260035" lon="2.69887499696595">
    <ele>130.18</ele>
   </trkpt>
   <trkpt lat="42.81412" lon="2.69911">
    <ele>132.71</ele>
   </trkpt>
   <trkpt lat="42.814260000000004" lon="2.69916">
    <ele>133.23000000000002</ele>
   </trkpt>
   <trkpt lat="42.814420000000005" lon="2.6992800000000003">
    <ele>133.23000000000002</ele>
   </trkpt>
   <trkpt lat="42.81456" lon="2.6994800000000003">
    <ele>134.83</ele>
   </trkpt>
   <trkpt lat="42.81472" lon="2.69979">
    <ele>135.19</ele>
   </trkpt>
   <trkpt lat="42.81479" lon="2.7000100000000002">
    <ele>135.70000000000002</ele>
   </trkpt>
   <trkpt lat="42.81486" lon="2.7003700000000004">
    <ele>136.71</ele>
   </trkpt>
   <trkpt lat="42.814930000000004" lon="2.7005600000000003">
    <ele>136.97</ele>
   </trkpt>
   <trkpt lat="42.81524" lon="2.70088">
    <ele>138.06</ele>
   </trkpt>
   <trkpt lat="42.815290000000005" lon="2.7009600000000002">
    <ele>138.06</ele>
   </trkpt>
   <trkpt lat="42.81544" lon="2.7013200000000004">
    <ele>139.49</ele>
   </trkpt>
   <trkpt lat="42.81555" lon="2.70148">
    <ele>140.01000000000002</ele>
   </trkpt>
   <trkpt lat="42.815920000000006" lon="2.70183">
    <ele>141.3</ele>
   </trkpt>
   <trkpt lat="42.81609" lon="2.7020500000000003">
    <ele>141.0</ele>
   </trkpt>
   <trkpt lat="42.81624" lon="2.70236">
    <ele>140.69</ele>
   </trkpt>
   <trkpt lat="42.8164" lon="2.70278">
    <ele>140.38</ele>
   </trkpt>
   <trkpt lat="42.816500000000005" lon="2.7029400000000003">
    <ele>140.37000000000003</ele>
   </trkpt>
   <trkpt lat="42.816810000000004" lon="2.70317">
    <ele>140.44</ele>
   </trkpt>
   <trkpt lat="42.816950000000006" lon="2.7033300000000002">
    <ele>140.55</ele>
   </trkpt>
   <trkpt lat="42.817060000000005" lon="2.70358">
    <ele>140.81</ele>
   </trkpt>
   <trkpt lat="42.81725" lon="2.70414">
    <ele>142.22</ele>
   </trkpt>
   <trkpt lat="42.81738" lon="2.70439">
    <ele>142.44</ele>
   </trkpt>
   <trkpt lat="42.81795" lon="2.7052500000000004">
    <ele>142.45000000000002</ele>
   </trkpt>
   <trkpt lat="42.81815" lon="2.70542">
    <ele>142.37000000000003</ele>
   </trkpt>
   <trkpt lat="42.81852000000001" lon="2.7056600000000004">
    <ele>142.62000000000003</ele>
   </trkpt>
   <trkpt lat="42.8186" lon="2.7057300000000004">
    <ele>142.62000000000003</ele>
   </trkpt>
   <trkpt lat="42.818670000000004" lon="2.70582">
    <ele>142.52</ele>
   </trkpt>
   <trkpt lat="42.81873" lon="2.70595">
    <ele>142.52</ele>
   </trkpt>
   <trkpt lat="42.8190100054214" lon="2.706739992819446">
    <ele>142.58</ele>
   </trkpt>
   <trkpt lat="42.81929000541231" lon="2.7075299927937237">
    <ele>142.62000000000003</ele>
   </trkpt>
   <trkpt lat="42.819570000000006" lon="2.70832">
    <ele>142.92000000000002</ele>
   </trkpt>
   <trkpt lat="42.819790000000005" lon="2.7087100000000004">
    <ele>143.86</ele>
   </trkpt>
   <trkpt lat="42.82036000347902" lon="2.7093366551803375">
    <ele>145.89000000000001</ele>
   </trkpt>
   <trkpt lat="42.82093000354093" lon="2.7099633219149184">
    <ele>150.39000000000001</ele>
   </trkpt>
   <trkpt lat="42.8215" lon="2.7105900000000003">
    <ele>156.45</ele>
   </trkpt>
   <trkpt lat="42.821760000000005" lon="2.7109500000000004">
    <ele>159.37</ele>
   </trkpt>
   <trkpt lat="42.822030000000005" lon="2.7114000000000003">
    <ele>161.76000000000002</ele>
   </trkpt>
   <trkpt lat="42.822120000000005" lon="2.7116300000000004">
    <ele>162.06</ele>
   </trkpt>
   <trkpt lat="42.82218" lon="2.7120900000000003">
    <ele>161.35000000000002</ele>
   </trkpt>
   <trkpt lat="42.82226" lon="2.7123500000000003">
    <ele>160.77</ele>
   </trkpt>
   <trkpt lat="42.82249" lon="2.7127100000000004">
    <ele>159.31</ele>
   </trkpt>
   <trkpt lat="42.82267" lon="2.7129100000000004">
    <ele>158.0</ele>
   </trkpt>
   <trkpt lat="42.822860000000006" lon="2.71306">
    <ele>157.15</ele>
   </trkpt>
   <trkpt lat="42.82269" lon="2.7132500000000004">
    <ele>156.22000000000003</ele>
   </trkpt>
   <trkpt lat="42.822630000000004" lon="2.71335">
    <ele>155.51000000000002</ele>
   </trkpt>
   <trkpt lat="42.822610000000005" lon="2.71347">
    <ele>155.51000000000002</ele>
   </trkpt>
   <trkpt lat="42.82264000000001" lon="2.71389">
    <ele>154.09</ele>
   </trkpt>
   <trkpt lat="42.82265" lon="2.7144600000000003">
    <ele>154.42</ele>
   </trkpt>
   <trkpt lat="42.82274" lon="2.71565">
    <ele>157.8</ele>
   </trkpt>
   <trkpt lat="42.8226" lon="2.7163600000000003">
    <ele>158.27</ele>
   </trkpt>
   <trkpt lat="42.82266000181931" lon="2.717004999473922">
    <ele>158.38000000000002</ele>
   </trkpt>
   <trkpt lat="42.822720000000004" lon="2.7176500000000003">
    <ele>157.58</ele>
   </trkpt>
   <trkpt lat="42.82265" lon="2.7182600000000003">
    <ele>156.51000000000002</ele>
   </trkpt>
   <trkpt lat="42.82258" lon="2.7185300000000003">
    <ele>155.65</ele>
   </trkpt>
   <trkpt lat="42.82238" lon="2.71932">
    <ele>153.85000000000002</ele>
   </trkpt>
   <trkpt lat="42.82206000604451" lon="2.7201533419549033">
    <ele>151.23</ele>
   </trkpt>
   <trkpt lat="42.821740006046284" lon="2.720986675283489">
    <ele>148.58</ele>
   </trkpt>
   <trkpt lat="42.82142" lon="2.72182">
    <ele>145.05</ele>
   </trkpt>
   <trkpt lat="42.821250000000006" lon="2.7225900000000003">
    <ele>141.07</ele>
   </trkpt>
   <trkpt lat="42.8211550060594" lon="2.7237700017948527">
    <ele>137.28</ele>
   </trkpt>
   <trkpt lat="42.82106" lon="2.72495">
    <ele>134.37</ele>
   </trkpt>
   <trkpt lat="42.82115000224017" lon="2.7256649990861552">
    <ele>133.33</ele>
   </trkpt>
   <trkpt lat="42.82124" lon="2.7263800000000002">
    <ele>131.61</ele>
   </trkpt>
   <trkpt lat="42.821160000000006" lon="2.72732">
    <ele>128.01000000000002</ele>
   </trkpt>
   <trkpt lat="42.82104" lon="2.72771">
    <ele>126.28</ele>
   </trkpt>
   <trkpt lat="42.820570000000004" lon="2.72825">
    <ele>122.66</ele>
   </trkpt>
   <trkpt lat="42.820310000000006" lon="2.72873">
    <ele>121.14000000000001</ele>
   </trkpt>
   <trkpt lat="42.82005500247757" lon="2.7294750028889943">
    <ele>119.85000000000001</ele>
   </trkpt>
   <trkpt lat="42.8198" lon="2.73022">
    <ele>119.09000000000002</ele>
   </trkpt>
   <trkpt lat="42.81960000431587" lon="2.731210002945983">
    <ele>119.17000000000002</ele>
   </trkpt>
   <trkpt lat="42.8194" lon="2.7322">
    <ele>118.58</ele>
   </trkpt>
   <trkpt lat="42.81917500394766" lon="2.7331500033675393">
    <ele>115.88000000000001</ele>
   </trkpt>
   <trkpt lat="42.81895" lon="2.7341">
    <ele>114.2</ele>
   </trkpt>
   <trkpt lat="42.818810000000006" lon="2.7345">
    <ele>113.07000000000001</ele>
   </trkpt>
   <trkpt lat="42.81862" lon="2.73496">
    <ele>112.61000000000001</ele>
   </trkpt>
   <trkpt lat="42.81832000000001" lon="2.7354600000000002">
    <ele>111.04</ele>
   </trkpt>
   <trkpt lat="42.8177" lon="2.73606">
    <ele>109.43</ele>
   </trkpt>
   <trkpt lat="42.8172733368237" lon="2.7366933420729778">
    <ele>108.16000000000001</ele>
   </trkpt>
   <trkpt lat="42.81684667015716" lon="2.7373266754060244">
    <ele>105.84</ele>
   </trkpt>
   <trkpt lat="42.81642" lon="2.73796">
    <ele>104.47</ele>
   </trkpt>
   <trkpt lat="42.81598500177908" lon="2.738585004282103">
    <ele>103.23</ele>
   </trkpt>
   <trkpt lat="42.81555" lon="2.7392100000000004">
    <ele>101.64</ele>
   </trkpt>
   <trkpt lat="42.815360000000005" lon="2.7394200000000004">
    <ele>101.11</ele>
   </trkpt>
   <trkpt lat="42.81497" lon="2.7397400000000003">
    <ele>100.47</ele>
   </trkpt>
   <trkpt lat="42.815160000000006" lon="2.74092">
    <ele>97.99000000000001</ele>
   </trkpt>
   <trkpt lat="42.815200000000004" lon="2.7417100000000003">
    <ele>98.36</ele>
   </trkpt>
   <trkpt lat="42.81517" lon="2.74215">
    <ele>99.59</ele>
   </trkpt>
   <trkpt lat="42.81514000000001" lon="2.7423300000000004">
    <ele>99.61</ele>
   </trkpt>
   <trkpt lat="42.81488" lon="2.74339">
    <ele>99.27000000000001</ele>
   </trkpt>
   <trkpt lat="42.81466" lon="2.74378">
    <ele>98.71000000000001</ele>
   </trkpt>
   <trkpt lat="42.81412" lon="2.7446400000000004">
    <ele>99.28</ele>
   </trkpt>
   <trkpt lat="42.813770000000005" lon="2.74526">
    <ele>101.54</ele>
   </trkpt>
   <trkpt lat="42.8138" lon="2.7453600000000002">
    <ele>101.57000000000001</ele>
   </trkpt>
   <trkpt lat="42.814150000000005" lon="2.74562">
    <ele>101.52000000000001</ele>
   </trkpt>
   <trkpt lat="42.81429000000001" lon="2.74567">
    <ele>101.41000000000001</ele>
   </trkpt>
   <trkpt lat="42.81448" lon="2.74601">
    <ele>101.39</ele>
   </trkpt>
   <trkpt lat="42.81467000000001" lon="2.7463800000000003">
    <ele>101.49000000000001</ele>
   </trkpt>
   <trkpt lat="42.814800000000005" lon="2.74669">
    <ele>101.67</ele>
   </trkpt>
   <trkpt lat="42.815020000000004" lon="2.7473">
    <ele>102.32000000000001</ele>
   </trkpt>
   <trkpt lat="42.81521" lon="2.7480200000000004">
    <ele>102.73</ele>
   </trkpt>
   <trkpt lat="42.81561000000001" lon="2.74893">
    <ele>102.4</ele>
   </trkpt>
   <trkpt lat="42.81571" lon="2.74908">
    <ele>102.29</ele>
   </trkpt>
   <trkpt lat="42.815830000000005" lon="2.74914">
    <ele>102.29</ele>
   </trkpt>
   <trkpt lat="42.81669" lon="2.7493200000000004">
    <ele>102.28</ele>
   </trkpt>
   <trkpt lat="42.81723" lon="2.74949">
    <ele>102.24000000000001</ele>
   </trkpt>
   <trkpt lat="42.81773000051412" lon="2.7497949976005036">
    <ele>102.09000000000002</ele>
   </trkpt>
   <trkpt lat="42.81823000000001" lon="2.7501">
    <ele>102.22</ele>
   </trkpt>
   <trkpt lat="42.81848" lon="2.75023">
    <ele>102.27000000000001</ele>
   </trkpt>
   <trkpt lat="42.818830000000005" lon="2.75036">
    <ele>102.45000000000002</ele>
   </trkpt>
   <trkpt lat="42.819330000005806" lon="2.7504949988884904">
    <ele>102.54</ele>
   </trkpt>
   <trkpt lat="42.81983" lon="2.75063">
    <ele>102.93</ele>
   </trkpt>
   <trkpt lat="42.82011000000001" lon="2.7507300000000003">
    <ele>103.05</ele>
   </trkpt>
   <trkpt lat="42.82074" lon="2.75103">
    <ele>102.99000000000001</ele>
   </trkpt>
   <trkpt lat="42.820910000000005" lon="2.7510800000000004">
    <ele>102.84000000000002</ele>
   </trkpt>
   <trkpt lat="42.821660000074495" lon="2.7511999985462197">
    <ele>102.94</ele>
   </trkpt>
   <trkpt lat="42.822410000000005" lon="2.75132">
    <ele>103.61</ele>
   </trkpt>
   <trkpt lat="42.82302000000001" lon="2.75131">
    <ele>103.87</ele>
   </trkpt>
   <trkpt lat="42.82323" lon="2.7513300000000003">
    <ele>103.86</ele>
   </trkpt>
   <trkpt lat="42.82343" lon="2.75138">
    <ele>103.97</ele>
   </trkpt>
   <trkpt lat="42.82403500015506" lon="2.751579998036488">
    <ele>104.34</ele>
   </trkpt>
   <trkpt lat="42.82464" lon="2.75178">
    <ele>104.01</ele>
   </trkpt>
   <trkpt lat="42.82491" lon="2.75185">
    <ele>103.98</ele>
   </trkpt>
   <trkpt lat="42.82513" lon="2.7518700000000003">
    <ele>104.09</ele>
   </trkpt>
   <trkpt lat="42.82587000006478" lon="2.75185000023771">
    <ele>104.77</ele>
   </trkpt>
   <trkpt lat="42.82661" lon="2.7518300000000004">
    <ele>105.10000000000001</ele>
   </trkpt>
   <trkpt lat="42.826890000000006" lon="2.75186">
    <ele>105.21000000000001</ele>
   </trkpt>
   <trkpt lat="42.827510000000004" lon="2.7520000000000002">
    <ele>104.84</ele>
   </trkpt>
   <trkpt lat="42.828190000000006" lon="2.75206">
    <ele>104.92000000000002</ele>
   </trkpt>
   <trkpt lat="42.82846000000001" lon="2.7521500000000003">
    <ele>104.85000000000001</ele>
   </trkpt>
   <trkpt lat="42.82889" lon="2.7523700000000004">
    <ele>104.61</ele>
   </trkpt>
   <trkpt lat="42.82918" lon="2.75258">
    <ele>104.4</ele>
   </trkpt>
   <trkpt lat="42.8293" lon="2.7526900000000003">
    <ele>104.21000000000001</ele>
   </trkpt>
   <trkpt lat="42.82982666961391" lon="2.7532699901378406">
    <ele>104.19</ele>
   </trkpt>
   <trkpt lat="42.83035333630063" lon="2.7538499901598006">
    <ele>105.32000000000001</ele>
   </trkpt>
   <trkpt lat="42.83088" lon="2.75443">
    <ele>106.31000000000002</ele>
   </trkpt>
   <trkpt lat="42.83118" lon="2.7547">
    <ele>107.06</ele>
   </trkpt>
   <trkpt lat="42.83194" lon="2.7553300000000003">
    <ele>108.62</ele>
   </trkpt>
   <trkpt lat="42.83212" lon="2.75544">
    <ele>108.88</ele>
   </trkpt>
   <trkpt lat="42.83231000000001" lon="2.75552">
    <ele>108.95</ele>
   </trkpt>
   <trkpt lat="42.832660000000004" lon="2.7556200000000004">
    <ele>109.24</ele>
   </trkpt>
   <trkpt lat="42.833245000269166" lon="2.7558949973687765">
    <ele>109.66000000000001</ele>
   </trkpt>
   <trkpt lat="42.833830000000006" lon="2.75617">
    <ele>110.31</ele>
   </trkpt>
   <trkpt lat="42.834050000000005" lon="2.7563000000000004">
    <ele>110.38000000000001</ele>
   </trkpt>
   <trkpt lat="42.834320000000005" lon="2.7565000000000004">
    <ele>110.61000000000001</ele>
   </trkpt>
   <trkpt lat="42.83455" lon="2.75672">
    <ele>110.75000000000001</ele>
   </trkpt>
   <trkpt lat="42.83507666982566" lon="2.7573199898031153">
    <ele>111.15</ele>
   </trkpt>
   <trkpt lat="42.83560333651873" lon="2.757919989833063">
    <ele>111.25000000000001</ele>
   </trkpt>
   <trkpt lat="42.836130000000004" lon="2.7585200000000003">
    <ele>112.0</ele>
   </trkpt>
   <trkpt lat="42.836560000000006" lon="2.7590500000000002">
    <ele>112.94000000000001</ele>
   </trkpt>
   <trkpt lat="42.836960000000005" lon="2.7597400000000003">
    <ele>115.47</ele>
   </trkpt>
   <trkpt lat="42.837360000000004" lon="2.76054">
    <ele>116.71000000000001</ele>
   </trkpt>
   <trkpt lat="42.837610000000005" lon="2.7615800000000004">
    <ele>117.27000000000001</ele>
   </trkpt>
   <trkpt lat="42.837680000000006" lon="2.7617900000000004">
    <ele>117.27000000000001</ele>
   </trkpt>
   <trkpt lat="42.83794" lon="2.7622500000000003">
    <ele>117.44</ele>
   </trkpt>
   <trkpt lat="42.838280000000005" lon="2.76264">
    <ele>117.60000000000001</ele>
   </trkpt>
   <trkpt lat="42.83870000077509" lon="2.763049997255806">
    <ele>117.69</ele>
   </trkpt>
   <trkpt lat="42.83912" lon="2.7634600000000002">
    <ele>118.13000000000001</ele>
   </trkpt>
   <trkpt lat="42.83943" lon="2.76384">
    <ele>118.35000000000001</ele>
   </trkpt>
   <trkpt lat="42.83961" lon="2.76413">
    <ele>118.74000000000001</ele>
   </trkpt>
   <trkpt lat="42.839710000000004" lon="2.7643500000000003">
    <ele>119.21000000000001</ele>
   </trkpt>
   <trkpt lat="42.840120000000006" lon="2.76539">
    <ele>120.83</ele>
   </trkpt>
   <trkpt lat="42.84022" lon="2.7655800000000004">
    <ele>120.83</ele>
   </trkpt>
   <trkpt lat="42.840340000000005" lon="2.76574">
    <ele>121.16</ele>
   </trkpt>
   <trkpt lat="42.84073000082147" lon="2.7661699973045093">
    <ele>122.04</ele>
   </trkpt>
   <trkpt lat="42.841120000000004" lon="2.7666000000000004">
    <ele>122.76</ele>
   </trkpt>
   <trkpt lat="42.8414" lon="2.7671200000000002">
    <ele>123.16</ele>
   </trkpt>
   <trkpt lat="42.84158" lon="2.7675400000000003">
    <ele>123.71000000000001</ele>
   </trkpt>
   <trkpt lat="42.84201" lon="2.76786">
    <ele>124.27</ele>
   </trkpt>
   <trkpt lat="42.84241" lon="2.7682800000000003">
    <ele>125.16000000000003</ele>
   </trkpt>
   <trkpt lat="42.842780000000005" lon="2.7690200000000003">
    <ele>126.02000000000002</ele>
   </trkpt>
   <trkpt lat="42.84301000000001" lon="2.7696300000000003">
    <ele>126.21000000000001</ele>
   </trkpt>
   <trkpt lat="42.84306" lon="2.7704000000000004">
    <ele>126.52000000000002</ele>
   </trkpt>
   <trkpt lat="42.84308" lon="2.7712700000000003">
    <ele>127.25</ele>
   </trkpt>
   <trkpt lat="42.84338" lon="2.77204">
    <ele>128.42000000000002</ele>
   </trkpt>
   <trkpt lat="42.84371" lon="2.7726800000000003">
    <ele>129.79999999999998</ele>
   </trkpt>
   <trkpt lat="42.843990000000005" lon="2.7738400000000003">
    <ele>131.51999999999998</ele>
   </trkpt>
   <trkpt lat="42.84425" lon="2.77436">
    <ele>132.21</ele>
   </trkpt>
   <trkpt lat="42.84460000000001" lon="2.7749400000000004">
    <ele>133.03</ele>
   </trkpt>
   <trkpt lat="42.844930000000005" lon="2.7757400000000003">
    <ele>133.92000000000002</ele>
   </trkpt>
   <trkpt lat="42.84501" lon="2.77611">
    <ele>134.21</ele>
   </trkpt>
   <trkpt lat="42.84516000000001" lon="2.7765500000000003">
    <ele>134.68</ele>
   </trkpt>
   <trkpt lat="42.84525" lon="2.7767700000000004">
    <ele>135.07000000000002</ele>
   </trkpt>
   <trkpt lat="42.84537" lon="2.77687">
    <ele>135.47</ele>
   </trkpt>
   <trkpt lat="42.84572" lon="2.7769700000000004">
    <ele>135.92000000000002</ele>
   </trkpt>
   <trkpt lat="42.84584" lon="2.7770400000000004">
    <ele>137.0</ele>
   </trkpt>
   <trkpt lat="42.84626" lon="2.77788">
    <ele>139.43</ele>
   </trkpt>
   <trkpt lat="42.84635" lon="2.77802">
    <ele>139.43</ele>
   </trkpt>
   <trkpt lat="42.846540000000005" lon="2.7781700000000003">
    <ele>140.56</ele>
   </trkpt>
   <trkpt lat="42.847190000000005" lon="2.7784700000000004">
    <ele>143.22</ele>
   </trkpt>
   <trkpt lat="42.847680000000004" lon="2.7786600000000004">
    <ele>146.63</ele>
   </trkpt>
   <trkpt lat="42.84789000000001" lon="2.77876">
    <ele>146.63</ele>
   </trkpt>
   <trkpt lat="42.84805" lon="2.77889">
    <ele>148.15</ele>
   </trkpt>
   <trkpt lat="42.847860000000004" lon="2.77915">
    <ele>148.34</ele>
   </trkpt>
   <trkpt lat="42.84774" lon="2.7794600000000003">
    <ele>149.15</ele>
   </trkpt>
   <trkpt lat="42.8477" lon="2.7796900000000004">
    <ele>149.62</ele>
   </trkpt>
   <trkpt lat="42.8477" lon="2.77986">
    <ele>149.98</ele>
   </trkpt>
   <trkpt lat="42.84772" lon="2.78013">
    <ele>150.53000000000003</ele>
   </trkpt>
   <trkpt lat="42.847840000000005" lon="2.7808100000000002">
    <ele>152.65</ele>
   </trkpt>
   <trkpt lat="42.84808" lon="2.78135">
    <ele>153.82000000000002</ele>
   </trkpt>
   <trkpt lat="42.84808" lon="2.78134">
    <ele>153.81</ele>
   </trkpt>
   <trkpt lat="42.847840000000005" lon="2.7808100000000002">
    <ele>152.2</ele>
   </trkpt>
   <trkpt lat="42.84772" lon="2.78013">
    <ele>150.21</ele>
   </trkpt>
   <trkpt lat="42.8477" lon="2.77986">
    <ele>149.72000000000003</ele>
   </trkpt>
   <trkpt lat="42.8477" lon="2.7796900000000004">
    <ele>149.15</ele>
   </trkpt>
   <trkpt lat="42.84774" lon="2.7794600000000003">
    <ele>148.63</ele>
   </trkpt>
   <trkpt lat="42.847860000000004" lon="2.77915">
    <ele>148.17000000000002</ele>
   </trkpt>
   <trkpt lat="42.84805" lon="2.77889">
    <ele>148.11</ele>
   </trkpt>
   <trkpt lat="42.84789000000001" lon="2.77876">
    <ele>146.63</ele>
   </trkpt>
   <trkpt lat="42.847680000000004" lon="2.7786600000000004">
    <ele>144.93</ele>
   </trkpt>
   <trkpt lat="42.847190000000005" lon="2.7784700000000004">
    <ele>143.22</ele>
   </trkpt>
   <trkpt lat="42.846540000000005" lon="2.7781700000000003">
    <ele>140.05</ele>
   </trkpt>
   <trkpt lat="42.84635" lon="2.77802">
    <ele>139.43</ele>
   </trkpt>
   <trkpt lat="42.84626" lon="2.77788">
    <ele>139.15000000000003</ele>
   </trkpt>
   <trkpt lat="42.84584" lon="2.7770400000000004">
    <ele>135.92000000000002</ele>
   </trkpt>
   <trkpt lat="42.84572" lon="2.7769700000000004">
    <ele>135.92000000000002</ele>
   </trkpt>
   <trkpt lat="42.84537" lon="2.77687">
    <ele>135.07000000000002</ele>
   </trkpt>
   <trkpt lat="42.84525" lon="2.7767700000000004">
    <ele>135.07000000000002</ele>
   </trkpt>
   <trkpt lat="42.84516000000001" lon="2.7765500000000003">
    <ele>134.68</ele>
   </trkpt>
   <trkpt lat="42.84501" lon="2.77611">
    <ele>134.21</ele>
   </trkpt>
   <trkpt lat="42.844930000000005" lon="2.7757400000000003">
    <ele>133.92000000000002</ele>
   </trkpt>
   <trkpt lat="42.84460000000001" lon="2.7749400000000004">
    <ele>133.03</ele>
   </trkpt>
   <trkpt lat="42.84425" lon="2.77436">
    <ele>132.21</ele>
   </trkpt>
   <trkpt lat="42.843990000000005" lon="2.7738400000000003">
    <ele>131.28</ele>
   </trkpt>
   <trkpt lat="42.84371" lon="2.7726800000000003">
    <ele>129.34</ele>
   </trkpt>
   <trkpt lat="42.84338" lon="2.77204">
    <ele>128.06</ele>
   </trkpt>
   <trkpt lat="42.84308" lon="2.7712700000000003">
    <ele>126.93</ele>
   </trkpt>
   <trkpt lat="42.84306" lon="2.7704000000000004">
    <ele>126.45</ele>
   </trkpt>
   <trkpt lat="42.84301000000001" lon="2.7696300000000003">
    <ele>126.21000000000001</ele>
   </trkpt>
   <trkpt lat="42.842780000000005" lon="2.7690200000000003">
    <ele>125.59</ele>
   </trkpt>
   <trkpt lat="42.84241" lon="2.7682800000000003">
    <ele>124.82000000000001</ele>
   </trkpt>
   <trkpt lat="42.84201" lon="2.76786">
    <ele>124.27</ele>
   </trkpt>
   <trkpt lat="42.84158" lon="2.7675400000000003">
    <ele>123.71000000000001</ele>
   </trkpt>
   <trkpt lat="42.8414" lon="2.7671200000000002">
    <ele>123.16</ele>
   </trkpt>
   <trkpt lat="42.841120000000004" lon="2.7666000000000004">
    <ele>122.45</ele>
   </trkpt>
   <trkpt lat="42.840730000787495" lon="2.766169997267046">
    <ele>121.59</ele>
   </trkpt>
   <trkpt lat="42.840340000000005" lon="2.76574">
    <ele>120.83</ele>
   </trkpt>
   <trkpt lat="42.84022" lon="2.7655800000000004">
    <ele>120.83</ele>
   </trkpt>
   <trkpt lat="42.840120000000006" lon="2.76539">
    <ele>120.27000000000001</ele>
   </trkpt>
   <trkpt lat="42.839710000000004" lon="2.7643500000000003">
    <ele>119.21000000000001</ele>
   </trkpt>
   <trkpt lat="42.83961" lon="2.76413">
    <ele>118.74000000000001</ele>
   </trkpt>
   <trkpt lat="42.83943" lon="2.76384">
    <ele>118.35000000000001</ele>
   </trkpt>
   <trkpt lat="42.83912" lon="2.7634600000000002">
    <ele>118.06000000000002</ele>
   </trkpt>
   <trkpt lat="42.83870000068768" lon="2.7630499971704796">
    <ele>117.62000000000002</ele>
   </trkpt>
   <trkpt lat="42.838280000000005" lon="2.76264">
    <ele>117.44</ele>
   </trkpt>
   <trkpt lat="42.83794" lon="2.7622500000000003">
    <ele>117.35000000000001</ele>
   </trkpt>
   <trkpt lat="42.837680000000006" lon="2.7617900000000004">
    <ele>117.27000000000001</ele>
   </trkpt>
   <trkpt lat="42.837610000000005" lon="2.7615800000000004">
    <ele>117.0</ele>
   </trkpt>
   <trkpt lat="42.837360000000004" lon="2.76054">
    <ele>116.59000000000002</ele>
   </trkpt>
   <trkpt lat="42.836960000000005" lon="2.7597400000000003">
    <ele>114.5</ele>
   </trkpt>
   <trkpt lat="42.836560000000006" lon="2.7590500000000002">
    <ele>112.94000000000001</ele>
   </trkpt>
   <trkpt lat="42.836130000000004" lon="2.7585200000000003">
    <ele>111.67</ele>
   </trkpt>
   <trkpt lat="42.83560333643961" lon="2.757919989742919">
    <ele>111.25000000000001</ele>
   </trkpt>
   <trkpt lat="42.835076669746535" lon="2.757319989712972">
    <ele>111.15</ele>
   </trkpt>
   <trkpt lat="42.83455" lon="2.75672">
    <ele>110.75000000000001</ele>
   </trkpt>
   <trkpt lat="42.834320000000005" lon="2.7565000000000004">
    <ele>110.52000000000001</ele>
   </trkpt>
   <trkpt lat="42.834050000000005" lon="2.7563000000000004">
    <ele>110.38000000000001</ele>
   </trkpt>
   <trkpt lat="42.833830000000006" lon="2.75617">
    <ele>110.07000000000001</ele>
   </trkpt>
   <trkpt lat="42.833245000388914" lon="2.7558949974250693">
    <ele>109.6</ele>
   </trkpt>
   <trkpt lat="42.832660000000004" lon="2.7556200000000004">
    <ele>109.24</ele>
   </trkpt>
   <trkpt lat="42.83231000000001" lon="2.75552">
    <ele>108.95</ele>
   </trkpt>
   <trkpt lat="42.83212" lon="2.75544">
    <ele>108.62</ele>
   </trkpt>
   <trkpt lat="42.83194" lon="2.7553300000000003">
    <ele>108.51</ele>
   </trkpt>
   <trkpt lat="42.83118" lon="2.7547">
    <ele>107.06</ele>
   </trkpt>
   <trkpt lat="42.83088" lon="2.75443">
    <ele>106.08000000000001</ele>
   </trkpt>
   <trkpt lat="42.83035333624055" lon="2.753849990093627">
    <ele>104.73</ele>
   </trkpt>
   <trkpt lat="42.82982666955382" lon="2.753269990071668">
    <ele>104.07000000000001</ele>
   </trkpt>
   <trkpt lat="42.8293" lon="2.7526900000000003">
    <ele>104.4</ele>
   </trkpt>
   <trkpt lat="42.82918" lon="2.75258">
    <ele>104.4</ele>
   </trkpt>
   <trkpt lat="42.82889" lon="2.7523700000000004">
    <ele>104.82000000000001</ele>
   </trkpt>
   <trkpt lat="42.82846000000001" lon="2.7521500000000003">
    <ele>104.92000000000002</ele>
   </trkpt>
   <trkpt lat="42.828190000000006" lon="2.75206">
    <ele>104.92000000000002</ele>
   </trkpt>
   <trkpt lat="42.827510000000004" lon="2.7520000000000002">
    <ele>104.84</ele>
   </trkpt>
   <trkpt lat="42.826890000000006" lon="2.75186">
    <ele>105.21000000000001</ele>
   </trkpt>
   <trkpt lat="42.82661" lon="2.7518300000000004">
    <ele>105.10000000000001</ele>
   </trkpt>
   <trkpt lat="42.825869999938696" lon="2.751850000241118">
    <ele>104.60000000000001</ele>
   </trkpt>
   <trkpt lat="42.82513" lon="2.7518700000000003">
    <ele>103.98</ele>
   </trkpt>
   <trkpt lat="42.82491" lon="2.75185">
    <ele>103.98</ele>
   </trkpt>
   <trkpt lat="42.82464" lon="2.75178">
    <ele>104.01</ele>
   </trkpt>
   <trkpt lat="42.824035000193014" lon="2.7515799980490345">
    <ele>104.31000000000002</ele>
   </trkpt>
   <trkpt lat="42.82343" lon="2.75138">
    <ele>103.91</ele>
   </trkpt>
   <trkpt lat="42.82323" lon="2.7513300000000003">
    <ele>103.86</ele>
   </trkpt>
   <trkpt lat="42.82302000000001" lon="2.75131">
    <ele>103.87</ele>
   </trkpt>
   <trkpt lat="42.822410000000005" lon="2.75132">
    <ele>103.61</ele>
   </trkpt>
   <trkpt lat="42.821660000050805" lon="2.751199998542427">
    <ele>102.94</ele>
   </trkpt>
   <trkpt lat="42.820910000000005" lon="2.7510800000000004">
    <ele>102.84000000000002</ele>
   </trkpt>
   <trkpt lat="42.82074" lon="2.75103">
    <ele>102.99000000000001</ele>
   </trkpt>
   <trkpt lat="42.82011000000001" lon="2.7507300000000003">
    <ele>103.04</ele>
   </trkpt>
   <trkpt lat="42.81983" lon="2.75063">
    <ele>102.93</ele>
   </trkpt>
   <trkpt lat="42.81933000015277" lon="2.750494998928173">
    <ele>102.54</ele>
   </trkpt>
   <trkpt lat="42.818830000000005" lon="2.75036">
    <ele>102.45000000000002</ele>
   </trkpt>
   <trkpt lat="42.81848" lon="2.75023">
    <ele>102.27000000000001</ele>
   </trkpt>
   <trkpt lat="42.81823000000001" lon="2.7501">
    <ele>102.22</ele>
   </trkpt>
   <trkpt lat="42.817730000295334" lon="2.749794997467047">
    <ele>102.17</ele>
   </trkpt>
   <trkpt lat="42.81723" lon="2.74949">
    <ele>102.24000000000001</ele>
   </trkpt>
   <trkpt lat="42.81669" lon="2.7493200000000004">
    <ele>102.28</ele>
   </trkpt>
   <trkpt lat="42.815830000000005" lon="2.74914">
    <ele>102.29</ele>
   </trkpt>
   <trkpt lat="42.81571" lon="2.74908">
    <ele>102.4</ele>
   </trkpt>
   <trkpt lat="42.81561000000001" lon="2.74893">
    <ele>102.4</ele>
   </trkpt>
   <trkpt lat="42.81521" lon="2.7480200000000004">
    <ele>102.73</ele>
   </trkpt>
   <trkpt lat="42.815020000000004" lon="2.7473">
    <ele>101.99000000000001</ele>
   </trkpt>
   <trkpt lat="42.814800000000005" lon="2.74669">
    <ele>101.67</ele>
   </trkpt>
   <trkpt lat="42.814600000000006" lon="2.7462400000000002">
    <ele>101.43</ele>
   </trkpt>
   <trkpt lat="42.81429000000001" lon="2.74567">
    <ele>101.52000000000001</ele>
   </trkpt>
   <trkpt lat="42.814150000000005" lon="2.74562">
    <ele>101.52000000000001</ele>
   </trkpt>
   <trkpt lat="42.8138" lon="2.7453600000000002">
    <ele>101.54</ele>
   </trkpt>
   <trkpt lat="42.813770000000005" lon="2.74526">
    <ele>101.54</ele>
   </trkpt>
   <trkpt lat="42.81412" lon="2.7446400000000004">
    <ele>99.28</ele>
   </trkpt>
   <trkpt lat="42.81466" lon="2.74378">
    <ele>98.71000000000001</ele>
   </trkpt>
   <trkpt lat="42.81488" lon="2.74339">
    <ele>99.27000000000001</ele>
   </trkpt>
   <trkpt lat="42.81495" lon="2.7431200000000002">
    <ele>99.66000000000001</ele>
   </trkpt>
   <trkpt lat="42.81517" lon="2.74215">
    <ele>99.10000000000001</ele>
   </trkpt>
   <trkpt lat="42.815200000000004" lon="2.7417100000000003">
    <ele>98.10000000000001</ele>
   </trkpt>
   <trkpt lat="42.815160000000006" lon="2.74092">
    <ele>97.99000000000001</ele>
   </trkpt>
   <trkpt lat="42.81497" lon="2.7397400000000003">
    <ele>100.47</ele>
   </trkpt>
   <trkpt lat="42.81481" lon="2.7393400000000003">
    <ele>102.26</ele>
   </trkpt>
   <trkpt lat="42.81441" lon="2.7385900000000003">
    <ele>106.24000000000001</ele>
   </trkpt>
   <trkpt lat="42.81427" lon="2.7382700000000004">
    <ele>107.54</ele>
   </trkpt>
   <trkpt lat="42.81421" lon="2.7378600000000004">
    <ele>108.23</ele>
   </trkpt>
   <trkpt lat="42.814280000000004" lon="2.7369800000000004">
    <ele>108.9</ele>
   </trkpt>
   <trkpt lat="42.81441" lon="2.7365500000000003">
    <ele>109.38000000000001</ele>
   </trkpt>
   <trkpt lat="42.81465" lon="2.73579">
    <ele>109.89000000000001</ele>
   </trkpt>
   <trkpt lat="42.814710000000005" lon="2.7354800000000004">
    <ele>109.89000000000001</ele>
   </trkpt>
   <trkpt lat="42.814710000000005" lon="2.7352800000000004">
    <ele>110.47000000000001</ele>
   </trkpt>
   <trkpt lat="42.81447" lon="2.73463">
    <ele>110.87</ele>
   </trkpt>
   <trkpt lat="42.81441" lon="2.7343400000000004">
    <ele>111.21000000000001</ele>
   </trkpt>
   <trkpt lat="42.81426000375511" lon="2.733409997696248">
    <ele>113.74000000000001</ele>
   </trkpt>
   <trkpt lat="42.81411000000001" lon="2.7324800000000002">
    <ele>114.34</ele>
   </trkpt>
   <trkpt lat="42.81407" lon="2.73233">
    <ele>114.28</ele>
   </trkpt>
   <trkpt lat="42.81394" lon="2.7320100000000003">
    <ele>114.43</ele>
   </trkpt>
   <trkpt lat="42.81342" lon="2.73144">
    <ele>117.13000000000001</ele>
   </trkpt>
   <trkpt lat="42.81313" lon="2.7309900000000003">
    <ele>121.33</ele>
   </trkpt>
   <trkpt lat="42.81275" lon="2.73029">
    <ele>125.83</ele>
   </trkpt>
   <trkpt lat="42.812470000000005" lon="2.72949">
    <ele>128.71</ele>
   </trkpt>
   <trkpt lat="42.81215" lon="2.7287700000000004">
    <ele>131.71</ele>
   </trkpt>
   <trkpt lat="42.812070000000006" lon="2.7284">
    <ele>132.75</ele>
   </trkpt>
   <trkpt lat="42.811960000000006" lon="2.7274800000000003">
    <ele>134.73000000000002</ele>
   </trkpt>
   <trkpt lat="42.81186" lon="2.7271">
    <ele>134.97</ele>
   </trkpt>
   <trkpt lat="42.81167000000001" lon="2.7265900000000003">
    <ele>135.54000000000002</ele>
   </trkpt>
   <trkpt lat="42.811510000000006" lon="2.7262600000000003">
    <ele>135.43</ele>
   </trkpt>
   <trkpt lat="42.81099001676079" lon="2.7254585309931567">
    <ele>131.56</ele>
   </trkpt>
   <trkpt lat="42.81047002793244" lon="2.724657075462437">
    <ele>129.27</ele>
   </trkpt>
   <trkpt lat="42.80995003351517" lon="2.723855633407512">
    <ele>126.28</ele>
   </trkpt>
   <trkpt lat="42.80943003350914" lon="2.723054204828057">
    <ele>125.06</ele>
   </trkpt>
   <trkpt lat="42.808910027914564" lon="2.722252789723743">
    <ele>123.66</ele>
   </trkpt>
   <trkpt lat="42.80839001673164" lon="2.7214513880942435">
    <ele>121.47000000000001</ele>
   </trkpt>
   <trkpt lat="42.80787" lon="2.72065">
    <ele>119.19</ele>
   </trkpt>
   <trkpt lat="42.80774" lon="2.72033">
    <ele>117.87000000000002</ele>
   </trkpt>
   <trkpt lat="42.807610000000004" lon="2.7197400000000003">
    <ele>115.97</ele>
   </trkpt>
   <trkpt lat="42.80753000000001" lon="2.71919">
    <ele>114.01</ele>
   </trkpt>
   <trkpt lat="42.80753000000001" lon="2.71877">
    <ele>111.79</ele>
   </trkpt>
   <trkpt lat="42.807550000000006" lon="2.71844">
    <ele>111.79</ele>
   </trkpt>
   <trkpt lat="42.807500000000005" lon="2.7181200000000003">
    <ele>110.37</ele>
   </trkpt>
   <trkpt lat="42.807300000000005" lon="2.7175800000000003">
    <ele>106.77</ele>
   </trkpt>
   <trkpt lat="42.807120000000005" lon="2.7174300000000002">
    <ele>106.77</ele>
   </trkpt>
   <trkpt lat="42.80679000000001" lon="2.71733">
    <ele>102.45000000000002</ele>
   </trkpt>
   <trkpt lat="42.806560000000005" lon="2.71715">
    <ele>101.72</ele>
   </trkpt>
   <trkpt lat="42.806290000000004" lon="2.7167700000000004">
    <ele>100.88000000000001</ele>
   </trkpt>
   <trkpt lat="42.80604" lon="2.7165000000000004">
    <ele>101.08</ele>
   </trkpt>
   <trkpt lat="42.80576000000001" lon="2.71641">
    <ele>101.77000000000001</ele>
   </trkpt>
   <trkpt lat="42.80539" lon="2.71639">
    <ele>102.57000000000001</ele>
   </trkpt>
   <trkpt lat="42.805060000000005" lon="2.7162900000000003">
    <ele>103.16</ele>
   </trkpt>
   <trkpt lat="42.804660000000005" lon="2.71604">
    <ele>103.64000000000001</ele>
   </trkpt>
   <trkpt lat="42.80422000041046" lon="2.715709997605454">
    <ele>103.66</ele>
   </trkpt>
   <trkpt lat="42.80378" lon="2.71538">
    <ele>104.53000000000002</ele>
   </trkpt>
   <trkpt lat="42.803540000000005" lon="2.7151300000000003">
    <ele>105.53000000000002</ele>
   </trkpt>
   <trkpt lat="42.803165001554376" lon="2.7145499966249367">
    <ele>106.07000000000001</ele>
   </trkpt>
   <trkpt lat="42.80279" lon="2.71397">
    <ele>106.02</ele>
   </trkpt>
   <trkpt lat="42.80234500265823" lon="2.713194994504438">
    <ele>105.28000000000002</ele>
   </trkpt>
   <trkpt lat="42.8019" lon="2.7124200000000003">
    <ele>104.27000000000001</ele>
   </trkpt>
   <trkpt lat="42.80154" lon="2.7119000000000004">
    <ele>102.46000000000001</ele>
   </trkpt>
   <trkpt lat="42.80098" lon="2.7113300000000002">
    <ele>101.59000000000002</ele>
   </trkpt>
   <trkpt lat="42.80064" lon="2.7108700000000003">
    <ele>102.13000000000001</ele>
   </trkpt>
   <trkpt lat="42.80018574016305" lon="2.7098742418452475">
    <ele>103.04</ele>
   </trkpt>
   <trkpt lat="42.79973147169896" lon="2.708878498311764">
    <ele>103.8</ele>
   </trkpt>
   <trkpt lat="42.799277194608" lon="2.707882769399381">
    <ele>104.04</ele>
   </trkpt>
   <trkpt lat="42.79882290889041" lon="2.706887055107928">
    <ele>105.15</ele>
   </trkpt>
   <trkpt lat="42.798368614546476" lon="2.7058913554372364">
    <ele>106.09</ele>
   </trkpt>
   <trkpt lat="42.79791431157645" lon="2.704895670387135">
    <ele>106.9</ele>
   </trkpt>
   <trkpt lat="42.79746" lon="2.7039000000000004">
    <ele>110.07000000000001</ele>
   </trkpt>
   <trkpt lat="42.797250000000005" lon="2.70357">
    <ele>112.0</ele>
   </trkpt>
   <trkpt lat="42.796840000667736" lon="2.703144997061718">
    <ele>115.95</ele>
   </trkpt>
   <trkpt lat="42.79643" lon="2.7027200000000002">
    <ele>118.37</ele>
   </trkpt>
   <trkpt lat="42.795730000000006" lon="2.7020600000000004">
    <ele>119.20000000000002</ele>
   </trkpt>
   <trkpt lat="42.7953100008685" lon="2.701604996877145">
    <ele>117.4</ele>
   </trkpt>
   <trkpt lat="42.79489" lon="2.70115">
    <ele>116.62000000000002</ele>
   </trkpt>
   <trkpt lat="42.794560000000004" lon="2.70075">
    <ele>115.91000000000001</ele>
   </trkpt>
   <trkpt lat="42.79435" lon="2.70054">
    <ele>115.59</ele>
   </trkpt>
   <trkpt lat="42.79386" lon="2.70018">
    <ele>115.07000000000001</ele>
   </trkpt>
   <trkpt lat="42.79336000000001" lon="2.69986">
    <ele>115.17</ele>
   </trkpt>
   <trkpt lat="42.79299" lon="2.69958">
    <ele>115.61</ele>
   </trkpt>
   <trkpt lat="42.79271000000001" lon="2.6992800000000003">
    <ele>116.01000000000002</ele>
   </trkpt>
   <trkpt lat="42.79247" lon="2.6990700000000003">
    <ele>116.59000000000002</ele>
   </trkpt>
   <trkpt lat="42.7922" lon="2.6989">
    <ele>117.97</ele>
   </trkpt>
   <trkpt lat="42.791970000000006" lon="2.6987900000000002">
    <ele>119.32000000000001</ele>
   </trkpt>
   <trkpt lat="42.79173" lon="2.69862">
    <ele>120.42000000000002</ele>
   </trkpt>
   <trkpt lat="42.791540000000005" lon="2.6983400000000004">
    <ele>121.39000000000001</ele>
   </trkpt>
   <trkpt lat="42.791470000000004" lon="2.69815">
    <ele>122.28000000000002</ele>
   </trkpt>
   <trkpt lat="42.79142" lon="2.6979">
    <ele>122.69</ele>
   </trkpt>
   <trkpt lat="42.791335001673474" lon="2.6972799991572747">
    <ele>124.74</ele>
   </trkpt>
   <trkpt lat="42.791250000000005" lon="2.69666">
    <ele>125.2</ele>
   </trkpt>
   <trkpt lat="42.79111" lon="2.69546">
    <ele>124.04</ele>
   </trkpt>
   <trkpt lat="42.791050000000006" lon="2.6951300000000002">
    <ele>123.77</ele>
   </trkpt>
   <trkpt lat="42.790780000000005" lon="2.6943">
    <ele>124.33000000000001</ele>
   </trkpt>
   <trkpt lat="42.79052" lon="2.6936000000000004">
    <ele>126.86</ele>
   </trkpt>
   <trkpt lat="42.79023" lon="2.69301">
    <ele>128.07000000000002</ele>
   </trkpt>
   <trkpt lat="42.79017" lon="2.6928500000000004">
    <ele>130.73000000000002</ele>
   </trkpt>
   <trkpt lat="42.79003" lon="2.6922200000000003">
    <ele>132.14000000000001</ele>
   </trkpt>
   <trkpt lat="42.7899" lon="2.6919500000000003">
    <ele>131.98000000000002</ele>
   </trkpt>
   <trkpt lat="42.789730000000006" lon="2.6917500000000003">
    <ele>130.86</ele>
   </trkpt>
   <trkpt lat="42.78956" lon="2.6916">
    <ele>129.72</ele>
   </trkpt>
   <trkpt lat="42.78938" lon="2.6913400000000003">
    <ele>129.21</ele>
   </trkpt>
   <trkpt lat="42.789280000000005" lon="2.6910700000000003">
    <ele>125.79</ele>
   </trkpt>
   <trkpt lat="42.78907500480621" lon="2.690019996573496">
    <ele>123.31000000000002</ele>
   </trkpt>
   <trkpt lat="42.78887" lon="2.6889700000000003">
    <ele>116.83</ele>
   </trkpt>
   <trkpt lat="42.78868000000001" lon="2.68832">
    <ele>114.04</ele>
   </trkpt>
   <trkpt lat="42.78846500146864" lon="2.6877249977354807">
    <ele>110.73</ele>
   </trkpt>
   <trkpt lat="42.788250000000005" lon="2.6871300000000002">
    <ele>107.81</ele>
   </trkpt>
   <trkpt lat="42.78802333907404" lon="2.686319994182928">
    <ele>104.92000000000002</ele>
   </trkpt>
   <trkpt lat="42.78779667243955" lon="2.6855099942979717">
    <ele>101.70000000000002</ele>
   </trkpt>
   <trkpt lat="42.78757" lon="2.6847000000000003">
    <ele>98.25</ele>
   </trkpt>
   <trkpt lat="42.78743" lon="2.68441">
    <ele>97.61</ele>
   </trkpt>
   <trkpt lat="42.7873" lon="2.68428">
    <ele>97.05000000000001</ele>
   </trkpt>
   <trkpt lat="42.78671000000001" lon="2.68399">
    <ele>95.11000000000001</ele>
   </trkpt>
   <trkpt lat="42.786590000000004" lon="2.68385">
    <ele>94.86000000000001</ele>
   </trkpt>
   <trkpt lat="42.78632" lon="2.68337">
    <ele>92.98</ele>
   </trkpt>
   <trkpt lat="42.78618" lon="2.6832200000000004">
    <ele>92.24</ele>
   </trkpt>
   <trkpt lat="42.78611" lon="2.68318">
    <ele>92.24</ele>
   </trkpt>
   <trkpt lat="42.786030000000004" lon="2.68318">
    <ele>91.22000000000001</ele>
   </trkpt>
   <trkpt lat="42.785970000000006" lon="2.6832000000000003">
    <ele>91.22000000000001</ele>
   </trkpt>
   <trkpt lat="42.785900000000005" lon="2.68325">
    <ele>90.87</ele>
   </trkpt>
   <trkpt lat="42.78566" lon="2.68353">
    <ele>90.23</ele>
   </trkpt>
   <trkpt lat="42.7856" lon="2.68358">
    <ele>90.26</ele>
   </trkpt>
   <trkpt lat="42.785520000000005" lon="2.68359">
    <ele>89.79</ele>
   </trkpt>
   <trkpt lat="42.785410000000006" lon="2.6835600000000004">
    <ele>89.28000000000002</ele>
   </trkpt>
   <trkpt lat="42.78533" lon="2.6836">
    <ele>89.28000000000002</ele>
   </trkpt>
   <trkpt lat="42.785120000000006" lon="2.6838800000000003">
    <ele>86.94</ele>
   </trkpt>
   <trkpt lat="42.78483000000001" lon="2.68448">
    <ele>85.69</ele>
   </trkpt>
   <trkpt lat="42.784760000000006" lon="2.6845000000000003">
    <ele>85.60000000000001</ele>
   </trkpt>
   <trkpt lat="42.784710000000004" lon="2.68448">
    <ele>85.67</ele>
   </trkpt>
   <trkpt lat="42.78466" lon="2.68441">
    <ele>85.67</ele>
   </trkpt>
   <trkpt lat="42.784580000000005" lon="2.6844300000000003">
    <ele>85.06</ele>
   </trkpt>
   <trkpt lat="42.784530000000004" lon="2.68452">
    <ele>85.06</ele>
   </trkpt>
   <trkpt lat="42.78430000123573" lon="2.6850650021584794">
    <ele>83.9</ele>
   </trkpt>
   <trkpt lat="42.78407000000001" lon="2.68561">
    <ele>83.24000000000001</ele>
   </trkpt>
   <trkpt lat="42.7839" lon="2.6859100000000002">
    <ele>83.01</ele>
   </trkpt>
   <trkpt lat="42.783530000874414" lon="2.686325002339814">
    <ele>82.34</ele>
   </trkpt>
   <trkpt lat="42.78316" lon="2.6867400000000004">
    <ele>82.12</ele>
   </trkpt>
   <trkpt lat="42.78287" lon="2.68711">
    <ele>82.01</ele>
   </trkpt>
   <trkpt lat="42.782590000000006" lon="2.6875600000000004">
    <ele>82.05000000000001</ele>
   </trkpt>
   <trkpt lat="42.78235" lon="2.6880800000000002">
    <ele>82.22</ele>
   </trkpt>
   <trkpt lat="42.78204" lon="2.68887">
    <ele>82.64</ele>
   </trkpt>
   <trkpt lat="42.78175" lon="2.68933">
    <ele>82.51</ele>
   </trkpt>
   <trkpt lat="42.781620000000004" lon="2.6895100000000003">
    <ele>82.23</ele>
   </trkpt>
   <trkpt lat="42.78137" lon="2.6897800000000003">
    <ele>82.12</ele>
   </trkpt>
   <trkpt lat="42.78089000000001" lon="2.6900600000000003">
    <ele>81.64</ele>
   </trkpt>
   <trkpt lat="42.78052" lon="2.6903200000000003">
    <ele>81.48</ele>
   </trkpt>
   <trkpt lat="42.780260000000006" lon="2.69058">
    <ele>81.43</ele>
   </trkpt>
   <trkpt lat="42.780010000000004" lon="2.69098">
    <ele>81.33000000000001</ele>
   </trkpt>
   <trkpt lat="42.77975000000001" lon="2.6914700000000003">
    <ele>81.38000000000001</ele>
   </trkpt>
   <trkpt lat="42.779610000000005" lon="2.69187">
    <ele>81.32000000000001</ele>
   </trkpt>
   <trkpt lat="42.779310005473825" lon="2.692990005363405">
    <ele>81.16000000000001</ele>
   </trkpt>
   <trkpt lat="42.77901000000001" lon="2.6941100000000002">
    <ele>81.13000000000001</ele>
   </trkpt>
   <trkpt lat="42.77888" lon="2.69438">
    <ele>81.09</ele>
   </trkpt>
   <trkpt lat="42.77839" lon="2.6949500000000004">
    <ele>81.08000000000001</ele>
   </trkpt>
   <trkpt lat="42.77823" lon="2.69516">
    <ele>81.04</ele>
   </trkpt>
   <trkpt lat="42.778090000000006" lon="2.6954200000000004">
    <ele>81.07000000000001</ele>
   </trkpt>
   <trkpt lat="42.777750000000005" lon="2.6964900000000003">
    <ele>81.07000000000001</ele>
   </trkpt>
   <trkpt lat="42.777660000000004" lon="2.6966500000000004">
    <ele>81.07000000000001</ele>
   </trkpt>
   <trkpt lat="42.77761" lon="2.6967000000000003">
    <ele>81.07000000000001</ele>
   </trkpt>
   <trkpt lat="42.77745" lon="2.69672">
    <ele>81.06</ele>
   </trkpt>
   <trkpt lat="42.77741" lon="2.69668">
    <ele>81.03</ele>
   </trkpt>
   <trkpt lat="42.777350000000006" lon="2.6966900000000003">
    <ele>81.03</ele>
   </trkpt>
   <trkpt lat="42.777330000000006" lon="2.69672">
    <ele>81.03</ele>
   </trkpt>
   <trkpt lat="42.77723" lon="2.6967000000000003">
    <ele>80.88000000000001</ele>
   </trkpt>
   <trkpt lat="42.77652500087459" lon="2.696234994662519">
    <ele>80.53</ele>
   </trkpt>
   <trkpt lat="42.77582" lon="2.69577">
    <ele>79.48</ele>
   </trkpt>
   <trkpt lat="42.775470000000006" lon="2.6956100000000003">
    <ele>78.79</ele>
   </trkpt>
   <trkpt lat="42.775110000000005" lon="2.69553">
    <ele>78.24000000000001</ele>
   </trkpt>
   <trkpt lat="42.77487" lon="2.69552">
    <ele>78.15</ele>
   </trkpt>
   <trkpt lat="42.774420000000006" lon="2.69566">
    <ele>77.99000000000001</ele>
   </trkpt>
   <trkpt lat="42.77398" lon="2.6959600000000004">
    <ele>77.94000000000001</ele>
   </trkpt>
   <trkpt lat="42.77384000000001" lon="2.6960900000000003">
    <ele>77.92</ele>
   </trkpt>
   <trkpt lat="42.773430000000005" lon="2.69668">
    <ele>77.87</ele>
   </trkpt>
   <trkpt lat="42.773160000000004" lon="2.69729">
    <ele>77.68</ele>
   </trkpt>
   <trkpt lat="42.77286" lon="2.6979100000000003">
    <ele>77.67</ele>
   </trkpt>
   <trkpt lat="42.77277" lon="2.6981100000000002">
    <ele>77.72000000000001</ele>
   </trkpt>
   <trkpt lat="42.77237" lon="2.69783">
    <ele>78.2</ele>
   </trkpt>
   <trkpt lat="42.771820000000005" lon="2.6975800000000003">
    <ele>78.86</ele>
   </trkpt>
   <trkpt lat="42.77160000000001" lon="2.6973900000000004">
    <ele>79.0</ele>
   </trkpt>
   <trkpt lat="42.77101000465731" lon="2.6966599861181924">
    <ele>79.45</ele>
   </trkpt>
   <trkpt lat="42.77042000467818" lon="2.6959299861442214">
    <ele>79.94000000000001</ele>
   </trkpt>
   <trkpt lat="42.769830000000006" lon="2.6952000000000003">
    <ele>80.65</ele>
   </trkpt>
   <trkpt lat="42.76919000255774" lon="2.6944399922008935">
    <ele>82.39</ele>
   </trkpt>
   <trkpt lat="42.768550000000005" lon="2.69368">
    <ele>83.88000000000001</ele>
   </trkpt>
   <trkpt lat="42.768510000000006" lon="2.69369">
    <ele>83.88000000000001</ele>
   </trkpt>
   <trkpt lat="42.768460000000005" lon="2.69367">
    <ele>83.88000000000001</ele>
   </trkpt>
   <trkpt lat="42.76841" lon="2.69361">
    <ele>84.04</ele>
   </trkpt>
   <trkpt lat="42.768390000000004" lon="2.69356">
    <ele>84.04</ele>
   </trkpt>
   <trkpt lat="42.76840000000001" lon="2.6934500000000003">
    <ele>84.04</ele>
   </trkpt>
   <trkpt lat="42.7683" lon="2.69335">
    <ele>84.33</ele>
   </trkpt>
   <trkpt lat="42.767720000000004" lon="2.6926200000000002">
    <ele>86.37</ele>
   </trkpt>
   <trkpt lat="42.767300000000006" lon="2.6920400000000004">
    <ele>87.25</ele>
   </trkpt>
   <trkpt lat="42.76682500271366" lon="2.691254994035218">
    <ele>87.38000000000001</ele>
   </trkpt>
   <trkpt lat="42.76635" lon="2.6904700000000004">
    <ele>87.65</ele>
   </trkpt>
   <trkpt lat="42.765790003247695" lon="2.6896099922723797">
    <ele>87.74000000000001</ele>
   </trkpt>
   <trkpt lat="42.76523" lon="2.68875">
    <ele>88.45</ele>
   </trkpt>
   <trkpt lat="42.76484000000001" lon="2.68813">
    <ele>89.42000000000002</ele>
   </trkpt>
   <trkpt lat="42.76484000000001" lon="2.68812">
    <ele>89.43</ele>
   </trkpt>
   <trkpt lat="42.76434500275679" lon="2.68731499346683">
    <ele>91.9</ele>
   </trkpt>
   <trkpt lat="42.763850000000005" lon="2.68651">
    <ele>94.97000000000001</ele>
   </trkpt>
   <trkpt lat="42.76339" lon="2.6858000000000004">
    <ele>97.35000000000001</ele>
   </trkpt>
   <trkpt lat="42.76308" lon="2.68541">
    <ele>98.87</ele>
   </trkpt>
   <trkpt lat="42.76255000161052" lon="2.6849799926446045">
    <ele>101.22</ele>
   </trkpt>
   <trkpt lat="42.7620200016124" lon="2.6845499926462137">
    <ele>101.25</ele>
   </trkpt>
   <trkpt lat="42.76149" lon="2.68412">
    <ele>97.99000000000001</ele>
   </trkpt>
   <trkpt lat="42.761230000000005" lon="2.68387">
    <ele>96.93</ele>
   </trkpt>
   <trkpt lat="42.76098" lon="2.6836">
    <ele>96.29</ele>
   </trkpt>
   <trkpt lat="42.760580000000004" lon="2.68311">
    <ele>96.08000000000001</ele>
   </trkpt>
   <trkpt lat="42.75998667206079" lon="2.6823233182806376">
    <ele>96.09</ele>
   </trkpt>
   <trkpt lat="42.7593933387375" lon="2.681536651627566">
    <ele>96.61</ele>
   </trkpt>
   <trkpt lat="42.7588" lon="2.68075">
    <ele>96.96000000000001</ele>
   </trkpt>
   <trkpt lat="42.75820502315715" lon="2.679980933551085">
    <ele>98.41000000000001</ele>
   </trkpt>
   <trkpt lat="42.75761004116871" lon="2.679211881871107">
    <ele>99.93</ele>
   </trkpt>
   <trkpt lat="42.75701505403487" lon="2.6784428449596023">
    <ele>98.52000000000001</ele>
   </trkpt>
   <trkpt lat="42.75642006175586" lon="2.6776738228161068">
    <ele>98.36</ele>
   </trkpt>
   <trkpt lat="42.75582506433186" lon="2.676904815440159">
    <ele>98.5</ele>
   </trkpt>
   <trkpt lat="42.755230061763086" lon="2.6761358228312933">
    <ele>100.58</ele>
   </trkpt>
   <trkpt lat="42.75463505404975" lon="2.6753668449890466">
    <ele>102.27000000000001</ele>
   </trkpt>
   <trkpt lat="42.75404004119206" lon="2.674597881912956">
    <ele>104.59</ele>
   </trkpt>
   <trkpt lat="42.75344502319021" lon="2.6738289336025574">
    <ele>106.59</ele>
   </trkpt>
   <trkpt lat="42.75285" lon="2.6730600000000004">
    <ele>107.75000000000001</ele>
   </trkpt>
   <trkpt lat="42.75230000687623" lon="2.672334980721034">
    <ele>108.45</ele>
   </trkpt>
   <trkpt lat="42.751750009179474" lon="2.6716099743098165">
    <ele>108.73</ele>
   </trkpt>
   <trkpt lat="42.75120000690988" lon="2.6708849807659787">
    <ele>109.49</ele>
   </trkpt>
   <trkpt lat="42.75065" lon="2.67016">
    <ele>111.24000000000001</ele>
   </trkpt>
   <trkpt lat="42.75032" lon="2.66981">
    <ele>113.26</ele>
   </trkpt>
   <trkpt lat="42.74969000158591" lon="2.6691999937682596">
    <ele>115.34</ele>
   </trkpt>
   <trkpt lat="42.74906" lon="2.66859">
    <ele>117.34000000000002</ele>
   </trkpt>
   <trkpt lat="42.74886" lon="2.6684300000000003">
    <ele>117.34000000000002</ele>
   </trkpt>
   <trkpt lat="42.748720000000006" lon="2.66835">
    <ele>118.07000000000001</ele>
   </trkpt>
   <trkpt lat="42.748580000000004" lon="2.66832">
    <ele>118.93</ele>
   </trkpt>
   <trkpt lat="42.74842" lon="2.66833">
    <ele>118.93</ele>
   </trkpt>
   <trkpt lat="42.74828" lon="2.6683800000000004">
    <ele>119.76</ele>
   </trkpt>
   <trkpt lat="42.74814000000001" lon="2.6685100000000004">
    <ele>120.15</ele>
   </trkpt>
   <trkpt lat="42.748070000000006" lon="2.66866">
    <ele>120.15</ele>
   </trkpt>
   <trkpt lat="42.74803" lon="2.66886">
    <ele>120.86000000000001</ele>
   </trkpt>
   <trkpt lat="42.74806" lon="2.6694500000000003">
    <ele>122.08000000000001</ele>
   </trkpt>
   <trkpt lat="42.74804" lon="2.66968">
    <ele>122.65</ele>
   </trkpt>
   <trkpt lat="42.747960000000006" lon="2.6699200000000003">
    <ele>123.48</ele>
   </trkpt>
   <trkpt lat="42.74785000000001" lon="2.6701">
    <ele>124.08000000000001</ele>
   </trkpt>
   <trkpt lat="42.74772" lon="2.67022">
    <ele>124.72000000000001</ele>
   </trkpt>
   <trkpt lat="42.74752" lon="2.6702700000000004">
    <ele>125.33</ele>
   </trkpt>
   <trkpt lat="42.747330000000005" lon="2.6702000000000004">
    <ele>126.86</ele>
   </trkpt>
   <trkpt lat="42.747220000000006" lon="2.67008">
    <ele>126.86</ele>
   </trkpt>
   <trkpt lat="42.747110000000006" lon="2.6699100000000002">
    <ele>127.67</ele>
   </trkpt>
   <trkpt lat="42.747080000000004" lon="2.6696600000000004">
    <ele>128.79000000000002</ele>
   </trkpt>
   <trkpt lat="42.747110000000006" lon="2.66923">
    <ele>130.74</ele>
   </trkpt>
   <trkpt lat="42.74707" lon="2.66908">
    <ele>130.74</ele>
   </trkpt>
   <trkpt lat="42.746970000000005" lon="2.6689200000000004">
    <ele>131.43</ele>
   </trkpt>
   <trkpt lat="42.746880000000004" lon="2.66889">
    <ele>131.79000000000002</ele>
   </trkpt>
   <trkpt lat="42.746790000000004" lon="2.6689200000000004">
    <ele>131.79000000000002</ele>
   </trkpt>
   <trkpt lat="42.74663" lon="2.66902">
    <ele>132.58</ele>
   </trkpt>
   <trkpt lat="42.746340000000004" lon="2.6692400000000003">
    <ele>134.51000000000002</ele>
   </trkpt>
   <trkpt lat="42.746190000000006" lon="2.6693100000000003">
    <ele>134.51000000000002</ele>
   </trkpt>
   <trkpt lat="42.746" lon="2.66935">
    <ele>136.45000000000002</ele>
   </trkpt>
   <trkpt lat="42.74586" lon="2.66935">
    <ele>136.45000000000002</ele>
   </trkpt>
   <trkpt lat="42.74559" lon="2.66928">
    <ele>138.26000000000002</ele>
   </trkpt>
   <trkpt lat="42.745400000000004" lon="2.66914">
    <ele>138.26000000000002</ele>
   </trkpt>
   <trkpt lat="42.744770001590105" lon="2.6685399939256036">
    <ele>142.54</ele>
   </trkpt>
   <trkpt lat="42.74414" lon="2.66794">
    <ele>146.02</ele>
   </trkpt>
   <trkpt lat="42.743610000000004" lon="2.6674800000000003">
    <ele>149.61</ele>
   </trkpt>
   <trkpt lat="42.743430000000004" lon="2.66739">
    <ele>150.58</ele>
   </trkpt>
   <trkpt lat="42.743100000000005" lon="2.66726">
    <ele>152.33</ele>
   </trkpt>
   <trkpt lat="42.74275" lon="2.6672200000000004">
    <ele>154.48</ele>
   </trkpt>
   <trkpt lat="42.74242" lon="2.6672800000000003">
    <ele>155.75</ele>
   </trkpt>
   <trkpt lat="42.742270000000005" lon="2.6673400000000003">
    <ele>155.75</ele>
   </trkpt>
   <trkpt lat="42.742110000000004" lon="2.6674700000000002">
    <ele>158.64</ele>
   </trkpt>
   <trkpt lat="42.74184" lon="2.66778">
    <ele>158.64</ele>
   </trkpt>
   <trkpt lat="42.741690000000006" lon="2.6678800000000003">
    <ele>159.46</ele>
   </trkpt>
   <trkpt lat="42.741510000000005" lon="2.66794">
    <ele>160.41000000000003</ele>
   </trkpt>
   <trkpt lat="42.74139" lon="2.6679500000000003">
    <ele>161.65</ele>
   </trkpt>
   <trkpt lat="42.741220000000006" lon="2.66792">
    <ele>161.65</ele>
   </trkpt>
   <trkpt lat="42.74094" lon="2.6677400000000002">
    <ele>163.73000000000002</ele>
   </trkpt>
   <trkpt lat="42.740730000000006" lon="2.6676300000000004">
    <ele>163.73000000000002</ele>
   </trkpt>
   <trkpt lat="42.74062000000001" lon="2.6676100000000003">
    <ele>164.96</ele>
   </trkpt>
   <trkpt lat="42.740500000000004" lon="2.6676300000000004">
    <ele>164.96</ele>
   </trkpt>
   <trkpt lat="42.740390000000005" lon="2.6676800000000003">
    <ele>166.14000000000001</ele>
   </trkpt>
   <trkpt lat="42.740260000000006" lon="2.66778">
    <ele>166.14000000000001</ele>
   </trkpt>
   <trkpt lat="42.74" lon="2.6681000000000004">
    <ele>167.18</ele>
   </trkpt>
   <trkpt lat="42.73989" lon="2.6681500000000002">
    <ele>168.57000000000002</ele>
   </trkpt>
   <trkpt lat="42.739760000000004" lon="2.6681800000000004">
    <ele>168.57000000000002</ele>
   </trkpt>
   <trkpt lat="42.73966" lon="2.66813">
    <ele>168.57000000000002</ele>
   </trkpt>
   <trkpt lat="42.73955" lon="2.66793">
    <ele>169.44</ele>
   </trkpt>
   <trkpt lat="42.73950000000001" lon="2.6676300000000004">
    <ele>170.65000000000003</ele>
   </trkpt>
   <trkpt lat="42.73950000000001" lon="2.66699">
    <ele>173.29000000000002</ele>
   </trkpt>
   <trkpt lat="42.739470000000004" lon="2.6668800000000004">
    <ele>173.29000000000002</ele>
   </trkpt>
   <trkpt lat="42.739380000000004" lon="2.6667300000000003">
    <ele>173.97</ele>
   </trkpt>
   <trkpt lat="42.73924" lon="2.66663">
    <ele>174.37000000000003</ele>
   </trkpt>
   <trkpt lat="42.73912000000001" lon="2.66663">
    <ele>175.28000000000003</ele>
   </trkpt>
   <trkpt lat="42.73899" lon="2.6666600000000003">
    <ele>175.28000000000003</ele>
   </trkpt>
   <trkpt lat="42.73886" lon="2.66678">
    <ele>176.44</ele>
   </trkpt>
   <trkpt lat="42.738780000000006" lon="2.66697">
    <ele>176.44</ele>
   </trkpt>
   <trkpt lat="42.7387" lon="2.6672700000000003">
    <ele>179.53000000000003</ele>
   </trkpt>
   <trkpt lat="42.738620000000004" lon="2.66745">
    <ele>179.53000000000003</ele>
   </trkpt>
   <trkpt lat="42.73847000000001" lon="2.6675600000000004">
    <ele>179.89000000000001</ele>
   </trkpt>
   <trkpt lat="42.73834" lon="2.66758">
    <ele>180.55</ele>
   </trkpt>
   <trkpt lat="42.73818000000001" lon="2.6675600000000004">
    <ele>180.94000000000003</ele>
   </trkpt>
   <trkpt lat="42.737500000000004" lon="2.66731">
    <ele>184.3</ele>
   </trkpt>
   <trkpt lat="42.737350000000006" lon="2.6672800000000003">
    <ele>185.45</ele>
   </trkpt>
   <trkpt lat="42.73724000000001" lon="2.6673">
    <ele>185.45</ele>
   </trkpt>
   <trkpt lat="42.73713" lon="2.6673500000000003">
    <ele>187.3</ele>
   </trkpt>
   <trkpt lat="42.73702" lon="2.66745">
    <ele>187.3</ele>
   </trkpt>
   <trkpt lat="42.73684" lon="2.6677700000000004">
    <ele>188.28</ele>
   </trkpt>
   <trkpt lat="42.73675" lon="2.66786">
    <ele>188.28</ele>
   </trkpt>
   <trkpt lat="42.736630000000005" lon="2.66791">
    <ele>190.08</ele>
   </trkpt>
   <trkpt lat="42.736540000000005" lon="2.6679000000000004">
    <ele>190.08</ele>
   </trkpt>
   <trkpt lat="42.736450000000005" lon="2.66785">
    <ele>190.08</ele>
   </trkpt>
   <trkpt lat="42.736160000000005" lon="2.6675600000000004">
    <ele>191.92000000000002</ele>
   </trkpt>
   <trkpt lat="42.736000000000004" lon="2.66745">
    <ele>193.05</ele>
   </trkpt>
   <trkpt lat="42.73588" lon="2.6674">
    <ele>193.05</ele>
   </trkpt>
   <trkpt lat="42.735730000000004" lon="2.66737">
    <ele>195.37</ele>
   </trkpt>
   <trkpt lat="42.73548" lon="2.6674100000000003">
    <ele>195.37</ele>
   </trkpt>
   <trkpt lat="42.735010000539944" lon="2.6677350024074484">
    <ele>197.75</ele>
   </trkpt>
   <trkpt lat="42.73454" lon="2.66806">
    <ele>201.25</ele>
   </trkpt>
   <trkpt lat="42.73431" lon="2.6682400000000004">
    <ele>202.20000000000002</ele>
   </trkpt>
   <trkpt lat="42.734100000000005" lon="2.6685700000000003">
    <ele>204.64000000000001</ele>
   </trkpt>
   <trkpt lat="42.734030000000004" lon="2.6687700000000003">
    <ele>204.64000000000001</ele>
   </trkpt>
   <trkpt lat="42.73395" lon="2.6691900000000004">
    <ele>205.64000000000001</ele>
   </trkpt>
   <trkpt lat="42.73389" lon="2.66934">
    <ele>206.68000000000004</ele>
   </trkpt>
   <trkpt lat="42.7338" lon="2.6693900000000004">
    <ele>206.68000000000004</ele>
   </trkpt>
   <trkpt lat="42.73368000000001" lon="2.6694000000000004">
    <ele>207.3</ele>
   </trkpt>
   <trkpt lat="42.7334" lon="2.6693000000000002">
    <ele>208.02</ele>
   </trkpt>
   <trkpt lat="42.73328" lon="2.6693100000000003">
    <ele>210.8</ele>
   </trkpt>
   <trkpt lat="42.733180000000004" lon="2.6694000000000004">
    <ele>210.8</ele>
   </trkpt>
   <trkpt lat="42.733050000000006" lon="2.66962">
    <ele>211.72000000000003</ele>
   </trkpt>
   <trkpt lat="42.732745002389215" lon="2.6703700038296954">
    <ele>213.55</ele>
   </trkpt>
   <trkpt lat="42.732440000000004" lon="2.67112">
    <ele>217.35000000000002</ele>
   </trkpt>
   <trkpt lat="42.732310000000005" lon="2.67137">
    <ele>217.96</ele>
   </trkpt>
   <trkpt lat="42.731700000000004" lon="2.6720900000000003">
    <ele>222.22000000000003</ele>
   </trkpt>
   <trkpt lat="42.73158" lon="2.6721700000000004">
    <ele>222.22000000000003</ele>
   </trkpt>
   <trkpt lat="42.73147" lon="2.67218">
    <ele>223.65</ele>
   </trkpt>
   <trkpt lat="42.731390000000005" lon="2.6721500000000002">
    <ele>223.65</ele>
   </trkpt>
   <trkpt lat="42.731320000000004" lon="2.6720800000000002">
    <ele>223.65</ele>
   </trkpt>
   <trkpt lat="42.73129" lon="2.6719600000000003">
    <ele>224.91000000000003</ele>
   </trkpt>
   <trkpt lat="42.731280000000005" lon="2.67185">
    <ele>224.91000000000003</ele>
   </trkpt>
   <trkpt lat="42.731355001659544" lon="2.671235000625707">
    <ele>226.0</ele>
   </trkpt>
   <trkpt lat="42.73143" lon="2.6706200000000004">
    <ele>228.34</ele>
   </trkpt>
   <trkpt lat="42.73142" lon="2.67043">
    <ele>230.05000000000004</ele>
   </trkpt>
   <trkpt lat="42.73134" lon="2.6702500000000002">
    <ele>230.05000000000004</ele>
   </trkpt>
   <trkpt lat="42.731230000000004" lon="2.67016">
    <ele>231.88000000000002</ele>
   </trkpt>
   <trkpt lat="42.73111" lon="2.6701400000000004">
    <ele>231.88000000000002</ele>
   </trkpt>
   <trkpt lat="42.731010000000005" lon="2.67016">
    <ele>231.88000000000002</ele>
   </trkpt>
   <trkpt lat="42.730900000000005" lon="2.67029">
    <ele>232.52000000000004</ele>
   </trkpt>
   <trkpt lat="42.7306450015497" lon="2.670890002504853">
    <ele>234.84</ele>
   </trkpt>
   <trkpt lat="42.73039000000001" lon="2.6714900000000004">
    <ele>237.66</ele>
   </trkpt>
   <trkpt lat="42.730290000000004" lon="2.67165">
    <ele>237.66</ele>
   </trkpt>
   <trkpt lat="42.73019" lon="2.67171">
    <ele>238.49</ele>
   </trkpt>
   <trkpt lat="42.73006" lon="2.67171">
    <ele>239.15000000000003</ele>
   </trkpt>
   <trkpt lat="42.72997" lon="2.67166">
    <ele>239.15000000000003</ele>
   </trkpt>
   <trkpt lat="42.7299" lon="2.67153">
    <ele>240.20000000000002</ele>
   </trkpt>
   <trkpt lat="42.72988" lon="2.67132">
    <ele>240.20000000000002</ele>
   </trkpt>
   <trkpt lat="42.72993000269784" lon="2.670530000901542">
    <ele>243.37000000000003</ele>
   </trkpt>
   <trkpt lat="42.729980000000005" lon="2.66974">
    <ele>244.82</ele>
   </trkpt>
   <trkpt lat="42.72997" lon="2.66949">
    <ele>247.48000000000002</ele>
   </trkpt>
   <trkpt lat="42.72993" lon="2.66927">
    <ele>247.48000000000002</ele>
   </trkpt>
   <trkpt lat="42.72975" lon="2.66909">
    <ele>248.51</ele>
   </trkpt>
   <trkpt lat="42.729600000000005" lon="2.66908">
    <ele>248.51</ele>
   </trkpt>
   <trkpt lat="42.72948" lon="2.66913">
    <ele>250.37000000000003</ele>
   </trkpt>
   <trkpt lat="42.72900500093267" lon="2.6696300039917955">
    <ele>252.12</ele>
   </trkpt>
   <trkpt lat="42.728530000000006" lon="2.6701300000000003">
    <ele>255.62</ele>
   </trkpt>
   <trkpt lat="42.7284" lon="2.6702000000000004">
    <ele>255.62</ele>
   </trkpt>
   <trkpt lat="42.72823" lon="2.67016">
    <ele>257.09000000000003</ele>
   </trkpt>
   <trkpt lat="42.727990000000005" lon="2.6700000000000004">
    <ele>257.09000000000003</ele>
   </trkpt>
   <trkpt lat="42.72787" lon="2.66995">
    <ele>259.02000000000004</ele>
   </trkpt>
   <trkpt lat="42.727740000000004" lon="2.6699300000000004">
    <ele>259.02000000000004</ele>
   </trkpt>
   <trkpt lat="42.72749" lon="2.67004">
    <ele>261.32</ele>
   </trkpt>
   <trkpt lat="42.72737" lon="2.6700500000000003">
    <ele>261.32</ele>
   </trkpt>
   <trkpt lat="42.727270000000004" lon="2.6700100000000004">
    <ele>261.32</ele>
   </trkpt>
   <trkpt lat="42.727070000000005" lon="2.6698000000000004">
    <ele>262.32</ele>
   </trkpt>
   <trkpt lat="42.726800000000004" lon="2.6692500000000003">
    <ele>264.28000000000003</ele>
   </trkpt>
   <trkpt lat="42.72674000000001" lon="2.6691800000000003">
    <ele>264.37</ele>
   </trkpt>
   <trkpt lat="42.72666" lon="2.66913">
    <ele>264.37</ele>
   </trkpt>
   <trkpt lat="42.72639" lon="2.66914">
    <ele>264.22</ele>
   </trkpt>
   <trkpt lat="42.72626" lon="2.6691900000000004">
    <ele>263.97</ele>
   </trkpt>
   <trkpt lat="42.72608" lon="2.6693300000000004">
    <ele>263.64000000000004</ele>
   </trkpt>
   <trkpt lat="42.725910000000006" lon="2.6694600000000004">
    <ele>263.32</ele>
   </trkpt>
   <trkpt lat="42.72580000000001" lon="2.66948">
    <ele>262.78000000000003</ele>
   </trkpt>
   <trkpt lat="42.72543" lon="2.6694400000000003">
    <ele>262.01</ele>
   </trkpt>
   <trkpt lat="42.72518" lon="2.66949">
    <ele>260.82</ele>
   </trkpt>
   <trkpt lat="42.72468500024778" lon="2.669680001481185">
    <ele>258.31000000000006</ele>
   </trkpt>
   <trkpt lat="42.72419" lon="2.6698700000000004">
    <ele>256.06</ele>
   </trkpt>
   <trkpt lat="42.72401000000001" lon="2.6699900000000003">
    <ele>255.42000000000004</ele>
   </trkpt>
   <trkpt lat="42.72374000000001" lon="2.6702500000000002">
    <ele>253.23000000000002</ele>
   </trkpt>
   <trkpt lat="42.723580000000005" lon="2.67049">
    <ele>252.25000000000003</ele>
   </trkpt>
   <trkpt lat="42.723490000000005" lon="2.67071">
    <ele>251.9</ele>
   </trkpt>
   <trkpt lat="42.723440000000004" lon="2.6709500000000004">
    <ele>251.07000000000002</ele>
   </trkpt>
   <trkpt lat="42.72346" lon="2.6714100000000003">
    <ele>250.47000000000003</ele>
   </trkpt>
   <trkpt lat="42.72345000000001" lon="2.67157">
    <ele>250.52</ele>
   </trkpt>
   <trkpt lat="42.72337" lon="2.6717500000000003">
    <ele>250.45</ele>
   </trkpt>
   <trkpt lat="42.723290000000006" lon="2.6718200000000003">
    <ele>250.31000000000003</ele>
   </trkpt>
   <trkpt lat="42.723150000000004" lon="2.6718100000000002">
    <ele>250.10000000000005</ele>
   </trkpt>
   <trkpt lat="42.72301" lon="2.6717400000000002">
    <ele>249.71</ele>
   </trkpt>
   <trkpt lat="42.72242000000001" lon="2.67131">
    <ele>247.53000000000003</ele>
   </trkpt>
   <trkpt lat="42.722260000000006" lon="2.67112">
    <ele>246.34000000000003</ele>
   </trkpt>
   <trkpt lat="42.72198" lon="2.6705">
    <ele>243.3</ele>
   </trkpt>
   <trkpt lat="42.72184" lon="2.67031">
    <ele>243.3</ele>
   </trkpt>
   <trkpt lat="42.72169" lon="2.67018">
    <ele>242.31000000000003</ele>
   </trkpt>
   <trkpt lat="42.721520000000005" lon="2.67011">
    <ele>241.48000000000002</ele>
   </trkpt>
   <trkpt lat="42.72119" lon="2.6700500000000003">
    <ele>240.28000000000003</ele>
   </trkpt>
   <trkpt lat="42.721050000000005" lon="2.6700000000000004">
    <ele>238.77</ele>
   </trkpt>
   <trkpt lat="42.720780000000005" lon="2.66976">
    <ele>238.0</ele>
   </trkpt>
   <trkpt lat="42.72054000000001" lon="2.6696700000000004">
    <ele>236.95000000000002</ele>
   </trkpt>
   <trkpt lat="42.72012500019006" lon="2.6694149982374307">
    <ele>235.60000000000002</ele>
   </trkpt>
   <trkpt lat="42.719710000000006" lon="2.66916">
    <ele>233.78</ele>
   </trkpt>
   <trkpt lat="42.719590000000004" lon="2.669">
    <ele>233.23000000000002</ele>
   </trkpt>
   <trkpt lat="42.71945" lon="2.6687200000000004">
    <ele>232.99000000000004</ele>
   </trkpt>
   <trkpt lat="42.71934" lon="2.6686500000000004">
    <ele>232.57000000000002</ele>
   </trkpt>
   <trkpt lat="42.7192" lon="2.6686400000000003">
    <ele>232.22</ele>
   </trkpt>
   <trkpt lat="42.71893" lon="2.6687100000000004">
    <ele>231.66000000000003</ele>
   </trkpt>
   <trkpt lat="42.718590000000006" lon="2.6688400000000003">
    <ele>230.35000000000002</ele>
   </trkpt>
   <trkpt lat="42.71806" lon="2.6691700000000003">
    <ele>227.8</ele>
   </trkpt>
   <trkpt lat="42.71757000017768" lon="2.6692850008799023">
    <ele>225.69000000000003</ele>
   </trkpt>
   <trkpt lat="42.71708" lon="2.6694000000000004">
    <ele>222.95000000000002</ele>
   </trkpt>
   <trkpt lat="42.716910000000006" lon="2.66949">
    <ele>222.52</ele>
   </trkpt>
   <trkpt lat="42.716390000000004" lon="2.66983">
    <ele>218.23</ele>
   </trkpt>
   <trkpt lat="42.71587" lon="2.6700700000000004">
    <ele>216.09</ele>
   </trkpt>
   <trkpt lat="42.71575000000001" lon="2.6700700000000004">
    <ele>216.09</ele>
   </trkpt>
   <trkpt lat="42.715430000000005" lon="2.66997">
    <ele>213.67000000000002</ele>
   </trkpt>
   <trkpt lat="42.71531" lon="2.6699800000000002">
    <ele>213.67000000000002</ele>
   </trkpt>
   <trkpt lat="42.71510000000001" lon="2.67009">
    <ele>212.49</ele>
   </trkpt>
   <trkpt lat="42.71441" lon="2.6708000000000003">
    <ele>208.46</ele>
   </trkpt>
   <trkpt lat="42.714310000000005" lon="2.6709500000000004">
    <ele>206.79000000000002</ele>
   </trkpt>
   <trkpt lat="42.71426" lon="2.67106">
    <ele>206.79000000000002</ele>
   </trkpt>
   <trkpt lat="42.71417" lon="2.6714900000000004">
    <ele>204.93000000000004</ele>
   </trkpt>
   <trkpt lat="42.71414" lon="2.6717500000000003">
    <ele>204.05</ele>
   </trkpt>
   <trkpt lat="42.71416000000001" lon="2.67192">
    <ele>203.58</ele>
   </trkpt>
   <trkpt lat="42.71423" lon="2.6721500000000002">
    <ele>202.77</ele>
   </trkpt>
   <trkpt lat="42.71448" lon="2.6725700000000003">
    <ele>199.47</ele>
   </trkpt>
   <trkpt lat="42.71455" lon="2.67274">
    <ele>197.73000000000002</ele>
   </trkpt>
   <trkpt lat="42.71457" lon="2.67302">
    <ele>196.41000000000003</ele>
   </trkpt>
   <trkpt lat="42.714560000000006" lon="2.67322">
    <ele>195.61</ele>
   </trkpt>
   <trkpt lat="42.714470000000006" lon="2.67355">
    <ele>194.86</ele>
   </trkpt>
   <trkpt lat="42.714110000000005" lon="2.6746000000000003">
    <ele>189.87</ele>
   </trkpt>
   <trkpt lat="42.71407000000001" lon="2.6748100000000004">
    <ele>188.83</ele>
   </trkpt>
   <trkpt lat="42.71413000177835" lon="2.6754499993473817">
    <ele>187.51000000000002</ele>
   </trkpt>
   <trkpt lat="42.71419" lon="2.6760900000000003">
    <ele>184.08</ele>
   </trkpt>
   <trkpt lat="42.714240000000004" lon="2.67627">
    <ele>183.29</ele>
   </trkpt>
   <trkpt lat="42.71432" lon="2.6764300000000003">
    <ele>182.83</ele>
   </trkpt>
   <trkpt lat="42.714560000000006" lon="2.67675">
    <ele>179.70000000000002</ele>
   </trkpt>
   <trkpt lat="42.71464" lon="2.6769600000000002">
    <ele>179.70000000000002</ele>
   </trkpt>
   <trkpt lat="42.714690000000004" lon="2.6772">
    <ele>178.62</ele>
   </trkpt>
   <trkpt lat="42.71468" lon="2.67741">
    <ele>178.20000000000002</ele>
   </trkpt>
   <trkpt lat="42.71463000000001" lon="2.6775900000000004">
    <ele>177.37000000000003</ele>
   </trkpt>
   <trkpt lat="42.7143" lon="2.67815">
    <ele>176.28000000000003</ele>
   </trkpt>
   <trkpt lat="42.714150000000004" lon="2.67849">
    <ele>176.12000000000003</ele>
   </trkpt>
   <trkpt lat="42.71398000000001" lon="2.67919">
    <ele>175.76000000000002</ele>
   </trkpt>
   <trkpt lat="42.7139" lon="2.6797500000000003">
    <ele>175.1</ele>
   </trkpt>
   <trkpt lat="42.71392" lon="2.6801000000000004">
    <ele>173.97</ele>
   </trkpt>
   <trkpt lat="42.71397" lon="2.68027">
    <ele>173.5</ele>
   </trkpt>
   <trkpt lat="42.71406" lon="2.68045">
    <ele>172.97</ele>
   </trkpt>
   <trkpt lat="42.7143" lon="2.6807000000000003">
    <ele>170.53</ele>
   </trkpt>
   <trkpt lat="42.71441" lon="2.6808400000000003">
    <ele>170.1</ele>
   </trkpt>
   <trkpt lat="42.714490000000005" lon="2.68101">
    <ele>169.45000000000002</ele>
   </trkpt>
   <trkpt lat="42.71454000000001" lon="2.6811800000000003">
    <ele>169.45000000000002</ele>
   </trkpt>
   <trkpt lat="42.714560000000006" lon="2.6814">
    <ele>169.29000000000002</ele>
   </trkpt>
   <trkpt lat="42.71453" lon="2.6815700000000002">
    <ele>169.41</ele>
   </trkpt>
   <trkpt lat="42.71448" lon="2.6817900000000003">
    <ele>169.21000000000004</ele>
   </trkpt>
   <trkpt lat="42.714400000000005" lon="2.68196">
    <ele>168.82000000000002</ele>
   </trkpt>
   <trkpt lat="42.71428" lon="2.68211">
    <ele>168.54000000000002</ele>
   </trkpt>
   <trkpt lat="42.7141" lon="2.68222">
    <ele>167.73000000000002</ele>
   </trkpt>
   <trkpt lat="42.71376" lon="2.68229">
    <ele>167.56</ele>
   </trkpt>
   <trkpt lat="42.713480000000004" lon="2.68243">
    <ele>166.84</ele>
   </trkpt>
   <trkpt lat="42.71292000076604" lon="2.6828450037320346">
    <ele>165.74</ele>
   </trkpt>
   <trkpt lat="42.712360000000004" lon="2.68326">
    <ele>165.23000000000002</ele>
   </trkpt>
   <trkpt lat="42.712180000000004" lon="2.68339">
    <ele>165.03</ele>
   </trkpt>
   <trkpt lat="42.712" lon="2.68346">
    <ele>164.41</ele>
   </trkpt>
   <trkpt lat="42.711270000021294" lon="2.6835250007642446">
    <ele>163.83</ele>
   </trkpt>
   <trkpt lat="42.71054" lon="2.68359">
    <ele>163.26000000000002</ele>
   </trkpt>
   <trkpt lat="42.710190000000004" lon="2.6836300000000004">
    <ele>162.84</ele>
   </trkpt>
   <trkpt lat="42.7094300001825" lon="2.6837450013891693">
    <ele>160.75</ele>
   </trkpt>
   <trkpt lat="42.708670000000005" lon="2.68386">
    <ele>158.05</ele>
   </trkpt>
   <trkpt lat="42.70832" lon="2.6839600000000003">
    <ele>157.38000000000002</ele>
   </trkpt>
   <trkpt lat="42.708070000000006" lon="2.68412">
    <ele>156.32000000000002</ele>
   </trkpt>
   <trkpt lat="42.707480002923454" lon="2.6845975136571467">
    <ele>154.25000000000003</ele>
   </trkpt>
   <trkpt lat="42.70689000386346" lon="2.6850750182371645">
    <ele>152.08</ele>
   </trkpt>
   <trkpt lat="42.706300002820115" lon="2.6855525137403835">
    <ele>148.51</ele>
   </trkpt>
   <trkpt lat="42.70571" lon="2.68603">
    <ele>144.3</ele>
   </trkpt>
   <trkpt lat="42.705540000000006" lon="2.68615">
    <ele>143.78000000000003</ele>
   </trkpt>
   <trkpt lat="42.70497" lon="2.6864500000000002">
    <ele>140.84000000000003</ele>
   </trkpt>
   <trkpt lat="42.70436" lon="2.6868800000000004">
    <ele>136.21</ele>
   </trkpt>
   <trkpt lat="42.70418" lon="2.68698">
    <ele>135.70000000000002</ele>
   </trkpt>
   <trkpt lat="42.70375000000001" lon="2.68712">
    <ele>133.83</ele>
   </trkpt>
   <trkpt lat="42.703660000000006" lon="2.68717">
    <ele>130.65</ele>
   </trkpt>
   <trkpt lat="42.70347" lon="2.6873500000000003">
    <ele>130.65</ele>
   </trkpt>
   <trkpt lat="42.702980000000004" lon="2.68791">
    <ele>126.64</ele>
   </trkpt>
   <trkpt lat="42.70290000000001" lon="2.6880300000000004">
    <ele>126.64</ele>
   </trkpt>
   <trkpt lat="42.70281000000001" lon="2.68827">
    <ele>123.96000000000001</ele>
   </trkpt>
   <trkpt lat="42.702580000000005" lon="2.68914">
    <ele>120.04</ele>
   </trkpt>
   <trkpt lat="42.702490000000004" lon="2.68934">
    <ele>118.28</ele>
   </trkpt>
   <trkpt lat="42.70228" lon="2.6895800000000003">
    <ele>115.27000000000001</ele>
   </trkpt>
   <trkpt lat="42.70179" lon="2.6900000000000004">
    <ele>112.79</ele>
   </trkpt>
   <trkpt lat="42.701710000000006" lon="2.6901400000000004">
    <ele>112.09</ele>
   </trkpt>
   <trkpt lat="42.70165" lon="2.69038">
    <ele>111.33000000000001</ele>
   </trkpt>
   <trkpt lat="42.701620000000005" lon="2.6910800000000004">
    <ele>108.55000000000001</ele>
   </trkpt>
   <trkpt lat="42.701570000000004" lon="2.69173">
    <ele>105.86000000000001</ele>
   </trkpt>
   <trkpt lat="42.701370000000004" lon="2.6924900000000003">
    <ele>104.0</ele>
   </trkpt>
   <trkpt lat="42.701160002024714" lon="2.6931750023693386">
    <ele>103.26</ele>
   </trkpt>
   <trkpt lat="42.700950000000006" lon="2.6938600000000004">
    <ele>102.10000000000001</ele>
   </trkpt>
   <trkpt lat="42.70087" lon="2.69402">
    <ele>102.01</ele>
   </trkpt>
   <trkpt lat="42.700750000000006" lon="2.6941800000000002">
    <ele>102.01</ele>
   </trkpt>
   <trkpt lat="42.70062" lon="2.69429">
    <ele>101.86</ele>
   </trkpt>
   <trkpt lat="42.70047" lon="2.6943900000000003">
    <ele>101.86</ele>
   </trkpt>
   <trkpt lat="42.69990000000001" lon="2.69469">
    <ele>102.12</ele>
   </trkpt>
   <trkpt lat="42.699760000000005" lon="2.6948000000000003">
    <ele>102.12</ele>
   </trkpt>
   <trkpt lat="42.699690000000004" lon="2.69492">
    <ele>102.21000000000001</ele>
   </trkpt>
   <trkpt lat="42.69964" lon="2.6951400000000003">
    <ele>102.18</ele>
   </trkpt>
   <trkpt lat="42.699600000000004" lon="2.696">
    <ele>101.30000000000001</ele>
   </trkpt>
   <trkpt lat="42.699540000000006" lon="2.69672">
    <ele>101.03</ele>
   </trkpt>
   <trkpt lat="42.6995" lon="2.69688">
    <ele>100.9</ele>
   </trkpt>
   <trkpt lat="42.699450000000006" lon="2.6969600000000002">
    <ele>100.77000000000001</ele>
   </trkpt>
   <trkpt lat="42.699380000000005" lon="2.6969900000000004">
    <ele>100.77000000000001</ele>
   </trkpt>
   <trkpt lat="42.69933" lon="2.6970400000000003">
    <ele>100.60000000000001</ele>
   </trkpt>
   <trkpt lat="42.69861" lon="2.6971200000000004">
    <ele>100.29</ele>
   </trkpt>
   <trkpt lat="42.69778000006865" lon="2.6970449969921457">
    <ele>101.56</ele>
   </trkpt>
   <trkpt lat="42.696950000088336" lon="2.6969699959893156">
    <ele>102.51</ele>
   </trkpt>
   <trkpt lat="42.69612000005912" lon="2.6968949969913982">
    <ele>102.19</ele>
   </trkpt>
   <trkpt lat="42.69529" lon="2.69682">
    <ele>101.43</ele>
   </trkpt>
   <trkpt lat="42.6953" lon="2.6966900000000003">
    <ele>99.45</ele>
   </trkpt>
   <trkpt lat="42.695420000000006" lon="2.69626">
    <ele>97.75</ele>
   </trkpt>
   <trkpt lat="42.695600000000006" lon="2.69584">
    <ele>97.04</ele>
   </trkpt>
   <trkpt lat="42.69568" lon="2.6953400000000003">
    <ele>96.9</ele>
   </trkpt>
   <trkpt lat="42.69596000000001" lon="2.69424">
    <ele>97.46000000000001</ele>
   </trkpt>
   <trkpt lat="42.69617000249875" lon="2.693480002618442">
    <ele>97.65</ele>
   </trkpt>
   <trkpt lat="42.696380000000005" lon="2.69272">
    <ele>97.79</ele>
   </trkpt>
   <trkpt lat="42.696560000000005" lon="2.69226">
    <ele>97.79</ele>
   </trkpt>
   <trkpt lat="42.696630000000006" lon="2.69192">
    <ele>97.88000000000001</ele>
   </trkpt>
   <trkpt lat="42.69670000000001" lon="2.69172">
    <ele>98.21000000000001</ele>
   </trkpt>
   <trkpt lat="42.6968" lon="2.69151">
    <ele>98.28</ele>
   </trkpt>
   <trkpt lat="42.69705000269183" lon="2.690740002751412">
    <ele>98.23</ele>
   </trkpt>
   <trkpt lat="42.697300000000006" lon="2.68997">
    <ele>99.38000000000001</ele>
   </trkpt>
   <trkpt lat="42.697320000000005" lon="2.6898400000000002">
    <ele>99.47</ele>
   </trkpt>
   <trkpt lat="42.69729" lon="2.68961">
    <ele>99.59</ele>
   </trkpt>
   <trkpt lat="42.697250000000004" lon="2.68948">
    <ele>99.53</ele>
   </trkpt>
   <trkpt lat="42.697070000000004" lon="2.68908">
    <ele>99.09</ele>
   </trkpt>
   <trkpt lat="42.697030000000005" lon="2.68894">
    <ele>99.09</ele>
   </trkpt>
   <trkpt lat="42.697030000000005" lon="2.68881">
    <ele>99.17</ele>
   </trkpt>
   <trkpt lat="42.69709" lon="2.6887100000000004">
    <ele>99.17</ele>
   </trkpt>
   <trkpt lat="42.6972" lon="2.6886500000000004">
    <ele>98.96000000000001</ele>
   </trkpt>
   <trkpt lat="42.69769" lon="2.6885100000000004">
    <ele>99.94000000000001</ele>
   </trkpt>
   <trkpt lat="42.69776" lon="2.6884300000000003">
    <ele>100.09</ele>
   </trkpt>
   <trkpt lat="42.69791" lon="2.6877000000000004">
    <ele>100.57000000000001</ele>
   </trkpt>
   <trkpt lat="42.69794" lon="2.68726">
    <ele>100.79</ele>
   </trkpt>
   <trkpt lat="42.69801500159787" lon="2.6866550006829506">
    <ele>100.9</ele>
   </trkpt>
   <trkpt lat="42.69809" lon="2.6860500000000003">
    <ele>101.03</ele>
   </trkpt>
   <trkpt lat="42.69818500400185" lon="2.6850900015335566">
    <ele>100.59000000000002</ele>
   </trkpt>
   <trkpt lat="42.698280000000004" lon="2.68413">
    <ele>100.42</ele>
   </trkpt>
   <trkpt lat="42.69839" lon="2.68332">
    <ele>99.88000000000001</ele>
   </trkpt>
   <trkpt lat="42.698420000000006" lon="2.68283">
    <ele>99.80000000000001</ele>
   </trkpt>
   <trkpt lat="42.69836" lon="2.68228">
    <ele>99.9</ele>
   </trkpt>
   <trkpt lat="42.698370000000004" lon="2.6821200000000003">
    <ele>99.9</ele>
   </trkpt>
   <trkpt lat="42.698460000000004" lon="2.6816400000000002">
    <ele>100.23000000000002</ele>
   </trkpt>
   <trkpt lat="42.698620000000005" lon="2.6811900000000004">
    <ele>100.65</ele>
   </trkpt>
   <trkpt lat="42.69874500452987" lon="2.6801700020133596">
    <ele>101.46000000000001</ele>
   </trkpt>
   <trkpt lat="42.69887000000001" lon="2.6791500000000004">
    <ele>102.09000000000002</ele>
   </trkpt>
   <trkpt lat="42.69895" lon="2.6781300000000003">
    <ele>103.27000000000001</ele>
   </trkpt>
   <trkpt lat="42.698980000000006" lon="2.67736">
    <ele>104.01</ele>
   </trkpt>
   <trkpt lat="42.69896000000001" lon="2.67654">
    <ele>104.48</ele>
   </trkpt>
   <trkpt lat="42.69892" lon="2.67586">
    <ele>104.99000000000001</ele>
   </trkpt>
   <trkpt lat="42.698820000000005" lon="2.67469">
    <ele>105.94</ele>
   </trkpt>
   <trkpt lat="42.69877" lon="2.67465">
    <ele>105.94</ele>
   </trkpt>
   <trkpt lat="42.698510000000006" lon="2.67469">
    <ele>105.89000000000001</ele>
   </trkpt>
   <trkpt lat="42.69845" lon="2.67465">
    <ele>105.89000000000001</ele>
   </trkpt>
   <trkpt lat="42.69840000000001" lon="2.6745400000000004">
    <ele>105.9</ele>
   </trkpt>
   <trkpt lat="42.698350000000005" lon="2.6740700000000004">
    <ele>106.21000000000001</ele>
   </trkpt>
   <trkpt lat="42.69838" lon="2.6739800000000002">
    <ele>106.27</ele>
   </trkpt>
   <trkpt lat="42.69865" lon="2.67389">
    <ele>106.14000000000001</ele>
   </trkpt>
   <trkpt lat="42.698690000000006" lon="2.67383">
    <ele>106.14000000000001</ele>
   </trkpt>
   <trkpt lat="42.698690000000006" lon="2.6737200000000003">
    <ele>105.95</ele>
   </trkpt>
   <trkpt lat="42.698460000000004" lon="2.6725700000000003">
    <ele>106.10000000000001</ele>
   </trkpt>
   <trkpt lat="42.69829" lon="2.67187">
    <ele>106.32000000000001</ele>
   </trkpt>
   <trkpt lat="42.69807500182227" lon="2.6712249978053797">
    <ele>106.43</ele>
   </trkpt>
   <trkpt lat="42.697860000000006" lon="2.67058">
    <ele>107.31</ele>
   </trkpt>
   <trkpt lat="42.697500000000005" lon="2.66955">
    <ele>107.93</ele>
   </trkpt>
   <trkpt lat="42.69704" lon="2.6685600000000003">
    <ele>108.44000000000001</ele>
   </trkpt>
   <trkpt lat="42.69664333840442" lon="2.6677966569198936">
    <ele>108.82000000000001</ele>
   </trkpt>
   <trkpt lat="42.696246671740376" lon="2.6670333235917343">
    <ele>109.12</ele>
   </trkpt>
   <trkpt lat="42.69585" lon="2.6662700000000004">
    <ele>111.2</ele>
   </trkpt>
   <trkpt lat="42.695570000000004" lon="2.6659400000000004">
    <ele>111.47000000000001</ele>
   </trkpt>
   <trkpt lat="42.69541" lon="2.6657">
    <ele>110.85000000000001</ele>
   </trkpt>
   <trkpt lat="42.69541" lon="2.66534">
    <ele>110.62</ele>
   </trkpt>
   <trkpt lat="42.69536" lon="2.66521">
    <ele>110.62</ele>
   </trkpt>
   <trkpt lat="42.69494000309346" lon="2.6643549940426494">
    <ele>110.45</ele>
   </trkpt>
   <trkpt lat="42.694520000000004" lon="2.6635000000000004">
    <ele>111.29</ele>
   </trkpt>
   <trkpt lat="42.694320000000005" lon="2.6632900000000004">
    <ele>111.46000000000001</ele>
   </trkpt>
   <trkpt lat="42.694190000000006" lon="2.66311">
    <ele>111.54</ele>
   </trkpt>
   <trkpt lat="42.694" lon="2.6627400000000003">
    <ele>111.87</ele>
   </trkpt>
   <trkpt lat="42.69379000000001" lon="2.6622000000000003">
    <ele>111.98</ele>
   </trkpt>
   <trkpt lat="42.693740000000005" lon="2.6619800000000002">
    <ele>111.93</ele>
   </trkpt>
   <trkpt lat="42.693720000000006" lon="2.6614500000000003">
    <ele>112.08000000000001</ele>
   </trkpt>
   <trkpt lat="42.69346" lon="2.66054">
    <ele>112.80000000000001</ele>
   </trkpt>
   <trkpt lat="42.693270000000005" lon="2.65966">
    <ele>112.88000000000001</ele>
   </trkpt>
   <trkpt lat="42.69315" lon="2.65864">
    <ele>112.77000000000001</ele>
   </trkpt>
   <trkpt lat="42.6931" lon="2.65748">
    <ele>114.32000000000001</ele>
   </trkpt>
   <trkpt lat="42.6931" lon="2.6563000000000003">
    <ele>114.45</ele>
   </trkpt>
   <trkpt lat="42.693130000000004" lon="2.6552300000000004">
    <ele>114.90000000000002</ele>
   </trkpt>
   <trkpt lat="42.69332000000001" lon="2.6541900000000003">
    <ele>115.18</ele>
   </trkpt>
   <trkpt lat="42.69340501298686" lon="2.653192504043294">
    <ele>115.17</ele>
   </trkpt>
   <trkpt lat="42.69349001731883" lon="2.652195005355869">
    <ele>115.72</ele>
   </trkpt>
   <trkpt lat="42.69357501299587" lon="2.651197503937987">
    <ele>116.88000000000001</ele>
   </trkpt>
   <trkpt lat="42.69366" lon="2.6502000000000003">
    <ele>117.38000000000001</ele>
   </trkpt>
   <trkpt lat="42.693720000000006" lon="2.64907">
    <ele>117.57000000000001</ele>
   </trkpt>
   <trkpt lat="42.69371" lon="2.64785">
    <ele>117.75</ele>
   </trkpt>
   <trkpt lat="42.693630000000006" lon="2.6476400000000004">
    <ele>117.63000000000001</ele>
   </trkpt>
   <trkpt lat="42.69339" lon="2.64746">
    <ele>118.11</ele>
   </trkpt>
   <trkpt lat="42.693340000000006" lon="2.64739">
    <ele>118.11</ele>
   </trkpt>
   <trkpt lat="42.69344" lon="2.64671">
    <ele>118.06000000000002</ele>
   </trkpt>
   <trkpt lat="42.69344" lon="2.6464100000000004">
    <ele>118.13000000000001</ele>
   </trkpt>
   <trkpt lat="42.69331000165774" lon="2.64579999890805">
    <ele>118.5</ele>
   </trkpt>
   <trkpt lat="42.693180000000005" lon="2.6451900000000004">
    <ele>118.87</ele>
   </trkpt>
   <trkpt lat="42.6931" lon="2.6450500000000003">
    <ele>118.97</ele>
   </trkpt>
   <trkpt lat="42.69294" lon="2.6449200000000004">
    <ele>119.24000000000001</ele>
   </trkpt>
   <trkpt lat="42.692840000000004" lon="2.6447900000000004">
    <ele>119.38000000000001</ele>
   </trkpt>
   <trkpt lat="42.69248" lon="2.64373">
    <ele>119.49000000000001</ele>
   </trkpt>
   <trkpt lat="42.69227" lon="2.64318">
    <ele>119.73</ele>
   </trkpt>
   <trkpt lat="42.692150000000005" lon="2.64299">
    <ele>119.73</ele>
   </trkpt>
   <trkpt lat="42.69167" lon="2.6424200000000004">
    <ele>120.57000000000001</ele>
   </trkpt>
   <trkpt lat="42.6912" lon="2.64176">
    <ele>120.71000000000001</ele>
   </trkpt>
   <trkpt lat="42.69106" lon="2.6416600000000003">
    <ele>120.9</ele>
   </trkpt>
   <trkpt lat="42.690920000000006" lon="2.64162">
    <ele>121.21000000000001</ele>
   </trkpt>
   <trkpt lat="42.690720000000006" lon="2.64168">
    <ele>121.54</ele>
   </trkpt>
   <trkpt lat="42.690650000000005" lon="2.64168">
    <ele>121.54</ele>
   </trkpt>
   <trkpt lat="42.69046" lon="2.64149">
    <ele>121.71000000000001</ele>
   </trkpt>
   <trkpt lat="42.690020000000004" lon="2.6412000000000004">
    <ele>122.2</ele>
   </trkpt>
   <trkpt lat="42.689820000000005" lon="2.64089">
    <ele>122.82000000000001</ele>
   </trkpt>
   <trkpt lat="42.68972" lon="2.64066">
    <ele>123.01</ele>
   </trkpt>
   <trkpt lat="42.68979" lon="2.6405700000000003">
    <ele>122.86000000000001</ele>
   </trkpt>
   <trkpt lat="42.689800000000005" lon="2.6404500000000004">
    <ele>122.8</ele>
   </trkpt>
   <trkpt lat="42.68967000000001" lon="2.6399800000000004">
    <ele>122.8</ele>
   </trkpt>
   <trkpt lat="42.689410001158684" lon="2.6394799980443615">
    <ele>122.95</ele>
   </trkpt>
   <trkpt lat="42.689150000000005" lon="2.63898">
    <ele>123.42000000000002</ele>
   </trkpt>
   <trkpt lat="42.68872" lon="2.6380500000000002">
    <ele>123.82000000000001</ele>
   </trkpt>
   <trkpt lat="42.68853" lon="2.6377300000000004">
    <ele>123.91</ele>
   </trkpt>
   <trkpt lat="42.688090001526646" lon="2.63712499562481">
    <ele>124.21000000000001</ele>
   </trkpt>
   <trkpt lat="42.687650000000005" lon="2.6365200000000004">
    <ele>124.76</ele>
   </trkpt>
   <trkpt lat="42.687470000000005" lon="2.6362400000000004">
    <ele>125.2</ele>
   </trkpt>
   <trkpt lat="42.686930000000004" lon="2.6352800000000003">
    <ele>125.67</ele>
   </trkpt>
   <trkpt lat="42.686420000000005" lon="2.63429">
    <ele>125.5</ele>
   </trkpt>
   <trkpt lat="42.68600500224131" lon="2.6335699951670395">
    <ele>126.35000000000001</ele>
   </trkpt>
   <trkpt lat="42.685590000000005" lon="2.6328500000000004">
    <ele>126.72</ele>
   </trkpt>
   <trkpt lat="42.685120000000005" lon="2.63226">
    <ele>126.85000000000002</ele>
   </trkpt>
   <trkpt lat="42.6848" lon="2.63194">
    <ele>127.33</ele>
   </trkpt>
   <trkpt lat="42.68446" lon="2.63166">
    <ele>127.33</ele>
   </trkpt>
   <trkpt lat="42.684070000000006" lon="2.6313700000000004">
    <ele>127.67</ele>
   </trkpt>
   <trkpt lat="42.683980000000005" lon="2.63132">
    <ele>127.67</ele>
   </trkpt>
   <trkpt lat="42.68388" lon="2.63131">
    <ele>128.14000000000001</ele>
   </trkpt>
   <trkpt lat="42.68376000000001" lon="2.63127">
    <ele>128.24</ele>
   </trkpt>
   <trkpt lat="42.68368" lon="2.6312900000000004">
    <ele>128.57999999999998</ele>
   </trkpt>
   <trkpt lat="42.683460000000004" lon="2.6314900000000003">
    <ele>129.01000000000002</ele>
   </trkpt>
   <trkpt lat="42.68338000000001" lon="2.6314800000000003">
    <ele>129.06</ele>
   </trkpt>
   <trkpt lat="42.6833" lon="2.6314300000000004">
    <ele>129.06</ele>
   </trkpt>
   <trkpt lat="42.68305" lon="2.6311600000000004">
    <ele>129.06</ele>
   </trkpt>
   <trkpt lat="42.682930000000006" lon="2.63099">
    <ele>129.29999999999998</ele>
   </trkpt>
   <trkpt lat="42.682840000000006" lon="2.63093">
    <ele>129.29999999999998</ele>
   </trkpt>
   <trkpt lat="42.68251" lon="2.63086">
    <ele>129.43</ele>
   </trkpt>
   <trkpt lat="42.682230000000004" lon="2.6308700000000003">
    <ele>129.59</ele>
   </trkpt>
   <trkpt lat="42.681610000000006" lon="2.6306800000000004">
    <ele>129.54999999999998</ele>
   </trkpt>
   <trkpt lat="42.681520000000006" lon="2.6306200000000004">
    <ele>129.54999999999998</ele>
   </trkpt>
   <trkpt lat="42.68144" lon="2.6306200000000004">
    <ele>129.54999999999998</ele>
   </trkpt>
   <trkpt lat="42.68139" lon="2.63065">
    <ele>129.28</ele>
   </trkpt>
   <trkpt lat="42.68117" lon="2.63086">
    <ele>129.32999999999998</ele>
   </trkpt>
   <trkpt lat="42.68103000000001" lon="2.63104">
    <ele>129.93</ele>
   </trkpt>
   <trkpt lat="42.68081" lon="2.63127">
    <ele>130.43</ele>
   </trkpt>
   <trkpt lat="42.68057" lon="2.6314900000000003">
    <ele>130.76999999999998</ele>
   </trkpt>
   <trkpt lat="42.680310000000006" lon="2.63112">
    <ele>130.66</ele>
   </trkpt>
   <trkpt lat="42.680260000000004" lon="2.63113">
    <ele>130.66</ele>
   </trkpt>
   <trkpt lat="42.679790000000004" lon="2.63167">
    <ele>130.79000000000002</ele>
   </trkpt>
   <trkpt lat="42.67967" lon="2.63154">
    <ele>130.79000000000002</ele>
   </trkpt>
   <trkpt lat="42.679520000000004" lon="2.6313000000000004">
    <ele>130.88000000000002</ele>
   </trkpt>
   <trkpt lat="42.67976" lon="2.63084">
    <ele>131.0</ele>
   </trkpt>
   <trkpt lat="42.679860000000005" lon="2.6305300000000003">
    <ele>131.10000000000002</ele>
   </trkpt>
   <trkpt lat="42.679930000000006" lon="2.63023">
    <ele>131.37</ele>
   </trkpt>
   <trkpt lat="42.67991000000001" lon="2.63011">
    <ele>131.43</ele>
   </trkpt>
   <trkpt lat="42.679860000000005" lon="2.6300000000000003">
    <ele>131.47</ele>
   </trkpt>
   <trkpt lat="42.679230002449216" lon="2.6292599925766194">
    <ele>131.66</ele>
   </trkpt>
   <trkpt lat="42.6786" lon="2.6285200000000004">
    <ele>132.47</ele>
   </trkpt>
   <trkpt lat="42.67813000169429" lon="2.627899995340192">
    <ele>132.98000000000002</ele>
   </trkpt>
   <trkpt lat="42.67766" lon="2.6272800000000003">
    <ele>133.48000000000002</ele>
   </trkpt>
   <trkpt lat="42.67741" lon="2.6270100000000003">
    <ele>133.67000000000002</ele>
   </trkpt>
   <trkpt lat="42.67707" lon="2.62636">
    <ele>134.6</ele>
   </trkpt>
   <trkpt lat="42.67685" lon="2.6260700000000003">
    <ele>135.83</ele>
   </trkpt>
   <trkpt lat="42.67653000000001" lon="2.62571">
    <ele>136.71</ele>
   </trkpt>
   <trkpt lat="42.67645" lon="2.6256600000000003">
    <ele>136.78</ele>
   </trkpt>
   <trkpt lat="42.67638" lon="2.62564">
    <ele>136.87</ele>
   </trkpt>
   <trkpt lat="42.676120000000004" lon="2.6257">
    <ele>136.96</ele>
   </trkpt>
   <trkpt lat="42.67604" lon="2.62568">
    <ele>136.96</ele>
   </trkpt>
   <trkpt lat="42.67562" lon="2.62556">
    <ele>137.12</ele>
   </trkpt>
   <trkpt lat="42.6751" lon="2.6253800000000003">
    <ele>140.40000000000003</ele>
   </trkpt>
   <trkpt lat="42.67488" lon="2.6252600000000004">
    <ele>140.98000000000002</ele>
   </trkpt>
   <trkpt lat="42.6745" lon="2.6249000000000002">
    <ele>142.17000000000002</ele>
   </trkpt>
   <trkpt lat="42.67392" lon="2.6245200000000004">
    <ele>144.87</ele>
   </trkpt>
   <trkpt lat="42.67383" lon="2.62453">
    <ele>145.17000000000002</ele>
   </trkpt>
   <trkpt lat="42.673750000000005" lon="2.62461">
    <ele>145.33</ele>
   </trkpt>
   <trkpt lat="42.67325" lon="2.6239000000000003">
    <ele>145.61</ele>
   </trkpt>
   <trkpt lat="42.67277500168785" lon="2.6232799952825174">
    <ele>146.03000000000003</ele>
   </trkpt>
   <trkpt lat="42.67230000000001" lon="2.62266">
    <ele>146.78000000000003</ele>
   </trkpt>
   <trkpt lat="42.67211" lon="2.62256">
    <ele>146.68</ele>
   </trkpt>
   <trkpt lat="42.671890000000005" lon="2.62252">
    <ele>147.00000000000003</ele>
   </trkpt>
   <trkpt lat="42.67174000000001" lon="2.6225">
    <ele>147.71</ele>
   </trkpt>
   <trkpt lat="42.671690000000005" lon="2.6225">
    <ele>147.71</ele>
   </trkpt>
   <trkpt lat="42.67165000000001" lon="2.6224900000000004">
    <ele>147.71</ele>
   </trkpt>
   <trkpt lat="42.67143" lon="2.6223">
    <ele>148.36</ele>
   </trkpt>
   <trkpt lat="42.671310000000005" lon="2.62222">
    <ele>148.62</ele>
   </trkpt>
   <trkpt lat="42.67118000000001" lon="2.62217">
    <ele>148.62</ele>
   </trkpt>
   <trkpt lat="42.67089" lon="2.6218800000000004">
    <ele>149.49</ele>
   </trkpt>
   <trkpt lat="42.67074" lon="2.62164">
    <ele>150.73</ele>
   </trkpt>
   <trkpt lat="42.670460000000006" lon="2.6213300000000004">
    <ele>151.01</ele>
   </trkpt>
   <trkpt lat="42.67007" lon="2.6208">
    <ele>152.01</ele>
   </trkpt>
   <trkpt lat="42.669830000000005" lon="2.62028">
    <ele>152.44000000000003</ele>
   </trkpt>
   <trkpt lat="42.669810000000005" lon="2.62019">
    <ele>152.44000000000003</ele>
   </trkpt>
   <trkpt lat="42.669760000000004" lon="2.61952">
    <ele>152.88000000000002</ele>
   </trkpt>
   <trkpt lat="42.66964" lon="2.61919">
    <ele>152.91000000000003</ele>
   </trkpt>
   <trkpt lat="42.66922667340986" lon="2.6183099883127157">
    <ele>153.21</ele>
   </trkpt>
   <trkpt lat="42.66881334008408" lon="2.61742998832896">
    <ele>153.96</ele>
   </trkpt>
   <trkpt lat="42.668400000000005" lon="2.61655">
    <ele>154.99</ele>
   </trkpt>
   <trkpt lat="42.668290000000006" lon="2.61626">
    <ele>155.42</ele>
   </trkpt>
   <trkpt lat="42.66823" lon="2.6162">
    <ele>155.42</ele>
   </trkpt>
   <trkpt lat="42.66787" lon="2.61526">
    <ele>156.21</ele>
   </trkpt>
   <trkpt lat="42.66767" lon="2.61466">
    <ele>156.57000000000002</ele>
   </trkpt>
   <trkpt lat="42.66736000262211" lon="2.6138799960504127">
    <ele>157.06</ele>
   </trkpt>
   <trkpt lat="42.66705" lon="2.6131">
    <ele>158.0</ele>
   </trkpt>
   <trkpt lat="42.66695000000001" lon="2.6129000000000002">
    <ele>158.0</ele>
   </trkpt>
   <trkpt lat="42.66660334044317" lon="2.611996656623743">
    <ele>158.72</ele>
   </trkpt>
   <trkpt lat="42.666256673788816" lon="2.6110933233226605">
    <ele>159.20000000000002</ele>
   </trkpt>
   <trkpt lat="42.665910000000004" lon="2.6101900000000002">
    <ele>159.51000000000002</ele>
   </trkpt>
   <trkpt lat="42.66553001227158" lon="2.6092199822020916">
    <ele>159.99</ele>
   </trkpt>
   <trkpt lat="42.66515001635928" lon="2.6082499762626763">
    <ele>160.41000000000003</ele>
   </trkpt>
   <trkpt lat="42.66477001226336" lon="2.6072799821817054">
    <ele>161.01000000000002</ele>
   </trkpt>
   <trkpt lat="42.664390000000004" lon="2.60631">
    <ele>161.85000000000002</ele>
   </trkpt>
   <trkpt lat="42.66427" lon="2.60589">
    <ele>162.23000000000002</ele>
   </trkpt>
   <trkpt lat="42.66429" lon="2.60584">
    <ele>162.23000000000002</ele>
   </trkpt>
   <trkpt lat="42.66429" lon="2.60576">
    <ele>162.23000000000002</ele>
   </trkpt>
   <trkpt lat="42.66425" lon="2.60568">
    <ele>162.23000000000002</ele>
   </trkpt>
   <trkpt lat="42.66418" lon="2.6056600000000003">
    <ele>162.79000000000002</ele>
   </trkpt>
   <trkpt lat="42.66402" lon="2.60537">
    <ele>163.0</ele>
   </trkpt>
   <trkpt lat="42.66362" lon="2.60433">
    <ele>164.13000000000002</ele>
   </trkpt>
   <trkpt lat="42.66349" lon="2.6040300000000003">
    <ele>164.83</ele>
   </trkpt>
   <trkpt lat="42.66339000000001" lon="2.60387">
    <ele>164.83</ele>
   </trkpt>
   <trkpt lat="42.66324" lon="2.60373">
    <ele>165.23000000000002</ele>
   </trkpt>
   <trkpt lat="42.663090000000004" lon="2.6036200000000003">
    <ele>165.35000000000002</ele>
   </trkpt>
   <trkpt lat="42.663000000000004" lon="2.60358">
    <ele>165.35000000000002</ele>
   </trkpt>
   <trkpt lat="42.66275" lon="2.60354">
    <ele>165.63000000000002</ele>
   </trkpt>
   <trkpt lat="42.66243" lon="2.60352">
    <ele>166.02</ele>
   </trkpt>
   <trkpt lat="42.662310000000005" lon="2.6034800000000002">
    <ele>166.09</ele>
   </trkpt>
   <trkpt lat="42.66217" lon="2.6032300000000004">
    <ele>166.4</ele>
   </trkpt>
   <trkpt lat="42.66214" lon="2.60304">
    <ele>166.49000000000004</ele>
   </trkpt>
   <trkpt lat="42.662150000000004" lon="2.603">
    <ele>166.49000000000004</ele>
   </trkpt>
   <trkpt lat="42.66214" lon="2.60286">
    <ele>166.46</ele>
   </trkpt>
   <trkpt lat="42.66219" lon="2.60259">
    <ele>166.49000000000004</ele>
   </trkpt>
   <trkpt lat="42.66227000000001" lon="2.6023300000000003">
    <ele>166.55</ele>
   </trkpt>
   <trkpt lat="42.662490000000005" lon="2.60178">
    <ele>167.32000000000002</ele>
   </trkpt>
   <trkpt lat="42.66254000000001" lon="2.60175">
    <ele>167.43</ele>
   </trkpt>
   <trkpt lat="42.66257" lon="2.60169">
    <ele>167.65</ele>
   </trkpt>
   <trkpt lat="42.66257" lon="2.60162">
    <ele>167.87</ele>
   </trkpt>
   <trkpt lat="42.66252" lon="2.60155">
    <ele>167.87</ele>
   </trkpt>
   <trkpt lat="42.662315001286835" lon="2.6009949980273372">
    <ele>169.17000000000002</ele>
   </trkpt>
   <trkpt lat="42.662110000000006" lon="2.6004400000000003">
    <ele>170.93000000000004</ele>
   </trkpt>
   <trkpt lat="42.662000000000006" lon="2.6002300000000003">
    <ele>171.19</ele>
   </trkpt>
   <trkpt lat="42.661645000925105" lon="2.5997699973798567">
    <ele>172.40000000000003</ele>
   </trkpt>
   <trkpt lat="42.66129" lon="2.59931">
    <ele>172.90000000000003</ele>
   </trkpt>
   <trkpt lat="42.661010000000005" lon="2.5988100000000003">
    <ele>173.61</ele>
   </trkpt>
   <trkpt lat="42.66085" lon="2.59846">
    <ele>173.79000000000002</ele>
   </trkpt>
   <trkpt lat="42.6608" lon="2.5983">
    <ele>174.26000000000002</ele>
   </trkpt>
   <trkpt lat="42.660675002739275" lon="2.5975049983427905">
    <ele>174.78</ele>
   </trkpt>
   <trkpt lat="42.66055" lon="2.5967100000000003">
    <ele>176.05</ele>
   </trkpt>
   <trkpt lat="42.6602" lon="2.5956300000000003">
    <ele>177.83</ele>
   </trkpt>
   <trkpt lat="42.66010000000001" lon="2.5951700000000004">
    <ele>178.28000000000003</ele>
   </trkpt>
   <trkpt lat="42.660050000000005" lon="2.5945600000000004">
    <ele>178.84000000000003</ele>
   </trkpt>
   <trkpt lat="42.66001000000001" lon="2.5943500000000004">
    <ele>178.84000000000003</ele>
   </trkpt>
   <trkpt lat="42.65982000214696" lon="2.593654998045966">
    <ele>179.3</ele>
   </trkpt>
   <trkpt lat="42.65963" lon="2.59296">
    <ele>179.53000000000003</ele>
   </trkpt>
   <trkpt lat="42.659510000000004" lon="2.5926500000000003">
    <ele>179.65</ele>
   </trkpt>
   <trkpt lat="42.659153338817816" lon="2.5918566575887025">
    <ele>179.68</ele>
   </trkpt>
   <trkpt lat="42.65879667216155" lon="2.591063324278602">
    <ele>180.04</ele>
   </trkpt>
   <trkpt lat="42.658440000000006" lon="2.5902700000000003">
    <ele>180.43</ele>
   </trkpt>
   <trkpt lat="42.658060000000006" lon="2.5892700000000004">
    <ele>181.15</ele>
   </trkpt>
   <trkpt lat="42.657920000000004" lon="2.58881">
    <ele>181.28000000000003</ele>
   </trkpt>
   <trkpt lat="42.65787" lon="2.58854">
    <ele>181.28000000000003</ele>
   </trkpt>
   <trkpt lat="42.65784" lon="2.58819">
    <ele>181.38</ele>
   </trkpt>
   <trkpt lat="42.65783500261264" lon="2.587415000042888">
    <ele>181.38</ele>
   </trkpt>
   <trkpt lat="42.657830000000004" lon="2.58664">
    <ele>181.69000000000003</ele>
   </trkpt>
   <trkpt lat="42.657810000000005" lon="2.58617">
    <ele>182.19000000000003</ele>
   </trkpt>
   <trkpt lat="42.65776" lon="2.58598">
    <ele>182.19000000000003</ele>
   </trkpt>
   <trkpt lat="42.657680000000006" lon="2.58582">
    <ele>182.49</ele>
   </trkpt>
   <trkpt lat="42.65757000000001" lon="2.5856700000000004">
    <ele>182.49</ele>
   </trkpt>
   <trkpt lat="42.65739000000001" lon="2.58555">
    <ele>182.75000000000003</ele>
   </trkpt>
   <trkpt lat="42.657210000000006" lon="2.58551">
    <ele>182.75000000000003</ele>
   </trkpt>
   <trkpt lat="42.657120000000006" lon="2.58551">
    <ele>182.9</ele>
   </trkpt>
   <trkpt lat="42.6569" lon="2.5856000000000003">
    <ele>182.9</ele>
   </trkpt>
  </trkseg>
 </trk>
</gpx>
