<?xml version="1.0" encoding="UTF-8"?>
<gpx creator="StravaGPX" version="1.1" xmlns="http://www.topografix.com/GPX/1/1" xmlns:xsi="http://www.w3.org/2001/XMLSchema-instance" xsi:schemaLocation="http://www.topografix.com/GPX/1/1 http://www.topografix.com/GPX/1/1/gpx.xsd">
 <metadata>
  <name>Millas - Baho - Baixas - Espira - Cases-de-Pène - Estagel - Latour - Cassagnes</name>
  <author>
   <name>Chris Hancock</name>
   <link href="https://www.strava.com/athletes/2519062"/>
  </author>
  <copyright author="OpenStreetMap contributors">
   <year>2020</year>
   <license>https://www.openstreetmap.org/copyright</license>
  </copyright>
  <link href="https://www.strava.com/routes/3528376377102224976"/>
 </metadata>
 <trk>
  <name>Millas - Baho - Baixas - Espira - Cases-de-Pène - Estagel - Latour - Cassagnes</name>
  <link href="https://www.strava.com/routes/3528376377102224976"/>
  <type>cycling</type>
  <trkseg>
   <trkpt lat="42.6569" lon="2.5855900000000003">
    <ele>183.06000000000003</ele>
   </trkpt>
   <trkpt lat="42.657120000000006" lon="2.58551">
    <ele>183.06000000000003</ele>
   </trkpt>
   <trkpt lat="42.657210000000006" lon="2.58551">
    <ele>182.76</ele>
   </trkpt>
   <trkpt lat="42.65739000000001" lon="2.58555">
    <ele>182.76</ele>
   </trkpt>
   <trkpt lat="42.65757000000001" lon="2.5856700000000004">
    <ele>182.36</ele>
   </trkpt>
   <trkpt lat="42.657680000000006" lon="2.58582">
    <ele>182.36</ele>
   </trkpt>
   <trkpt lat="42.65776" lon="2.58598">
    <ele>182.36</ele>
   </trkpt>
   <trkpt lat="42.657810000000005" lon="2.58617">
    <ele>182.36</ele>
   </trkpt>
   <trkpt lat="42.657830000000004" lon="2.58664">
    <ele>181.9</ele>
   </trkpt>
   <trkpt lat="42.657835002611286" lon="2.58741499983248">
    <ele>181.55</ele>
   </trkpt>
   <trkpt lat="42.65784" lon="2.58819">
    <ele>181.55</ele>
   </trkpt>
   <trkpt lat="42.65787" lon="2.58854">
    <ele>181.46</ele>
   </trkpt>
   <trkpt lat="42.657920000000004" lon="2.58881">
    <ele>181.46</ele>
   </trkpt>
   <trkpt lat="42.658060000000006" lon="2.5892700000000004">
    <ele>181.22000000000003</ele>
   </trkpt>
   <trkpt lat="42.658440000000006" lon="2.5902700000000003">
    <ele>180.58</ele>
   </trkpt>
   <trkpt lat="42.658796672130244" lon="2.5910633242089802">
    <ele>180.07</ele>
   </trkpt>
   <trkpt lat="42.659153338786524" lon="2.59185665751908">
    <ele>179.8</ele>
   </trkpt>
   <trkpt lat="42.659510000000004" lon="2.5926500000000003">
    <ele>179.81000000000003</ele>
   </trkpt>
   <trkpt lat="42.65963" lon="2.59296">
    <ele>179.71</ele>
   </trkpt>
   <trkpt lat="42.65982000205417" lon="2.59365499770657">
    <ele>179.37</ele>
   </trkpt>
   <trkpt lat="42.66001000000001" lon="2.5943500000000004">
    <ele>179.09000000000003</ele>
   </trkpt>
   <trkpt lat="42.660050000000005" lon="2.5945600000000004">
    <ele>179.04</ele>
   </trkpt>
   <trkpt lat="42.66010000000001" lon="2.5951700000000004">
    <ele>178.70000000000002</ele>
   </trkpt>
   <trkpt lat="42.6602" lon="2.5956300000000003">
    <ele>177.78000000000003</ele>
   </trkpt>
   <trkpt lat="42.66055" lon="2.5967100000000003">
    <ele>175.96</ele>
   </trkpt>
   <trkpt lat="42.660675002757806" lon="2.59750499846066">
    <ele>174.8</ele>
   </trkpt>
   <trkpt lat="42.6608" lon="2.5983">
    <ele>174.27</ele>
   </trkpt>
   <trkpt lat="42.66085" lon="2.59846">
    <ele>174.01000000000002</ele>
   </trkpt>
   <trkpt lat="42.661010000000005" lon="2.5988100000000003">
    <ele>173.69</ele>
   </trkpt>
   <trkpt lat="42.66129" lon="2.59931">
    <ele>173.14000000000001</ele>
   </trkpt>
   <trkpt lat="42.661645000915314" lon="2.5997699973671695">
    <ele>172.34</ele>
   </trkpt>
   <trkpt lat="42.662000000000006" lon="2.6002300000000003">
    <ele>171.23000000000002</ele>
   </trkpt>
   <trkpt lat="42.662110000000006" lon="2.6004400000000003">
    <ele>170.95000000000002</ele>
   </trkpt>
   <trkpt lat="42.66235" lon="2.60108">
    <ele>168.99</ele>
   </trkpt>
   <trkpt lat="42.66243" lon="2.60157">
    <ele>168.70000000000002</ele>
   </trkpt>
   <trkpt lat="42.662400000000005" lon="2.6016700000000004">
    <ele>168.28</ele>
   </trkpt>
   <trkpt lat="42.66241" lon="2.6017300000000003">
    <ele>168.28</ele>
   </trkpt>
   <trkpt lat="42.66241" lon="2.60185">
    <ele>167.79000000000002</ele>
   </trkpt>
   <trkpt lat="42.662380000000006" lon="2.60197">
    <ele>167.51000000000002</ele>
   </trkpt>
   <trkpt lat="42.66217" lon="2.6024800000000003">
    <ele>166.58</ele>
   </trkpt>
   <trkpt lat="42.66199" lon="2.6027500000000003">
    <ele>166.67000000000002</ele>
   </trkpt>
   <trkpt lat="42.661930000000005" lon="2.60278">
    <ele>166.67000000000002</ele>
   </trkpt>
   <trkpt lat="42.6619" lon="2.6028100000000003">
    <ele>166.78</ele>
   </trkpt>
   <trkpt lat="42.66187" lon="2.6028800000000003">
    <ele>166.78</ele>
   </trkpt>
   <trkpt lat="42.661860000000004" lon="2.603">
    <ele>166.70000000000002</ele>
   </trkpt>
   <trkpt lat="42.661910000000006" lon="2.6031000000000004">
    <ele>166.70000000000002</ele>
   </trkpt>
   <trkpt lat="42.662310000000005" lon="2.6034800000000002">
    <ele>166.13</ele>
   </trkpt>
   <trkpt lat="42.66243" lon="2.60352">
    <ele>166.13</ele>
   </trkpt>
   <trkpt lat="42.66275" lon="2.60354">
    <ele>165.69</ele>
   </trkpt>
   <trkpt lat="42.663000000000004" lon="2.60358">
    <ele>165.48000000000002</ele>
   </trkpt>
   <trkpt lat="42.663090000000004" lon="2.6036200000000003">
    <ele>165.32000000000002</ele>
   </trkpt>
   <trkpt lat="42.66329" lon="2.6037700000000004">
    <ele>165.20000000000002</ele>
   </trkpt>
   <trkpt lat="42.66339000000001" lon="2.60387">
    <ele>164.79000000000002</ele>
   </trkpt>
   <trkpt lat="42.66349" lon="2.6040300000000003">
    <ele>164.79000000000002</ele>
   </trkpt>
   <trkpt lat="42.66362" lon="2.60433">
    <ele>164.27</ele>
   </trkpt>
   <trkpt lat="42.66402" lon="2.60537">
    <ele>162.94</ele>
   </trkpt>
   <trkpt lat="42.664080000000006" lon="2.60557">
    <ele>162.57000000000002</ele>
   </trkpt>
   <trkpt lat="42.664100000000005" lon="2.6058700000000004">
    <ele>162.57000000000002</ele>
   </trkpt>
   <trkpt lat="42.66427" lon="2.6060700000000003">
    <ele>161.82000000000002</ele>
   </trkpt>
   <trkpt lat="42.664390000000004" lon="2.60631">
    <ele>161.82000000000002</ele>
   </trkpt>
   <trkpt lat="42.66477001227938" lon="2.6072799822225745">
    <ele>161.13000000000002</ele>
   </trkpt>
   <trkpt lat="42.66515001637529" lon="2.608249976303546">
    <ele>160.4</ele>
   </trkpt>
   <trkpt lat="42.665530012287576" lon="2.6092199822429625">
    <ele>160.07000000000002</ele>
   </trkpt>
   <trkpt lat="42.665910000000004" lon="2.6101900000000002">
    <ele>159.67000000000002</ele>
   </trkpt>
   <trkpt lat="42.666256673751704" lon="2.611093323225936">
    <ele>159.10000000000002</ele>
   </trkpt>
   <trkpt lat="42.666603340406056" lon="2.6119966565270176">
    <ele>158.75</ele>
   </trkpt>
   <trkpt lat="42.66695000000001" lon="2.6129000000000002">
    <ele>158.19000000000003</ele>
   </trkpt>
   <trkpt lat="42.667120000000004" lon="2.6135">
    <ele>157.56</ele>
   </trkpt>
   <trkpt lat="42.667370000000005" lon="2.61412">
    <ele>156.82000000000002</ele>
   </trkpt>
   <trkpt lat="42.66765" lon="2.61486">
    <ele>156.73000000000002</ele>
   </trkpt>
   <trkpt lat="42.66787" lon="2.61526">
    <ele>156.22000000000003</ele>
   </trkpt>
   <trkpt lat="42.66809500149437" lon="2.615844997898293">
    <ele>155.89</ele>
   </trkpt>
   <trkpt lat="42.66832" lon="2.6164300000000003">
    <ele>155.0</ele>
   </trkpt>
   <trkpt lat="42.668400000000005" lon="2.61655">
    <ele>155.0</ele>
   </trkpt>
   <trkpt lat="42.668810003439084" lon="2.6174249944621173">
    <ele>154.06</ele>
   </trkpt>
   <trkpt lat="42.66922" lon="2.6183">
    <ele>153.37</ele>
   </trkpt>
   <trkpt lat="42.66921000000001" lon="2.6183">
    <ele>153.37</ele>
   </trkpt>
   <trkpt lat="42.66964" lon="2.61919">
    <ele>153.14000000000001</ele>
   </trkpt>
   <trkpt lat="42.669760000000004" lon="2.61952">
    <ele>153.10000000000002</ele>
   </trkpt>
   <trkpt lat="42.669810000000005" lon="2.62019">
    <ele>152.72000000000003</ele>
   </trkpt>
   <trkpt lat="42.669830000000005" lon="2.62028">
    <ele>152.66000000000003</ele>
   </trkpt>
   <trkpt lat="42.67007" lon="2.6208">
    <ele>152.07000000000002</ele>
   </trkpt>
   <trkpt lat="42.670460000000006" lon="2.6213300000000004">
    <ele>151.23</ele>
   </trkpt>
   <trkpt lat="42.67074" lon="2.62164">
    <ele>150.38000000000002</ele>
   </trkpt>
   <trkpt lat="42.67089" lon="2.6218800000000004">
    <ele>149.83</ele>
   </trkpt>
   <trkpt lat="42.67118000000001" lon="2.62217">
    <ele>148.7</ele>
   </trkpt>
   <trkpt lat="42.671310000000005" lon="2.62222">
    <ele>148.7</ele>
   </trkpt>
   <trkpt lat="42.67143" lon="2.6223">
    <ele>148.7</ele>
   </trkpt>
   <trkpt lat="42.67165000000001" lon="2.6224900000000004">
    <ele>148.01</ele>
   </trkpt>
   <trkpt lat="42.67174000000001" lon="2.6225400000000003">
    <ele>148.06000000000003</ele>
   </trkpt>
   <trkpt lat="42.67211" lon="2.6226100000000003">
    <ele>147.4</ele>
   </trkpt>
   <trkpt lat="42.67221000000001" lon="2.6226100000000003">
    <ele>147.1</ele>
   </trkpt>
   <trkpt lat="42.67230000000001" lon="2.62266">
    <ele>147.03000000000003</ele>
   </trkpt>
   <trkpt lat="42.672775001655616" lon="2.623279995240421">
    <ele>146.22000000000003</ele>
   </trkpt>
   <trkpt lat="42.67325" lon="2.6239000000000003">
    <ele>145.75000000000003</ele>
   </trkpt>
   <trkpt lat="42.673750000000005" lon="2.62461">
    <ele>145.38</ele>
   </trkpt>
   <trkpt lat="42.67383" lon="2.62453">
    <ele>145.12</ele>
   </trkpt>
   <trkpt lat="42.67392" lon="2.6245200000000004">
    <ele>144.70000000000002</ele>
   </trkpt>
   <trkpt lat="42.6745" lon="2.6249000000000002">
    <ele>142.39000000000001</ele>
   </trkpt>
   <trkpt lat="42.67488" lon="2.6252600000000004">
    <ele>140.97</ele>
   </trkpt>
   <trkpt lat="42.6751" lon="2.6253800000000003">
    <ele>139.75</ele>
   </trkpt>
   <trkpt lat="42.67562" lon="2.62556">
    <ele>137.4</ele>
   </trkpt>
   <trkpt lat="42.67604" lon="2.62568">
    <ele>137.21</ele>
   </trkpt>
   <trkpt lat="42.676120000000004" lon="2.6257">
    <ele>137.20000000000002</ele>
   </trkpt>
   <trkpt lat="42.67638" lon="2.62564">
    <ele>137.33</ele>
   </trkpt>
   <trkpt lat="42.67645" lon="2.6256600000000003">
    <ele>137.24</ele>
   </trkpt>
   <trkpt lat="42.67653000000001" lon="2.62571">
    <ele>137.09</ele>
   </trkpt>
   <trkpt lat="42.67685" lon="2.6260700000000003">
    <ele>136.17000000000002</ele>
   </trkpt>
   <trkpt lat="42.67707" lon="2.62636">
    <ele>134.83</ele>
   </trkpt>
   <trkpt lat="42.67741" lon="2.6270100000000003">
    <ele>133.81</ele>
   </trkpt>
   <trkpt lat="42.67766" lon="2.6272800000000003">
    <ele>133.56</ele>
   </trkpt>
   <trkpt lat="42.67813000164923" lon="2.627899995280748">
    <ele>133.20000000000002</ele>
   </trkpt>
   <trkpt lat="42.6786" lon="2.6285200000000004">
    <ele>132.72</ele>
   </trkpt>
   <trkpt lat="42.67923000231383" lon="2.629259992417593">
    <ele>131.76000000000002</ele>
   </trkpt>
   <trkpt lat="42.679860000000005" lon="2.6300000000000003">
    <ele>131.59</ele>
   </trkpt>
   <trkpt lat="42.67991000000001" lon="2.63011">
    <ele>131.55</ele>
   </trkpt>
   <trkpt lat="42.679930000000006" lon="2.63023">
    <ele>131.55</ele>
   </trkpt>
   <trkpt lat="42.679860000000005" lon="2.6305300000000003">
    <ele>131.32000000000002</ele>
   </trkpt>
   <trkpt lat="42.67976" lon="2.63084">
    <ele>131.20000000000002</ele>
   </trkpt>
   <trkpt lat="42.679520000000004" lon="2.6313000000000004">
    <ele>130.99</ele>
   </trkpt>
   <trkpt lat="42.67967" lon="2.63154">
    <ele>130.94</ele>
   </trkpt>
   <trkpt lat="42.679790000000004" lon="2.63167">
    <ele>130.94</ele>
   </trkpt>
   <trkpt lat="42.680260000000004" lon="2.63113">
    <ele>130.82000000000002</ele>
   </trkpt>
   <trkpt lat="42.680310000000006" lon="2.63112">
    <ele>130.82000000000002</ele>
   </trkpt>
   <trkpt lat="42.68057" lon="2.6314900000000003">
    <ele>130.9</ele>
   </trkpt>
   <trkpt lat="42.68081" lon="2.63127">
    <ele>130.24</ele>
   </trkpt>
   <trkpt lat="42.68103000000001" lon="2.63104">
    <ele>129.91</ele>
   </trkpt>
   <trkpt lat="42.68117" lon="2.63086">
    <ele>129.41</ele>
   </trkpt>
   <trkpt lat="42.68139" lon="2.63065">
    <ele>129.63000000000002</ele>
   </trkpt>
   <trkpt lat="42.68144" lon="2.6306200000000004">
    <ele>129.63000000000002</ele>
   </trkpt>
   <trkpt lat="42.681520000000006" lon="2.6306200000000004">
    <ele>129.66</ele>
   </trkpt>
   <trkpt lat="42.681610000000006" lon="2.6306800000000004">
    <ele>129.67000000000002</ele>
   </trkpt>
   <trkpt lat="42.682230000000004" lon="2.6308700000000003">
    <ele>129.60000000000002</ele>
   </trkpt>
   <trkpt lat="42.68251" lon="2.63086">
    <ele>129.37</ele>
   </trkpt>
   <trkpt lat="42.682840000000006" lon="2.63093">
    <ele>129.35000000000002</ele>
   </trkpt>
   <trkpt lat="42.682930000000006" lon="2.63099">
    <ele>129.35000000000002</ele>
   </trkpt>
   <trkpt lat="42.68305" lon="2.6311600000000004">
    <ele>129.23000000000002</ele>
   </trkpt>
   <trkpt lat="42.6833" lon="2.6314300000000004">
    <ele>129.21</ele>
   </trkpt>
   <trkpt lat="42.68338000000001" lon="2.6314800000000003">
    <ele>129.18</ele>
   </trkpt>
   <trkpt lat="42.683460000000004" lon="2.6314900000000003">
    <ele>129.10000000000002</ele>
   </trkpt>
   <trkpt lat="42.68368" lon="2.6312900000000004">
    <ele>128.57999999999998</ele>
   </trkpt>
   <trkpt lat="42.68376000000001" lon="2.63127">
    <ele>128.4</ele>
   </trkpt>
   <trkpt lat="42.68388" lon="2.63131">
    <ele>128.4</ele>
   </trkpt>
   <trkpt lat="42.683980000000005" lon="2.63132">
    <ele>127.9</ele>
   </trkpt>
   <trkpt lat="42.684070000000006" lon="2.6313700000000004">
    <ele>127.76</ele>
   </trkpt>
   <trkpt lat="42.68446" lon="2.63166">
    <ele>127.56</ele>
   </trkpt>
   <trkpt lat="42.6848" lon="2.63194">
    <ele>127.29</ele>
   </trkpt>
   <trkpt lat="42.685120000000005" lon="2.63226">
    <ele>127.15</ele>
   </trkpt>
   <trkpt lat="42.685590000000005" lon="2.6328500000000004">
    <ele>126.72</ele>
   </trkpt>
   <trkpt lat="42.68600500226784" lon="2.6335699952130684">
    <ele>126.44</ele>
   </trkpt>
   <trkpt lat="42.686420000000005" lon="2.63429">
    <ele>125.71000000000001</ele>
   </trkpt>
   <trkpt lat="42.686930000000004" lon="2.6352800000000003">
    <ele>125.64</ele>
   </trkpt>
   <trkpt lat="42.687470000000005" lon="2.6362400000000004">
    <ele>125.27000000000002</ele>
   </trkpt>
   <trkpt lat="42.687650000000005" lon="2.6365200000000004">
    <ele>125.15</ele>
   </trkpt>
   <trkpt lat="42.68809000165714" lon="2.6371249958042324">
    <ele>124.17000000000002</ele>
   </trkpt>
   <trkpt lat="42.68853" lon="2.6377300000000004">
    <ele>123.93</ele>
   </trkpt>
   <trkpt lat="42.68872" lon="2.6380500000000002">
    <ele>123.75000000000001</ele>
   </trkpt>
   <trkpt lat="42.689150000000005" lon="2.63898">
    <ele>123.01</ele>
   </trkpt>
   <trkpt lat="42.689410001015894" lon="2.6394799977697776">
    <ele>122.97000000000001</ele>
   </trkpt>
   <trkpt lat="42.68967000000001" lon="2.6399800000000004">
    <ele>122.8</ele>
   </trkpt>
   <trkpt lat="42.689800000000005" lon="2.6404500000000004">
    <ele>122.95</ele>
   </trkpt>
   <trkpt lat="42.68979" lon="2.6405700000000003">
    <ele>123.14000000000001</ele>
   </trkpt>
   <trkpt lat="42.68972" lon="2.64066">
    <ele>123.14000000000001</ele>
   </trkpt>
   <trkpt lat="42.689820000000005" lon="2.64089">
    <ele>122.53000000000002</ele>
   </trkpt>
   <trkpt lat="42.690020000000004" lon="2.6412000000000004">
    <ele>122.16</ele>
   </trkpt>
   <trkpt lat="42.69046" lon="2.64149">
    <ele>121.72000000000001</ele>
   </trkpt>
   <trkpt lat="42.690650000000005" lon="2.64168">
    <ele>121.56000000000002</ele>
   </trkpt>
   <trkpt lat="42.690720000000006" lon="2.64168">
    <ele>121.22</ele>
   </trkpt>
   <trkpt lat="42.690920000000006" lon="2.64162">
    <ele>121.00000000000001</ele>
   </trkpt>
   <trkpt lat="42.69106" lon="2.6416600000000003">
    <ele>120.97</ele>
   </trkpt>
   <trkpt lat="42.6912" lon="2.64176">
    <ele>120.92000000000002</ele>
   </trkpt>
   <trkpt lat="42.69167" lon="2.6424200000000004">
    <ele>120.68</ele>
   </trkpt>
   <trkpt lat="42.692150000000005" lon="2.64299">
    <ele>119.95000000000002</ele>
   </trkpt>
   <trkpt lat="42.69227" lon="2.64318">
    <ele>119.76</ele>
   </trkpt>
   <trkpt lat="42.69248" lon="2.64373">
    <ele>119.62</ele>
   </trkpt>
   <trkpt lat="42.692840000000004" lon="2.6447900000000004">
    <ele>119.49000000000001</ele>
   </trkpt>
   <trkpt lat="42.69294" lon="2.6449200000000004">
    <ele>119.32000000000001</ele>
   </trkpt>
   <trkpt lat="42.6931" lon="2.6450500000000003">
    <ele>118.92000000000002</ele>
   </trkpt>
   <trkpt lat="42.693180000000005" lon="2.6451900000000004">
    <ele>118.78</ele>
   </trkpt>
   <trkpt lat="42.69331000157893" lon="2.645799998538226">
    <ele>118.49000000000001</ele>
   </trkpt>
   <trkpt lat="42.69344" lon="2.6464100000000004">
    <ele>118.44</ele>
   </trkpt>
   <trkpt lat="42.69344" lon="2.64671">
    <ele>118.27000000000001</ele>
   </trkpt>
   <trkpt lat="42.693340000000006" lon="2.64739">
    <ele>118.14</ele>
   </trkpt>
   <trkpt lat="42.69339" lon="2.64746">
    <ele>117.88000000000001</ele>
   </trkpt>
   <trkpt lat="42.693630000000006" lon="2.6476400000000004">
    <ele>117.98000000000002</ele>
   </trkpt>
   <trkpt lat="42.69371" lon="2.64785">
    <ele>118.03</ele>
   </trkpt>
   <trkpt lat="42.693720000000006" lon="2.64907">
    <ele>117.89</ele>
   </trkpt>
   <trkpt lat="42.69366" lon="2.6502000000000003">
    <ele>117.35000000000001</ele>
   </trkpt>
   <trkpt lat="42.69357001039683" lon="2.65129333651466">
    <ele>116.95</ele>
   </trkpt>
   <trkpt lat="42.69348001039578" lon="2.652386669860663">
    <ele>115.39</ele>
   </trkpt>
   <trkpt lat="42.69339" lon="2.65348">
    <ele>115.27000000000001</ele>
   </trkpt>
   <trkpt lat="42.69332000000001" lon="2.6541900000000003">
    <ele>115.23</ele>
   </trkpt>
   <trkpt lat="42.693130000000004" lon="2.6552300000000004">
    <ele>114.81</ele>
   </trkpt>
   <trkpt lat="42.6931" lon="2.6563000000000003">
    <ele>114.44000000000001</ele>
   </trkpt>
   <trkpt lat="42.6931" lon="2.65748">
    <ele>114.12</ele>
   </trkpt>
   <trkpt lat="42.69315" lon="2.65864">
    <ele>112.57000000000001</ele>
   </trkpt>
   <trkpt lat="42.693270000000005" lon="2.65966">
    <ele>112.76</ele>
   </trkpt>
   <trkpt lat="42.69346" lon="2.66054">
    <ele>112.62</ele>
   </trkpt>
   <trkpt lat="42.693720000000006" lon="2.6614500000000003">
    <ele>111.99000000000001</ele>
   </trkpt>
   <trkpt lat="42.693740000000005" lon="2.6619800000000002">
    <ele>111.80000000000001</ele>
   </trkpt>
   <trkpt lat="42.69379000000001" lon="2.6622000000000003">
    <ele>111.9</ele>
   </trkpt>
   <trkpt lat="42.694" lon="2.6627400000000003">
    <ele>111.89</ele>
   </trkpt>
   <trkpt lat="42.694190000000006" lon="2.66311">
    <ele>111.53</ele>
   </trkpt>
   <trkpt lat="42.694320000000005" lon="2.6632900000000004">
    <ele>111.43</ele>
   </trkpt>
   <trkpt lat="42.694520000000004" lon="2.6635000000000004">
    <ele>111.28</ele>
   </trkpt>
   <trkpt lat="42.6949400032653" lon="2.664354994392478">
    <ele>110.56</ele>
   </trkpt>
   <trkpt lat="42.69536" lon="2.66521">
    <ele>110.87</ele>
   </trkpt>
   <trkpt lat="42.69541" lon="2.66534">
    <ele>110.93</ele>
   </trkpt>
   <trkpt lat="42.69541" lon="2.6657">
    <ele>110.95</ele>
   </trkpt>
   <trkpt lat="42.695570000000004" lon="2.6659400000000004">
    <ele>111.53</ele>
   </trkpt>
   <trkpt lat="42.69585" lon="2.6662700000000004">
    <ele>110.50000000000001</ele>
   </trkpt>
   <trkpt lat="42.69624667173237" lon="2.667033323576349">
    <ele>109.07000000000001</ele>
   </trkpt>
   <trkpt lat="42.69664333839643" lon="2.6677966569045086">
    <ele>108.55000000000001</ele>
   </trkpt>
   <trkpt lat="42.69704" lon="2.6685600000000003">
    <ele>108.39000000000001</ele>
   </trkpt>
   <trkpt lat="42.697500000000005" lon="2.66955">
    <ele>108.05000000000001</ele>
   </trkpt>
   <trkpt lat="42.697860000000006" lon="2.67058">
    <ele>107.38</ele>
   </trkpt>
   <trkpt lat="42.69807500179652" lon="2.6712249977280793">
    <ele>106.59</ele>
   </trkpt>
   <trkpt lat="42.69829" lon="2.67187">
    <ele>106.13</ele>
   </trkpt>
   <trkpt lat="42.698460000000004" lon="2.6725700000000003">
    <ele>106.21000000000001</ele>
   </trkpt>
   <trkpt lat="42.698690000000006" lon="2.6737200000000003">
    <ele>106.28000000000002</ele>
   </trkpt>
   <trkpt lat="42.698690000000006" lon="2.67383">
    <ele>106.28000000000002</ele>
   </trkpt>
   <trkpt lat="42.69865" lon="2.67389">
    <ele>106.3</ele>
   </trkpt>
   <trkpt lat="42.69838" lon="2.6739800000000002">
    <ele>106.22000000000001</ele>
   </trkpt>
   <trkpt lat="42.698350000000005" lon="2.6740700000000004">
    <ele>106.22000000000001</ele>
   </trkpt>
   <trkpt lat="42.69840000000001" lon="2.6745400000000004">
    <ele>106.05</ele>
   </trkpt>
   <trkpt lat="42.69845" lon="2.67465">
    <ele>106.05</ele>
   </trkpt>
   <trkpt lat="42.698510000000006" lon="2.67469">
    <ele>106.05</ele>
   </trkpt>
   <trkpt lat="42.69877" lon="2.67465">
    <ele>105.89000000000001</ele>
   </trkpt>
   <trkpt lat="42.698820000000005" lon="2.67469">
    <ele>105.89000000000001</ele>
   </trkpt>
   <trkpt lat="42.69892" lon="2.67586">
    <ele>105.05</ele>
   </trkpt>
   <trkpt lat="42.69896000000001" lon="2.67654">
    <ele>104.32000000000001</ele>
   </trkpt>
   <trkpt lat="42.698980000000006" lon="2.67736">
    <ele>103.77000000000001</ele>
   </trkpt>
   <trkpt lat="42.69895" lon="2.6781300000000003">
    <ele>103.03000000000002</ele>
   </trkpt>
   <trkpt lat="42.69887000000001" lon="2.6791500000000004">
    <ele>101.87</ele>
   </trkpt>
   <trkpt lat="42.69874500452007" lon="2.680170002093347">
    <ele>101.62</ele>
   </trkpt>
   <trkpt lat="42.698620000000005" lon="2.6811900000000004">
    <ele>100.39</ele>
   </trkpt>
   <trkpt lat="42.698460000000004" lon="2.6816400000000002">
    <ele>99.91000000000001</ele>
   </trkpt>
   <trkpt lat="42.698370000000004" lon="2.6821200000000003">
    <ele>99.86</ele>
   </trkpt>
   <trkpt lat="42.69836" lon="2.68228">
    <ele>99.80000000000001</ele>
   </trkpt>
   <trkpt lat="42.698420000000006" lon="2.68283">
    <ele>99.92</ele>
   </trkpt>
   <trkpt lat="42.69839" lon="2.68332">
    <ele>99.99000000000001</ele>
   </trkpt>
   <trkpt lat="42.698280000000004" lon="2.68413">
    <ele>100.49000000000001</ele>
   </trkpt>
   <trkpt lat="42.698185004014675" lon="2.6850900014038883">
    <ele>100.74000000000001</ele>
   </trkpt>
   <trkpt lat="42.69809" lon="2.6860500000000003">
    <ele>101.18</ele>
   </trkpt>
   <trkpt lat="42.698015001586015" lon="2.686655000778517">
    <ele>101.08</ele>
   </trkpt>
   <trkpt lat="42.69794" lon="2.68726">
    <ele>100.93</ele>
   </trkpt>
   <trkpt lat="42.69791" lon="2.6877000000000004">
    <ele>100.59000000000002</ele>
   </trkpt>
   <trkpt lat="42.69776" lon="2.6884300000000003">
    <ele>99.9</ele>
   </trkpt>
   <trkpt lat="42.69769" lon="2.6885100000000004">
    <ele>99.21000000000001</ele>
   </trkpt>
   <trkpt lat="42.6972" lon="2.6886500000000004">
    <ele>99.06</ele>
   </trkpt>
   <trkpt lat="42.69709" lon="2.6887100000000004">
    <ele>99.23</ele>
   </trkpt>
   <trkpt lat="42.697030000000005" lon="2.68881">
    <ele>99.2</ele>
   </trkpt>
   <trkpt lat="42.697030000000005" lon="2.68894">
    <ele>99.23</ele>
   </trkpt>
   <trkpt lat="42.697070000000004" lon="2.68908">
    <ele>99.31</ele>
   </trkpt>
   <trkpt lat="42.697250000000004" lon="2.68948">
    <ele>99.73</ele>
   </trkpt>
   <trkpt lat="42.69729" lon="2.68961">
    <ele>99.72</ele>
   </trkpt>
   <trkpt lat="42.697320000000005" lon="2.6898400000000002">
    <ele>99.52000000000001</ele>
   </trkpt>
   <trkpt lat="42.697300000000006" lon="2.68997">
    <ele>99.32000000000001</ele>
   </trkpt>
   <trkpt lat="42.69705000246549" lon="2.690740003448541">
    <ele>98.35000000000001</ele>
   </trkpt>
   <trkpt lat="42.6968" lon="2.69151">
    <ele>98.35000000000001</ele>
   </trkpt>
   <trkpt lat="42.69670000000001" lon="2.69172">
    <ele>98.29</ele>
   </trkpt>
   <trkpt lat="42.696630000000006" lon="2.69192">
    <ele>98.03</ele>
   </trkpt>
   <trkpt lat="42.696560000000005" lon="2.69226">
    <ele>97.95</ele>
   </trkpt>
   <trkpt lat="42.696380000000005" lon="2.69272">
    <ele>97.79</ele>
   </trkpt>
   <trkpt lat="42.696170002525484" lon="2.693480002521724">
    <ele>97.68</ele>
   </trkpt>
   <trkpt lat="42.69596000000001" lon="2.69424">
    <ele>97.36</ele>
   </trkpt>
   <trkpt lat="42.69568" lon="2.6953400000000003">
    <ele>96.87</ele>
   </trkpt>
   <trkpt lat="42.695600000000006" lon="2.69584">
    <ele>97.37</ele>
   </trkpt>
   <trkpt lat="42.695420000000006" lon="2.69626">
    <ele>98.82000000000001</ele>
   </trkpt>
   <trkpt lat="42.6953" lon="2.6966900000000003">
    <ele>101.49000000000001</ele>
   </trkpt>
   <trkpt lat="42.69529" lon="2.69682">
    <ele>101.66000000000001</ele>
   </trkpt>
   <trkpt lat="42.69606000006069" lon="2.6968879966255503">
    <ele>102.49000000000001</ele>
   </trkpt>
   <trkpt lat="42.69683000008117" lon="2.6969559949373663">
    <ele>102.72</ele>
   </trkpt>
   <trkpt lat="42.69760000006144" lon="2.6970239949355355">
    <ele>101.84000000000002</ele>
   </trkpt>
   <trkpt lat="42.69837000000146" lon="2.6970919966201445">
    <ele>100.4</ele>
   </trkpt>
   <trkpt lat="42.69914000000001" lon="2.6971600000000002">
    <ele>100.41000000000001</ele>
   </trkpt>
   <trkpt lat="42.699250000000006" lon="2.69721">
    <ele>100.33</ele>
   </trkpt>
   <trkpt lat="42.69948" lon="2.6975700000000002">
    <ele>100.36</ele>
   </trkpt>
   <trkpt lat="42.699540000000006" lon="2.6977900000000004">
    <ele>100.5</ele>
   </trkpt>
   <trkpt lat="42.69962" lon="2.6984500000000002">
    <ele>100.66000000000001</ele>
   </trkpt>
   <trkpt lat="42.69962000497948" lon="2.6995199999855655">
    <ele>101.13000000000001</ele>
   </trkpt>
   <trkpt lat="42.69962" lon="2.70059">
    <ele>101.91000000000001</ele>
   </trkpt>
   <trkpt lat="42.69966" lon="2.7011900000000004">
    <ele>102.9</ele>
   </trkpt>
   <trkpt lat="42.69975" lon="2.70167">
    <ele>102.98</ele>
   </trkpt>
   <trkpt lat="42.70006000455148" lon="2.7026949948230343">
    <ele>101.48000000000002</ele>
   </trkpt>
   <trkpt lat="42.70037000000001" lon="2.70372">
    <ele>100.95</ele>
   </trkpt>
   <trkpt lat="42.70063334017332" lon="2.704606659150246">
    <ele>100.68</ele>
   </trkpt>
   <trkpt lat="42.700896673508076" lon="2.705493325821604">
    <ele>100.78</ele>
   </trkpt>
   <trkpt lat="42.70116" lon="2.7063800000000002">
    <ele>102.08</ele>
   </trkpt>
   <trkpt lat="42.701220000000006" lon="2.7067500000000004">
    <ele>102.83</ele>
   </trkpt>
   <trkpt lat="42.70123" lon="2.7069900000000002">
    <ele>103.3</ele>
   </trkpt>
   <trkpt lat="42.701220000000006" lon="2.7079500000000003">
    <ele>102.95000000000002</ele>
   </trkpt>
   <trkpt lat="42.701193376203534" lon="2.7090600038083172">
    <ele>101.48000000000002</ele>
   </trkpt>
   <trkpt lat="42.70116674168948" lon="2.710170006664492">
    <ele>99.62000000000002</ele>
   </trkpt>
   <trkpt lat="42.70114009645787" lon="2.711280008568141">
    <ele>98.49000000000001</ele>
   </trkpt>
   <trkpt lat="42.701113440508735" lon="2.7123900095188844">
    <ele>96.88000000000001</ele>
   </trkpt>
   <trkpt lat="42.70108677384209" lon="2.7135000095163395">
    <ele>95.75</ele>
   </trkpt>
   <trkpt lat="42.70106009645797" lon="2.714610008560126">
    <ele>95.39</ele>
   </trkpt>
   <trkpt lat="42.701033408356366" lon="2.7157200066498612">
    <ele>95.25</ele>
   </trkpt>
   <trkpt lat="42.70100670953731" lon="2.716830003785165">
    <ele>94.85000000000001</ele>
   </trkpt>
   <trkpt lat="42.70098" lon="2.71794">
    <ele>95.06</ele>
   </trkpt>
   <trkpt lat="42.70094" lon="2.71824">
    <ele>95.03</ele>
   </trkpt>
   <trkpt lat="42.70076500289655" lon="2.719050002084033">
    <ele>94.36000000000001</ele>
   </trkpt>
   <trkpt lat="42.700590000000005" lon="2.71986">
    <ele>94.18</ele>
   </trkpt>
   <trkpt lat="42.70035601767636" lon="2.7208680151964666">
    <ele>93.79</ele>
   </trkpt>
   <trkpt lat="42.70012202651425" lon="2.7218760227955405">
    <ele>94.21</ele>
   </trkpt>
   <trkpt lat="42.6998880265138" lon="2.722884022797054">
    <ele>92.96</ele>
   </trkpt>
   <trkpt lat="42.69965401767515" lon="2.7238920152008412">
    <ele>92.26</ele>
   </trkpt>
   <trkpt lat="42.69942" lon="2.7249000000000003">
    <ele>91.32000000000001</ele>
   </trkpt>
   <trkpt lat="42.69932" lon="2.72529">
    <ele>90.98</ele>
   </trkpt>
   <trkpt lat="42.699270000000006" lon="2.72542">
    <ele>91.00000000000001</ele>
   </trkpt>
   <trkpt lat="42.69908" lon="2.72621">
    <ele>89.96000000000001</ele>
   </trkpt>
   <trkpt lat="42.69906" lon="2.7263800000000002">
    <ele>89.96000000000001</ele>
   </trkpt>
   <trkpt lat="42.69892" lon="2.7270000000000003">
    <ele>89.27</ele>
   </trkpt>
   <trkpt lat="42.698890000000006" lon="2.72712">
    <ele>89.03000000000002</ele>
   </trkpt>
   <trkpt lat="42.6987" lon="2.7280200000000003">
    <ele>88.69</ele>
   </trkpt>
   <trkpt lat="42.698600000000006" lon="2.7284400000000004">
    <ele>88.02</ele>
   </trkpt>
   <trkpt lat="42.69854" lon="2.7286200000000003">
    <ele>88.02</ele>
   </trkpt>
   <trkpt lat="42.69840000000001" lon="2.72895">
    <ele>87.59</ele>
   </trkpt>
   <trkpt lat="42.697990000000004" lon="2.7295900000000004">
    <ele>87.36</ele>
   </trkpt>
   <trkpt lat="42.697860000000006" lon="2.7298600000000004">
    <ele>86.91</ele>
   </trkpt>
   <trkpt lat="42.6976" lon="2.73057">
    <ele>86.56000000000002</ele>
   </trkpt>
   <trkpt lat="42.697570000000006" lon="2.7308800000000004">
    <ele>86.45000000000002</ele>
   </trkpt>
   <trkpt lat="42.69746000000001" lon="2.73144">
    <ele>86.19</ele>
   </trkpt>
   <trkpt lat="42.69727" lon="2.73204">
    <ele>86.06000000000002</ele>
   </trkpt>
   <trkpt lat="42.697140000000005" lon="2.7325100000000004">
    <ele>85.75</ele>
   </trkpt>
   <trkpt lat="42.697045001923286" lon="2.7331800012301826">
    <ele>85.37</ele>
   </trkpt>
   <trkpt lat="42.69695" lon="2.7338500000000003">
    <ele>85.14</ele>
   </trkpt>
   <trkpt lat="42.69689" lon="2.73442">
    <ele>84.84000000000002</ele>
   </trkpt>
   <trkpt lat="42.696780000000004" lon="2.73476">
    <ele>84.76</ele>
   </trkpt>
   <trkpt lat="42.696720000000006" lon="2.7348600000000003">
    <ele>84.76</ele>
   </trkpt>
   <trkpt lat="42.69675" lon="2.7350000000000003">
    <ele>84.65</ele>
   </trkpt>
   <trkpt lat="42.696830000000006" lon="2.73502">
    <ele>84.65</ele>
   </trkpt>
   <trkpt lat="42.69684" lon="2.73502">
    <ele>84.65</ele>
   </trkpt>
   <trkpt lat="42.69686" lon="2.73559">
    <ele>84.23000000000002</ele>
   </trkpt>
   <trkpt lat="42.69684" lon="2.73571">
    <ele>84.23000000000002</ele>
   </trkpt>
   <trkpt lat="42.69673" lon="2.73652">
    <ele>83.59</ele>
   </trkpt>
   <trkpt lat="42.69658500604882" lon="2.7377000028127005">
    <ele>83.10000000000001</ele>
   </trkpt>
   <trkpt lat="42.69644" lon="2.7388800000000004">
    <ele>82.29</ele>
   </trkpt>
   <trkpt lat="42.696284025137956" lon="2.740082012056687">
    <ele>81.73</ele>
   </trkpt>
   <trkpt lat="42.696128037708164" lon="2.7412840180749183">
    <ele>81.36</ele>
   </trkpt>
   <trkpt lat="42.69597203771076" lon="2.7424860180542736">
    <ele>80.69000000000001</ele>
   </trkpt>
   <trkpt lat="42.69581602514589" lon="2.743688011994327">
    <ele>80.53999999999999</ele>
   </trkpt>
   <trkpt lat="42.695660000000004" lon="2.7448900000000003">
    <ele>79.87</ele>
   </trkpt>
   <trkpt lat="42.695660000000004" lon="2.7453700000000003">
    <ele>79.78999999999999</ele>
   </trkpt>
   <trkpt lat="42.69572000180781" lon="2.746019999049716">
    <ele>79.75</ele>
   </trkpt>
   <trkpt lat="42.695780000000006" lon="2.7466700000000004">
    <ele>79.53</ele>
   </trkpt>
   <trkpt lat="42.69588500375668" lon="2.747599998383588">
    <ele>79.31</ele>
   </trkpt>
   <trkpt lat="42.69599" lon="2.74853">
    <ele>79.31</ele>
   </trkpt>
   <trkpt lat="42.69608000182795" lon="2.7491699994032848">
    <ele>79.67999999999999</ele>
   </trkpt>
   <trkpt lat="42.69617" lon="2.74981">
    <ele>79.85000000000001</ele>
   </trkpt>
   <trkpt lat="42.69623500220591" lon="2.7505249990588134">
    <ele>78.88000000000001</ele>
   </trkpt>
   <trkpt lat="42.6963" lon="2.75124">
    <ele>78.21</ele>
   </trkpt>
   <trkpt lat="42.69632" lon="2.7518200000000004">
    <ele>78.21</ele>
   </trkpt>
   <trkpt lat="42.69629401888874" lon="2.7528620017524417">
    <ele>76.9</ele>
   </trkpt>
   <trkpt lat="42.696268028332995" lon="2.7539040026328134">
    <ele>76.30000000000001</ele>
   </trkpt>
   <trkpt lat="42.6962420283328" lon="2.7549460026408">
    <ele>76.00000000000001</ele>
   </trkpt>
   <trkpt lat="42.69621601888814" lon="2.7559880017760867">
    <ele>75.88</ele>
   </trkpt>
   <trkpt lat="42.69619" lon="2.7570300000000003">
    <ele>75.81</ele>
   </trkpt>
   <trkpt lat="42.69626" lon="2.75753">
    <ele>76.00000000000001</ele>
   </trkpt>
   <trkpt lat="42.69632" lon="2.75773">
    <ele>76.13</ele>
   </trkpt>
   <trkpt lat="42.696340000000006" lon="2.75795">
    <ele>76.49</ele>
   </trkpt>
   <trkpt lat="42.696310000000004" lon="2.75807">
    <ele>76.12</ele>
   </trkpt>
   <trkpt lat="42.69617" lon="2.75836">
    <ele>76.01</ele>
   </trkpt>
   <trkpt lat="42.696090000000005" lon="2.7591900000000003">
    <ele>75.35</ele>
   </trkpt>
   <trkpt lat="42.696110000000004" lon="2.7597">
    <ele>75.29</ele>
   </trkpt>
   <trkpt lat="42.696070000000006" lon="2.7598700000000003">
    <ele>75.4</ele>
   </trkpt>
   <trkpt lat="42.69597" lon="2.75999">
    <ele>75.00000000000001</ele>
   </trkpt>
   <trkpt lat="42.69594" lon="2.76006">
    <ele>74.73</ele>
   </trkpt>
   <trkpt lat="42.6958450146642" lon="2.761120004821811">
    <ele>73.86000000000001</ele>
   </trkpt>
   <trkpt lat="42.69575001955478" lon="2.7621800064007838">
    <ele>73.67</ele>
   </trkpt>
   <trkpt lat="42.69565501467181" lon="2.7632400047366055">
    <ele>73.06</ele>
   </trkpt>
   <trkpt lat="42.69556" lon="2.7643000000000004">
    <ele>72.42000000000002</ele>
   </trkpt>
   <trkpt lat="42.695550000000004" lon="2.76453">
    <ele>72.38</ele>
   </trkpt>
   <trkpt lat="42.69561" lon="2.7648300000000003">
    <ele>72.26</ele>
   </trkpt>
   <trkpt lat="42.69554" lon="2.76486">
    <ele>72.4</ele>
   </trkpt>
   <trkpt lat="42.69552" lon="2.7648300000000003">
    <ele>72.48</ele>
   </trkpt>
   <trkpt lat="42.69547" lon="2.7648">
    <ele>72.48</ele>
   </trkpt>
   <trkpt lat="42.69541" lon="2.7648400000000004">
    <ele>72.35000000000001</ele>
   </trkpt>
   <trkpt lat="42.69539" lon="2.76492">
    <ele>72.2</ele>
   </trkpt>
   <trkpt lat="42.69541" lon="2.765">
    <ele>72.2</ele>
   </trkpt>
   <trkpt lat="42.695420000000006" lon="2.76521">
    <ele>71.86</ele>
   </trkpt>
   <trkpt lat="42.69538" lon="2.76547">
    <ele>71.7</ele>
   </trkpt>
   <trkpt lat="42.69531500215041" lon="2.7661750008600903">
    <ele>71.53000000000002</ele>
   </trkpt>
   <trkpt lat="42.69525" lon="2.76688">
    <ele>71.5</ele>
   </trkpt>
   <trkpt lat="42.695280000000004" lon="2.76711">
    <ele>71.5</ele>
   </trkpt>
   <trkpt lat="42.69568" lon="2.7681">
    <ele>71.29</ele>
   </trkpt>
   <trkpt lat="42.69574" lon="2.7682900000000004">
    <ele>71.31000000000002</ele>
   </trkpt>
   <trkpt lat="42.69590500363412" lon="2.7692049975291275">
    <ele>70.77</ele>
   </trkpt>
   <trkpt lat="42.696070000000006" lon="2.7701200000000004">
    <ele>70.5</ele>
   </trkpt>
   <trkpt lat="42.69615" lon="2.7707400000000004">
    <ele>70.18</ele>
   </trkpt>
   <trkpt lat="42.69624" lon="2.77164">
    <ele>70.02</ele>
   </trkpt>
   <trkpt lat="42.696070000000006" lon="2.7717">
    <ele>69.88000000000001</ele>
   </trkpt>
   <trkpt lat="42.6961" lon="2.7727700000000004">
    <ele>69.35000000000001</ele>
   </trkpt>
   <trkpt lat="42.69612" lon="2.77287">
    <ele>69.35000000000001</ele>
   </trkpt>
   <trkpt lat="42.69546500017433" lon="2.7731150026165516">
    <ele>68.86</ele>
   </trkpt>
   <trkpt lat="42.694810000000004" lon="2.7733600000000003">
    <ele>68.8</ele>
   </trkpt>
   <trkpt lat="42.69435" lon="2.7733800000000004">
    <ele>69.15</ele>
   </trkpt>
   <trkpt lat="42.6944" lon="2.77415">
    <ele>69.22</ele>
   </trkpt>
   <trkpt lat="42.69435" lon="2.77509">
    <ele>68.67</ele>
   </trkpt>
   <trkpt lat="42.69433" lon="2.77523">
    <ele>68.67</ele>
   </trkpt>
   <trkpt lat="42.694300000000005" lon="2.77537">
    <ele>68.28</ele>
   </trkpt>
   <trkpt lat="42.69429" lon="2.77579">
    <ele>68.28</ele>
   </trkpt>
   <trkpt lat="42.694250000000004" lon="2.7764200000000003">
    <ele>67.57000000000001</ele>
   </trkpt>
   <trkpt lat="42.69402" lon="2.7770200000000003">
    <ele>67.29</ele>
   </trkpt>
   <trkpt lat="42.69397" lon="2.77701">
    <ele>67.23</ele>
   </trkpt>
   <trkpt lat="42.69393" lon="2.7770300000000003">
    <ele>67.23</ele>
   </trkpt>
   <trkpt lat="42.693900000000006" lon="2.7770900000000003">
    <ele>67.23</ele>
   </trkpt>
   <trkpt lat="42.693920000000006" lon="2.77721">
    <ele>67.09</ele>
   </trkpt>
   <trkpt lat="42.693960000000004" lon="2.7772400000000004">
    <ele>67.09</ele>
   </trkpt>
   <trkpt lat="42.69373" lon="2.77814">
    <ele>66.43</ele>
   </trkpt>
   <trkpt lat="42.693690000000004" lon="2.7786500000000003">
    <ele>65.5</ele>
   </trkpt>
   <trkpt lat="42.69371" lon="2.77911">
    <ele>65.2</ele>
   </trkpt>
   <trkpt lat="42.69378000345131" lon="2.7799999990771203">
    <ele>64.80000000000001</ele>
   </trkpt>
   <trkpt lat="42.693850000000005" lon="2.7808900000000003">
    <ele>64.71000000000001</ele>
   </trkpt>
   <trkpt lat="42.693850000000005" lon="2.7817800000000004">
    <ele>64.71000000000001</ele>
   </trkpt>
   <trkpt lat="42.69379000000001" lon="2.7824000000000004">
    <ele>64.66000000000001</ele>
   </trkpt>
   <trkpt lat="42.69367000206159" lon="2.7830900013853195">
    <ele>64.81</ele>
   </trkpt>
   <trkpt lat="42.69355" lon="2.78378">
    <ele>65.25</ele>
   </trkpt>
   <trkpt lat="42.69324" lon="2.78451">
    <ele>65.2</ele>
   </trkpt>
   <trkpt lat="42.693200000000004" lon="2.78479">
    <ele>65.2</ele>
   </trkpt>
   <trkpt lat="42.69311000836206" lon="2.7857700027517183">
    <ele>64.99000000000001</ele>
   </trkpt>
   <trkpt lat="42.69302000837018" lon="2.7867500026632515">
    <ele>64.61</ele>
   </trkpt>
   <trkpt lat="42.692930000000004" lon="2.7877300000000003">
    <ele>64.19000000000001</ele>
   </trkpt>
   <trkpt lat="42.69286" lon="2.7882300000000004">
    <ele>64.07000000000001</ele>
   </trkpt>
   <trkpt lat="42.69285" lon="2.7886100000000003">
    <ele>63.94000000000001</ele>
   </trkpt>
   <trkpt lat="42.69299000432312" lon="2.7896049978801476">
    <ele>62.86</ele>
   </trkpt>
   <trkpt lat="42.693130000000004" lon="2.7906000000000004">
    <ele>62.34</ele>
   </trkpt>
   <trkpt lat="42.693220000000004" lon="2.79136">
    <ele>62.150000000000006</ele>
   </trkpt>
   <trkpt lat="42.69323000000001" lon="2.7915500000000004">
    <ele>62.07000000000001</ele>
   </trkpt>
   <trkpt lat="42.693220000000004" lon="2.7917500000000004">
    <ele>61.99</ele>
   </trkpt>
   <trkpt lat="42.692980000000006" lon="2.7926300000000004">
    <ele>61.38</ele>
   </trkpt>
   <trkpt lat="42.6929" lon="2.7931800000000004">
    <ele>60.88</ele>
   </trkpt>
   <trkpt lat="42.692780001569105" lon="2.7937850012839616">
    <ele>60.300000000000004</ele>
   </trkpt>
   <trkpt lat="42.692660000000004" lon="2.7943900000000004">
    <ele>60.0</ele>
   </trkpt>
   <trkpt lat="42.69256" lon="2.7950100000000004">
    <ele>59.940000000000005</ele>
   </trkpt>
   <trkpt lat="42.69256" lon="2.7952100000000004">
    <ele>59.89000000000001</ele>
   </trkpt>
   <trkpt lat="42.692660000000004" lon="2.7961500000000004">
    <ele>59.56</ele>
   </trkpt>
   <trkpt lat="42.69263" lon="2.7968400000000004">
    <ele>59.410000000000004</ele>
   </trkpt>
   <trkpt lat="42.69263" lon="2.7975100000000004">
    <ele>59.5</ele>
   </trkpt>
   <trkpt lat="42.69279" lon="2.79862">
    <ele>59.22</ele>
   </trkpt>
   <trkpt lat="42.692910002057864" lon="2.7993099985932988">
    <ele>59.03000000000001</ele>
   </trkpt>
   <trkpt lat="42.69303" lon="2.8000000000000003">
    <ele>58.81000000000001</ele>
   </trkpt>
   <trkpt lat="42.693110001951325" lon="2.8006749988751367">
    <ele>58.06000000000001</ele>
   </trkpt>
   <trkpt lat="42.69319" lon="2.8013500000000002">
    <ele>58.06000000000001</ele>
   </trkpt>
   <trkpt lat="42.69321" lon="2.8014300000000003">
    <ele>58.010000000000005</ele>
   </trkpt>
   <trkpt lat="42.69326" lon="2.80146">
    <ele>58.010000000000005</ele>
   </trkpt>
   <trkpt lat="42.6935" lon="2.8014200000000002">
    <ele>57.99000000000001</ele>
   </trkpt>
   <trkpt lat="42.693760000000005" lon="2.80134">
    <ele>58.010000000000005</ele>
   </trkpt>
   <trkpt lat="42.6939200057801" lon="2.8021566623502485">
    <ele>57.220000000000006</ele>
   </trkpt>
   <trkpt lat="42.69408000575889" lon="2.8029733289085526">
    <ele>57.24</ele>
   </trkpt>
   <trkpt lat="42.69424" lon="2.8037900000000002">
    <ele>57.03</ele>
   </trkpt>
   <trkpt lat="42.69426000000001" lon="2.8040700000000003">
    <ele>56.940000000000005</ele>
   </trkpt>
   <trkpt lat="42.694230000000005" lon="2.80424">
    <ele>56.790000000000006</ele>
   </trkpt>
   <trkpt lat="42.69391500302076" lon="2.805080004388666">
    <ele>56.400000000000006</ele>
   </trkpt>
   <trkpt lat="42.6936" lon="2.8059200000000004">
    <ele>55.980000000000004</ele>
   </trkpt>
   <trkpt lat="42.693540000000006" lon="2.8060500000000004">
    <ele>55.980000000000004</ele>
   </trkpt>
   <trkpt lat="42.693540000000006" lon="2.8062600000000004">
    <ele>55.760000000000005</ele>
   </trkpt>
   <trkpt lat="42.693960000000004" lon="2.8072100000000004">
    <ele>54.62</ele>
   </trkpt>
   <trkpt lat="42.69404" lon="2.80744">
    <ele>54.46</ele>
   </trkpt>
   <trkpt lat="42.6942" lon="2.8080700000000003">
    <ele>54.07000000000001</ele>
   </trkpt>
   <trkpt lat="42.69429" lon="2.8087000000000004">
    <ele>53.64000000000001</ele>
   </trkpt>
   <trkpt lat="42.69436" lon="2.80955">
    <ele>53.44</ele>
   </trkpt>
   <trkpt lat="42.69444" lon="2.8100400000000003">
    <ele>52.95</ele>
   </trkpt>
   <trkpt lat="42.69459000150899" lon="2.8106199987766565">
    <ele>53.13</ele>
   </trkpt>
   <trkpt lat="42.69474" lon="2.8112000000000004">
    <ele>53.45</ele>
   </trkpt>
   <trkpt lat="42.69501500433418" lon="2.8122049953353936">
    <ele>52.51</ele>
   </trkpt>
   <trkpt lat="42.69529" lon="2.81321">
    <ele>52.13</ele>
   </trkpt>
   <trkpt lat="42.695550000000004" lon="2.81435">
    <ele>51.68</ele>
   </trkpt>
   <trkpt lat="42.6957" lon="2.81538">
    <ele>51.080000000000005</ele>
   </trkpt>
   <trkpt lat="42.69583000445655" lon="2.816394997686816">
    <ele>50.52</ele>
   </trkpt>
   <trkpt lat="42.69596000000001" lon="2.81741">
    <ele>50.38</ele>
   </trkpt>
   <trkpt lat="42.69608000244906" lon="2.818164998351686">
    <ele>50.0</ele>
   </trkpt>
   <trkpt lat="42.696200000000005" lon="2.8189200000000003">
    <ele>49.82</ele>
   </trkpt>
   <trkpt lat="42.6963" lon="2.8193">
    <ele>49.79</ele>
   </trkpt>
   <trkpt lat="42.69659333815215" lon="2.8200433263425095">
    <ele>49.5</ele>
   </trkpt>
   <trkpt lat="42.69688667149805" lon="2.8207866597076072">
    <ele>49.39</ele>
   </trkpt>
   <trkpt lat="42.69718" lon="2.82153">
    <ele>49.24</ele>
   </trkpt>
   <trkpt lat="42.69718" lon="2.82152">
    <ele>49.24</ele>
   </trkpt>
   <trkpt lat="42.69746500206975" lon="2.8222149967345027">
    <ele>49.06</ele>
   </trkpt>
   <trkpt lat="42.697750000000006" lon="2.8229100000000003">
    <ele>49.050000000000004</ele>
   </trkpt>
   <trkpt lat="42.697880000000005" lon="2.82309">
    <ele>48.77</ele>
   </trkpt>
   <trkpt lat="42.697970000000005" lon="2.82316">
    <ele>48.77</ele>
   </trkpt>
   <trkpt lat="42.698150000000005" lon="2.82322">
    <ele>48.57</ele>
   </trkpt>
   <trkpt lat="42.69836" lon="2.8232000000000004">
    <ele>48.57</ele>
   </trkpt>
   <trkpt lat="42.698780000000006" lon="2.8231300000000004">
    <ele>48.57</ele>
   </trkpt>
   <trkpt lat="42.69952000000001" lon="2.82297">
    <ele>49.82</ele>
   </trkpt>
   <trkpt lat="42.699580000000005" lon="2.8230000000000004">
    <ele>49.82</ele>
   </trkpt>
   <trkpt lat="42.699670000000005" lon="2.8231400000000004">
    <ele>50.260000000000005</ele>
   </trkpt>
   <trkpt lat="42.699690000000004" lon="2.8233400000000004">
    <ele>50.43</ele>
   </trkpt>
   <trkpt lat="42.69999000000001" lon="2.8233">
    <ele>50.690000000000005</ele>
   </trkpt>
   <trkpt lat="42.70011" lon="2.8233200000000003">
    <ele>50.72</ele>
   </trkpt>
   <trkpt lat="42.70022" lon="2.82322">
    <ele>50.72</ele>
   </trkpt>
   <trkpt lat="42.70027" lon="2.8229400000000004">
    <ele>50.7</ele>
   </trkpt>
   <trkpt lat="42.700590000000005" lon="2.82289">
    <ele>50.7</ele>
   </trkpt>
   <trkpt lat="42.700720000000004" lon="2.8229100000000003">
    <ele>50.67000000000001</ele>
   </trkpt>
   <trkpt lat="42.70076" lon="2.8225100000000003">
    <ele>50.72</ele>
   </trkpt>
   <trkpt lat="42.7010575132472" lon="2.8215025144725567">
    <ele>51.15</ele>
   </trkpt>
   <trkpt lat="42.70135501766504" lon="2.8204950192899574">
    <ele>51.7</ele>
   </trkpt>
   <trkpt lat="42.70165251325333" lon="2.8194875144522955">
    <ele>51.99</ele>
   </trkpt>
   <trkpt lat="42.701950000000004" lon="2.81848">
    <ele>52.95</ele>
   </trkpt>
   <trkpt lat="42.70196000000001" lon="2.81841">
    <ele>52.95</ele>
   </trkpt>
   <trkpt lat="42.70203" lon="2.81834">
    <ele>53.15</ele>
   </trkpt>
   <trkpt lat="42.70205000000001" lon="2.8182300000000002">
    <ele>53.15</ele>
   </trkpt>
   <trkpt lat="42.70203" lon="2.8181800000000004">
    <ele>53.21000000000001</ele>
   </trkpt>
   <trkpt lat="42.702110000000005" lon="2.81788">
    <ele>53.28</ele>
   </trkpt>
   <trkpt lat="42.702417320344544" lon="2.8168336881564096">
    <ele>53.92</ele>
   </trkpt>
   <trkpt lat="42.70272463116604" lon="2.815787365954553">
    <ele>54.940000000000005</ele>
   </trkpt>
   <trkpt lat="42.70303193246431" lon="2.8147410333945375">
    <ele>54.86000000000001</ele>
   </trkpt>
   <trkpt lat="42.70333922423913" lon="2.8136946904764675">
    <ele>54.96</ele>
   </trkpt>
   <trkpt lat="42.70364650649032" lon="2.812648337200453">
    <ele>55.18000000000001</ele>
   </trkpt>
   <trkpt lat="42.70395377921769" lon="2.8116019735666002">
    <ele>55.25000000000001</ele>
   </trkpt>
   <trkpt lat="42.70426104242102" lon="2.8105555995750153">
    <ele>55.28</ele>
   </trkpt>
   <trkpt lat="42.704568296100135" lon="2.809509215225806">
    <ele>55.370000000000005</ele>
   </trkpt>
   <trkpt lat="42.70487554025482" lon="2.808462820519079">
    <ele>55.63</ele>
   </trkpt>
   <trkpt lat="42.7051827748849" lon="2.807416415454942">
    <ele>56.31</ele>
   </trkpt>
   <trkpt lat="42.705490000000005" lon="2.8063700000000003">
    <ele>56.78</ele>
   </trkpt>
   <trkpt lat="42.705740003184864" lon="2.805510003573148">
    <ele>57.290000000000006</ele>
   </trkpt>
   <trkpt lat="42.70599000000001" lon="2.80465">
    <ele>58.010000000000005</ele>
   </trkpt>
   <trkpt lat="42.70623333889743" lon="2.8038500062818343">
    <ele>58.49000000000001</ele>
   </trkpt>
   <trkpt lat="42.70647667222772" lon="2.8030500062918695">
    <ele>59.07</ele>
   </trkpt>
   <trkpt lat="42.706720000000004" lon="2.8022500000000004">
    <ele>59.35000000000001</ele>
   </trkpt>
   <trkpt lat="42.706997512016464" lon="2.8012900129044445">
    <ele>60.14000000000001</ele>
   </trkpt>
   <trkpt lat="42.70727501601632" lon="2.8003300172256385">
    <ele>61.050000000000004</ele>
   </trkpt>
   <trkpt lat="42.70755251199947" lon="2.799370012963672">
    <ele>62.800000000000004</ele>
   </trkpt>
   <trkpt lat="42.70783" lon="2.79841">
    <ele>64.74000000000001</ele>
   </trkpt>
   <trkpt lat="42.70806000515998" lon="2.7976400056977746">
    <ele>66.96000000000001</ele>
   </trkpt>
   <trkpt lat="42.70829000516252" lon="2.796870005689351">
    <ele>69.23</ele>
   </trkpt>
   <trkpt lat="42.70852" lon="2.7961">
    <ele>71.98</ele>
   </trkpt>
   <trkpt lat="42.70866" lon="2.7957500000000004">
    <ele>72.42000000000002</ele>
   </trkpt>
   <trkpt lat="42.708760000000005" lon="2.7956100000000004">
    <ele>73.23</ele>
   </trkpt>
   <trkpt lat="42.70897" lon="2.7958000000000003">
    <ele>74.12</ele>
   </trkpt>
   <trkpt lat="42.70951" lon="2.7962100000000003">
    <ele>76.49</ele>
   </trkpt>
   <trkpt lat="42.709920000000004" lon="2.7965600000000004">
    <ele>78.4</ele>
   </trkpt>
   <trkpt lat="42.71031000000001" lon="2.79694">
    <ele>80.85000000000001</ele>
   </trkpt>
   <trkpt lat="42.71036" lon="2.7970300000000003">
    <ele>80.85000000000001</ele>
   </trkpt>
   <trkpt lat="42.71038" lon="2.79712">
    <ele>80.96000000000001</ele>
   </trkpt>
   <trkpt lat="42.71043" lon="2.7972">
    <ele>80.96000000000001</ele>
   </trkpt>
   <trkpt lat="42.7105" lon="2.7972300000000003">
    <ele>81.46000000000001</ele>
   </trkpt>
   <trkpt lat="42.71058" lon="2.7972">
    <ele>81.46000000000001</ele>
   </trkpt>
   <trkpt lat="42.710640000000005" lon="2.79713">
    <ele>81.60000000000001</ele>
   </trkpt>
   <trkpt lat="42.710750000000004" lon="2.7970800000000002">
    <ele>81.61</ele>
   </trkpt>
   <trkpt lat="42.710950000000004" lon="2.7970400000000004">
    <ele>81.93</ele>
   </trkpt>
   <trkpt lat="42.711360000000006" lon="2.7970300000000003">
    <ele>83.30000000000001</ele>
   </trkpt>
   <trkpt lat="42.71166" lon="2.7970800000000002">
    <ele>83.48</ele>
   </trkpt>
   <trkpt lat="42.71233" lon="2.7973500000000002">
    <ele>83.69</ele>
   </trkpt>
   <trkpt lat="42.713010000000004" lon="2.7977100000000004">
    <ele>83.83</ele>
   </trkpt>
   <trkpt lat="42.713570000000004" lon="2.79815">
    <ele>83.55000000000001</ele>
   </trkpt>
   <trkpt lat="42.71419800563458" lon="2.798717977028424">
    <ele>83.46000000000001</ele>
   </trkpt>
   <trkpt lat="42.71482600846286" lon="2.7992859655520363">
    <ele>83.10000000000001</ele>
   </trkpt>
   <trkpt lat="42.71545400848473" lon="2.799853965571272">
    <ele>82.85000000000001</ele>
   </trkpt>
   <trkpt lat="42.71608200570005" lon="2.800421977086565">
    <ele>82.67</ele>
   </trkpt>
   <trkpt lat="42.716710000000006" lon="2.80099">
    <ele>82.68</ele>
   </trkpt>
   <trkpt lat="42.71725500106599" lon="2.801459995962805">
    <ele>82.83</ele>
   </trkpt>
   <trkpt lat="42.717800000000004" lon="2.80193">
    <ele>82.77000000000001</ele>
   </trkpt>
   <trkpt lat="42.71839000000001" lon="2.80248">
    <ele>82.74000000000001</ele>
   </trkpt>
   <trkpt lat="42.71862" lon="2.8026400000000002">
    <ele>83.17</ele>
   </trkpt>
   <trkpt lat="42.718770000000006" lon="2.8027">
    <ele>83.17</ele>
   </trkpt>
   <trkpt lat="42.718970000000006" lon="2.8027300000000004">
    <ele>83.5</ele>
   </trkpt>
   <trkpt lat="42.71956" lon="2.80275">
    <ele>83.62000000000002</ele>
   </trkpt>
   <trkpt lat="42.720343333398866" lon="2.8028016634056594">
    <ele>83.69</ele>
   </trkpt>
   <trkpt lat="42.7211266667745" lon="2.8028533281158277">
    <ele>83.95</ele>
   </trkpt>
   <trkpt lat="42.72191000012693" lon="2.802904994130573">
    <ele>84.62</ele>
   </trkpt>
   <trkpt lat="42.72269333345613" lon="2.802956661449964">
    <ele>85.96000000000001</ele>
   </trkpt>
   <trkpt lat="42.723476666762124" lon="2.8030083300740705">
    <ele>88.78000000000002</ele>
   </trkpt>
   <trkpt lat="42.72426" lon="2.8030600000000003">
    <ele>91.52</ele>
   </trkpt>
   <trkpt lat="42.72451" lon="2.8031">
    <ele>92.6</ele>
   </trkpt>
   <trkpt lat="42.72478" lon="2.80324">
    <ele>93.69000000000001</ele>
   </trkpt>
   <trkpt lat="42.72495000000001" lon="2.8034600000000003">
    <ele>94.7</ele>
   </trkpt>
   <trkpt lat="42.725370000000005" lon="2.80426">
    <ele>96.87</ele>
   </trkpt>
   <trkpt lat="42.725570000000005" lon="2.80459">
    <ele>98.56</ele>
   </trkpt>
   <trkpt lat="42.72583" lon="2.80479">
    <ele>99.52000000000001</ele>
   </trkpt>
   <trkpt lat="42.7266158445454" lon="2.805274099193663">
    <ele>101.32000000000001</ele>
   </trkpt>
   <trkpt lat="42.727401687052094" lon="2.8057582106527663">
    <ele>102.10000000000001</ele>
   </trkpt>
   <trkpt lat="42.72818752751994" lon="2.806242334377927">
    <ele>102.35000000000001</ele>
   </trkpt>
   <trkpt lat="42.728973365948846" lon="2.806726470369762">
    <ele>102.55</ele>
   </trkpt>
   <trkpt lat="42.72975920233871" lon="2.8072106186288877">
    <ele>102.61</ele>
   </trkpt>
   <trkpt lat="42.730545036689435" lon="2.8076947791559204">
    <ele>102.52000000000001</ele>
   </trkpt>
   <trkpt lat="42.73133086900088" lon="2.8081789519514766">
    <ele>101.91000000000001</ele>
   </trkpt>
   <trkpt lat="42.73211669927296" lon="2.8086631370161736">
    <ele>101.49000000000001</ele>
   </trkpt>
   <trkpt lat="42.732902527505566" lon="2.8091473343506275">
    <ele>100.80000000000001</ele>
   </trkpt>
   <trkpt lat="42.73368835369858" lon="2.8096315439554553">
    <ele>100.19</ele>
   </trkpt>
   <trkpt lat="42.734474177851915" lon="2.810115765831273">
    <ele>98.93</ele>
   </trkpt>
   <trkpt lat="42.735260000000004" lon="2.8106000000000004">
    <ele>97.02000000000001</ele>
   </trkpt>
   <trkpt lat="42.73567000029135" lon="2.8108649982388356">
    <ele>95.45</ele>
   </trkpt>
   <trkpt lat="42.73608" lon="2.8111300000000004">
    <ele>93.98</ele>
   </trkpt>
   <trkpt lat="42.736891435087415" lon="2.8116299607378643">
    <ele>93.39</ele>
   </trkpt>
   <trkpt lat="42.73770286800025" lon="2.8121299345602626">
    <ele>95.54</ele>
   </trkpt>
   <trkpt lat="42.7385142987384" lon="2.8126299214678743">
    <ele>96.51</ele>
   </trkpt>
   <trkpt lat="42.73932572730171" lon="2.81312992146138">
    <ele>96.52000000000001</ele>
   </trkpt>
   <trkpt lat="42.740137153690135" lon="2.8136299345414573">
    <ele>95.32</ele>
   </trkpt>
   <trkpt lat="42.74094857790347" lon="2.8141299607087853">
    <ele>94.54</ele>
   </trkpt>
   <trkpt lat="42.741760000000006" lon="2.81463">
    <ele>95.73</ele>
   </trkpt>
   <trkpt lat="42.74215" lon="2.81475">
    <ele>96.26</ele>
   </trkpt>
   <trkpt lat="42.74217" lon="2.81482">
    <ele>96.17</ele>
   </trkpt>
   <trkpt lat="42.74221" lon="2.8148700000000004">
    <ele>96.17</ele>
   </trkpt>
   <trkpt lat="42.74226" lon="2.8149">
    <ele>96.17</ele>
   </trkpt>
   <trkpt lat="42.74239" lon="2.81489">
    <ele>96.08000000000001</ele>
   </trkpt>
   <trkpt lat="42.74246" lon="2.8147900000000003">
    <ele>96.12</ele>
   </trkpt>
   <trkpt lat="42.742740000000005" lon="2.81469">
    <ele>95.32</ele>
   </trkpt>
   <trkpt lat="42.74287" lon="2.81462">
    <ele>94.26</ele>
   </trkpt>
   <trkpt lat="42.74346666815128" lon="2.814210007876623">
    <ele>90.4</ele>
   </trkpt>
   <trkpt lat="42.74406333484017" lon="2.8138000078614565">
    <ele>87.83</ele>
   </trkpt>
   <trkpt lat="42.74466" lon="2.81339">
    <ele>85.35000000000001</ele>
   </trkpt>
   <trkpt lat="42.745400000000004" lon="2.81291">
    <ele>81.95</ele>
   </trkpt>
   <trkpt lat="42.74557" lon="2.8128900000000003">
    <ele>82.13000000000001</ele>
   </trkpt>
   <trkpt lat="42.745610000000006" lon="2.81292">
    <ele>82.15</ele>
   </trkpt>
   <trkpt lat="42.74568" lon="2.81291">
    <ele>82.15</ele>
   </trkpt>
   <trkpt lat="42.745760000000004" lon="2.8128200000000003">
    <ele>81.98</ele>
   </trkpt>
   <trkpt lat="42.74577" lon="2.81273">
    <ele>81.98</ele>
   </trkpt>
   <trkpt lat="42.745850000000004" lon="2.8126200000000003">
    <ele>80.57000000000001</ele>
   </trkpt>
   <trkpt lat="42.74635500057664" lon="2.8122750027702965">
    <ele>78.78</ele>
   </trkpt>
   <trkpt lat="42.746860000000005" lon="2.8119300000000003">
    <ele>77.99000000000001</ele>
   </trkpt>
   <trkpt lat="42.74733500043908" lon="2.8116250023150333">
    <ele>76.87</ele>
   </trkpt>
   <trkpt lat="42.74781" lon="2.8113200000000003">
    <ele>76.27</ele>
   </trkpt>
   <trkpt lat="42.748160000000006" lon="2.8110600000000003">
    <ele>76.13</ele>
   </trkpt>
   <trkpt lat="42.74863000042948" lon="2.81075500229654">
    <ele>76.21</ele>
   </trkpt>
   <trkpt lat="42.749100000000006" lon="2.8104500000000003">
    <ele>77.19000000000001</ele>
   </trkpt>
   <trkpt lat="42.749210000000005" lon="2.81048">
    <ele>77.43</ele>
   </trkpt>
   <trkpt lat="42.74958" lon="2.81076">
    <ele>77.93</ele>
   </trkpt>
   <trkpt lat="42.750260000000004" lon="2.81122">
    <ele>77.65</ele>
   </trkpt>
   <trkpt lat="42.750690000000006" lon="2.81137">
    <ele>76.37</ele>
   </trkpt>
   <trkpt lat="42.75113" lon="2.81144">
    <ele>75.88</ele>
   </trkpt>
   <trkpt lat="42.75123000000001" lon="2.8114800000000004">
    <ele>75.79</ele>
   </trkpt>
   <trkpt lat="42.751290000000004" lon="2.8115300000000003">
    <ele>75.79</ele>
   </trkpt>
   <trkpt lat="42.75137" lon="2.8114600000000003">
    <ele>76.29</ele>
   </trkpt>
   <trkpt lat="42.75144" lon="2.81143">
    <ele>76.29</ele>
   </trkpt>
   <trkpt lat="42.752" lon="2.81144">
    <ele>77.39</ele>
   </trkpt>
   <trkpt lat="42.75258" lon="2.8122700000000003">
    <ele>77.11000000000001</ele>
   </trkpt>
   <trkpt lat="42.752680000000005" lon="2.81237">
    <ele>77.00000000000001</ele>
   </trkpt>
   <trkpt lat="42.753060000000005" lon="2.8126300000000004">
    <ele>77.03</ele>
   </trkpt>
   <trkpt lat="42.753280000000004" lon="2.8128200000000003">
    <ele>76.99</ele>
   </trkpt>
   <trkpt lat="42.753730000000004" lon="2.81326">
    <ele>76.99</ele>
   </trkpt>
   <trkpt lat="42.75386" lon="2.8134400000000004">
    <ele>76.71</ele>
   </trkpt>
   <trkpt lat="42.754310000000004" lon="2.81435">
    <ele>75.49</ele>
   </trkpt>
   <trkpt lat="42.75441" lon="2.81454">
    <ele>74.71000000000001</ele>
   </trkpt>
   <trkpt lat="42.75475" lon="2.8150500000000003">
    <ele>73.88</ele>
   </trkpt>
   <trkpt lat="42.754810000000006" lon="2.8151800000000002">
    <ele>73.88</ele>
   </trkpt>
   <trkpt lat="42.755215003848136" lon="2.816119993867286">
    <ele>72.84</ele>
   </trkpt>
   <trkpt lat="42.75562" lon="2.81706">
    <ele>72.18</ele>
   </trkpt>
   <trkpt lat="42.755770000000005" lon="2.81732">
    <ele>72.18</ele>
   </trkpt>
   <trkpt lat="42.75596" lon="2.81754">
    <ele>72.09</ele>
   </trkpt>
   <trkpt lat="42.75618" lon="2.8177100000000004">
    <ele>72.11</ele>
   </trkpt>
   <trkpt lat="42.756910000000005" lon="2.8182">
    <ele>72.60000000000001</ele>
   </trkpt>
   <trkpt lat="42.7574300003661" lon="2.8185149973169255">
    <ele>73.01</ele>
   </trkpt>
   <trkpt lat="42.75795" lon="2.81883">
    <ele>73.49</ele>
   </trkpt>
   <trkpt lat="42.75853666755241" lon="2.8191499939377156">
    <ele>74.68</ele>
   </trkpt>
   <trkpt lat="42.75912333421396" lon="2.819469993934841">
    <ele>76.58000000000001</ele>
   </trkpt>
   <trkpt lat="42.759710000000005" lon="2.8197900000000002">
    <ele>77.23</ele>
   </trkpt>
   <trkpt lat="42.76053" lon="2.8201300000000002">
    <ele>75.99</ele>
   </trkpt>
   <trkpt lat="42.761300000000006" lon="2.8205500000000003">
    <ele>73.64000000000001</ele>
   </trkpt>
   <trkpt lat="42.761720000000004" lon="2.82086">
    <ele>73.00000000000001</ele>
   </trkpt>
   <trkpt lat="42.76208500076844" lon="2.8212699976263704">
    <ele>71.53000000000002</ele>
   </trkpt>
   <trkpt lat="42.76245" lon="2.82168">
    <ele>69.13000000000001</ele>
   </trkpt>
   <trkpt lat="42.762550000000005" lon="2.82186">
    <ele>67.47</ele>
   </trkpt>
   <trkpt lat="42.76283334001939" lon="2.8227366586472438">
    <ele>65.56</ele>
   </trkpt>
   <trkpt lat="42.76311667335248" lon="2.82361332531299">
    <ele>65.46000000000001</ele>
   </trkpt>
   <trkpt lat="42.763400000000004" lon="2.8244900000000004">
    <ele>67.96000000000001</ele>
   </trkpt>
   <trkpt lat="42.763510000000004" lon="2.8247400000000003">
    <ele>67.96000000000001</ele>
   </trkpt>
   <trkpt lat="42.76386" lon="2.82533">
    <ele>69.51</ele>
   </trkpt>
   <trkpt lat="42.76427" lon="2.82575">
    <ele>69.52000000000001</ele>
   </trkpt>
   <trkpt lat="42.76451" lon="2.82608">
    <ele>69.5</ele>
   </trkpt>
   <trkpt lat="42.76462" lon="2.8261700000000003">
    <ele>69.15</ele>
   </trkpt>
   <trkpt lat="42.76476" lon="2.8262300000000002">
    <ele>68.33</ele>
   </trkpt>
   <trkpt lat="42.764860000000006" lon="2.8262300000000002">
    <ele>67.99000000000001</ele>
   </trkpt>
   <trkpt lat="42.76527" lon="2.8260300000000003">
    <ele>67.43</ele>
   </trkpt>
   <trkpt lat="42.765480000000004" lon="2.8260300000000003">
    <ele>67.52000000000001</ele>
   </trkpt>
   <trkpt lat="42.765730000000005" lon="2.8261000000000003">
    <ele>67.94</ele>
   </trkpt>
   <trkpt lat="42.76594" lon="2.8262">
    <ele>68.73</ele>
   </trkpt>
   <trkpt lat="42.76605000000001" lon="2.82629">
    <ele>69.05</ele>
   </trkpt>
   <trkpt lat="42.76628" lon="2.8266400000000003">
    <ele>69.56</ele>
   </trkpt>
   <trkpt lat="42.766380000000005" lon="2.8267100000000003">
    <ele>69.61</ele>
   </trkpt>
   <trkpt lat="42.76661" lon="2.8267700000000002">
    <ele>69.39</ele>
   </trkpt>
   <trkpt lat="42.76673" lon="2.82675">
    <ele>68.94</ele>
   </trkpt>
   <trkpt lat="42.76681000000001" lon="2.82669">
    <ele>68.94</ele>
   </trkpt>
   <trkpt lat="42.76722500105812" lon="2.826220003038697">
    <ele>65.71000000000001</ele>
   </trkpt>
   <trkpt lat="42.76764" lon="2.82575">
    <ele>63.25</ele>
   </trkpt>
   <trkpt lat="42.7678" lon="2.8256">
    <ele>62.300000000000004</ele>
   </trkpt>
   <trkpt lat="42.76798" lon="2.82559">
    <ele>61.21000000000001</ele>
   </trkpt>
   <trkpt lat="42.768130000000006" lon="2.8257100000000004">
    <ele>60.42</ele>
   </trkpt>
   <trkpt lat="42.768260000000005" lon="2.8258900000000002">
    <ele>58.93</ele>
   </trkpt>
   <trkpt lat="42.768330000000006" lon="2.82607">
    <ele>57.830000000000005</ele>
   </trkpt>
   <trkpt lat="42.76843" lon="2.8266000000000004">
    <ele>57.830000000000005</ele>
   </trkpt>
   <trkpt lat="42.76861" lon="2.82697">
    <ele>52.74</ele>
   </trkpt>
   <trkpt lat="42.76894" lon="2.82789">
    <ele>50.36</ele>
   </trkpt>
   <trkpt lat="42.76915" lon="2.82805">
    <ele>49.870000000000005</ele>
   </trkpt>
   <trkpt lat="42.769490000000005" lon="2.8285600000000004">
    <ele>48.57</ele>
   </trkpt>
   <trkpt lat="42.769780000000004" lon="2.8288900000000003">
    <ele>47.13</ele>
   </trkpt>
   <trkpt lat="42.770165000604926" lon="2.829274997567029">
    <ele>45.65</ele>
   </trkpt>
   <trkpt lat="42.77055" lon="2.82966">
    <ele>44.42</ele>
   </trkpt>
   <trkpt lat="42.771095000858885" lon="2.830104996082221">
    <ele>43.35000000000001</ele>
   </trkpt>
   <trkpt lat="42.771640000000005" lon="2.83055">
    <ele>42.06</ele>
   </trkpt>
   <trkpt lat="42.77221000053522" lon="2.830904996724712">
    <ele>41.300000000000004</ele>
   </trkpt>
   <trkpt lat="42.772780000000004" lon="2.8312600000000003">
    <ele>39.61000000000001</ele>
   </trkpt>
   <trkpt lat="42.772870000000005" lon="2.8314500000000002">
    <ele>39.45</ele>
   </trkpt>
   <trkpt lat="42.772920000000006" lon="2.8314700000000004">
    <ele>39.290000000000006</ele>
   </trkpt>
   <trkpt lat="42.77308" lon="2.83143">
    <ele>39.1</ele>
   </trkpt>
   <trkpt lat="42.7732" lon="2.8313400000000004">
    <ele>39.010000000000005</ele>
   </trkpt>
   <trkpt lat="42.7738" lon="2.83075">
    <ele>38.74</ele>
   </trkpt>
   <trkpt lat="42.77434000088167" lon="2.8302750042296307">
    <ele>38.13</ele>
   </trkpt>
   <trkpt lat="42.77488" lon="2.8298">
    <ele>37.720000000000006</ele>
   </trkpt>
   <trkpt lat="42.77525000000001" lon="2.82945">
    <ele>37.50000000000001</ele>
   </trkpt>
   <trkpt lat="42.775883336103085" lon="2.828890011418022">
    <ele>37.290000000000006</ele>
   </trkpt>
   <trkpt lat="42.77651666947779" lon="2.8283300113816185">
    <ele>37.4</ele>
   </trkpt>
   <trkpt lat="42.777150000000006" lon="2.82777">
    <ele>37.81</ele>
   </trkpt>
   <trkpt lat="42.777480000000004" lon="2.82758">
    <ele>37.78</ele>
   </trkpt>
   <trkpt lat="42.77756" lon="2.82764">
    <ele>37.63</ele>
   </trkpt>
   <trkpt lat="42.77761" lon="2.8276600000000003">
    <ele>37.63</ele>
   </trkpt>
   <trkpt lat="42.7777" lon="2.82764">
    <ele>37.45</ele>
   </trkpt>
   <trkpt lat="42.77779" lon="2.82756">
    <ele>37.45</ele>
   </trkpt>
   <trkpt lat="42.777840000000005" lon="2.82744">
    <ele>37.45</ele>
   </trkpt>
   <trkpt lat="42.77785" lon="2.82728">
    <ele>37.62</ele>
   </trkpt>
   <trkpt lat="42.77779" lon="2.8271400000000004">
    <ele>37.62</ele>
   </trkpt>
   <trkpt lat="42.777770000000004" lon="2.8263000000000003">
    <ele>37.1</ele>
   </trkpt>
   <trkpt lat="42.77778000000001" lon="2.82594">
    <ele>36.86000000000001</ele>
   </trkpt>
   <trkpt lat="42.777860000000004" lon="2.8252200000000003">
    <ele>36.85</ele>
   </trkpt>
   <trkpt lat="42.77800000181861" lon="2.824575001417585">
    <ele>36.84</ele>
   </trkpt>
   <trkpt lat="42.77814" lon="2.8239300000000003">
    <ele>36.75000000000001</ele>
   </trkpt>
   <trkpt lat="42.7782566776487" lon="2.8228066708690585">
    <ele>36.42</ele>
   </trkpt>
   <trkpt lat="42.77837334431859" lon="2.821683337504928">
    <ele>36.19</ele>
   </trkpt>
   <trkpt lat="42.778490000000005" lon="2.8205600000000004">
    <ele>36.26</ele>
   </trkpt>
   <trkpt lat="42.778540001600796" lon="2.819950000711232">
    <ele>36.76</ele>
   </trkpt>
   <trkpt lat="42.77859" lon="2.8193400000000004">
    <ele>37.160000000000004</ele>
   </trkpt>
   <trkpt lat="42.778666677192284" lon="2.818240002751025">
    <ele>37.27</ele>
   </trkpt>
   <trkpt lat="42.77874334385711" lon="2.817140002777923">
    <ele>37.56</ele>
   </trkpt>
   <trkpt lat="42.77882" lon="2.81604">
    <ele>38.28</ele>
   </trkpt>
   <trkpt lat="42.77892667452819" lon="2.815090003189482">
    <ele>38.50000000000001</ele>
   </trkpt>
   <trkpt lat="42.77903334120426" lon="2.814140003105781">
    <ele>38.99</ele>
   </trkpt>
   <trkpt lat="42.779140000000005" lon="2.81319">
    <ele>39.49</ele>
   </trkpt>
   <trkpt lat="42.77927000390911" lon="2.812240002118495">
    <ele>39.75</ele>
   </trkpt>
   <trkpt lat="42.7794" lon="2.81129">
    <ele>40.17</ele>
   </trkpt>
   <trkpt lat="42.779450000000004" lon="2.81097">
    <ele>40.260000000000005</ele>
   </trkpt>
   <trkpt lat="42.77965333854682" lon="2.8101966717068425">
    <ele>40.32</ele>
   </trkpt>
   <trkpt lat="42.779856671890435" lon="2.809423338334508">
    <ele>40.720000000000006</ele>
   </trkpt>
   <trkpt lat="42.780060000000006" lon="2.80865">
    <ele>41.24</ele>
   </trkpt>
   <trkpt lat="42.780210000000004" lon="2.80797">
    <ele>42.0</ele>
   </trkpt>
   <trkpt lat="42.780410011375245" lon="2.8068266740420396">
    <ele>41.510000000000005</ele>
   </trkpt>
   <trkpt lat="42.78061001137723" lon="2.8056833406975725">
    <ele>41.75</ele>
   </trkpt>
   <trkpt lat="42.78081" lon="2.8045400000000003">
    <ele>42.510000000000005</ele>
   </trkpt>
   <trkpt lat="42.78101" lon="2.8038200000000004">
    <ele>42.31</ele>
   </trkpt>
   <trkpt lat="42.781285002640864" lon="2.8030350036004643">
    <ele>42.24000000000001</ele>
   </trkpt>
   <trkpt lat="42.781560000000006" lon="2.8022500000000004">
    <ele>42.47</ele>
   </trkpt>
   <trkpt lat="42.78164" lon="2.8019200000000004">
    <ele>42.74</ele>
   </trkpt>
   <trkpt lat="42.78173" lon="2.8014500000000004">
    <ele>42.84</ele>
   </trkpt>
   <trkpt lat="42.781850002688536" lon="2.800670001239812">
    <ele>43.47</ele>
   </trkpt>
   <trkpt lat="42.78197" lon="2.7998900000000004">
    <ele>44.21000000000001</ele>
   </trkpt>
   <trkpt lat="42.78208000161801" lon="2.7992800010877272">
    <ele>44.230000000000004</ele>
   </trkpt>
   <trkpt lat="42.78219000000001" lon="2.7986700000000004">
    <ele>44.620000000000005</ele>
   </trkpt>
   <trkpt lat="42.78224" lon="2.79821">
    <ele>44.84</ele>
   </trkpt>
   <trkpt lat="42.78224" lon="2.7977800000000004">
    <ele>45.28</ele>
   </trkpt>
   <trkpt lat="42.782160009227205" lon="2.796749997297325">
    <ele>45.790000000000006</ele>
   </trkpt>
   <trkpt lat="42.78208000922401" lon="2.7957199972563207">
    <ele>46.44</ele>
   </trkpt>
   <trkpt lat="42.782000000000004" lon="2.79469">
    <ele>47.00000000000001</ele>
   </trkpt>
   <trkpt lat="42.781960000000005" lon="2.79441">
    <ele>47.06</ele>
   </trkpt>
   <trkpt lat="42.78183000000001" lon="2.79393">
    <ele>47.220000000000006</ele>
   </trkpt>
   <trkpt lat="42.781710000000004" lon="2.7936500000000004">
    <ele>47.330000000000005</ele>
   </trkpt>
   <trkpt lat="42.78159" lon="2.7934400000000004">
    <ele>47.330000000000005</ele>
   </trkpt>
   <trkpt lat="42.781180000000006" lon="2.7929100000000004">
    <ele>47.580000000000005</ele>
   </trkpt>
   <trkpt lat="42.781180000000006" lon="2.7929000000000004">
    <ele>47.580000000000005</ele>
   </trkpt>
   <trkpt lat="42.7807850011159" lon="2.7923949967865527">
    <ele>47.68000000000001</ele>
   </trkpt>
   <trkpt lat="42.780390000000004" lon="2.7918900000000004">
    <ele>47.85</ele>
   </trkpt>
   <trkpt lat="42.780080000000005" lon="2.7913500000000004">
    <ele>47.370000000000005</ele>
   </trkpt>
   <trkpt lat="42.780080000000005" lon="2.79123">
    <ele>47.370000000000005</ele>
   </trkpt>
   <trkpt lat="42.78004000000001" lon="2.7911200000000003">
    <ele>47.300000000000004</ele>
   </trkpt>
   <trkpt lat="42.77996" lon="2.7910600000000003">
    <ele>47.300000000000004</ele>
   </trkpt>
   <trkpt lat="42.77989" lon="2.7910500000000003">
    <ele>47.43000000000001</ele>
   </trkpt>
   <trkpt lat="42.77985" lon="2.7910600000000003">
    <ele>47.43000000000001</ele>
   </trkpt>
   <trkpt lat="42.77947" lon="2.7907">
    <ele>47.88</ele>
   </trkpt>
   <trkpt lat="42.779050000000005" lon="2.79015">
    <ele>47.790000000000006</ele>
   </trkpt>
   <trkpt lat="42.77881" lon="2.78989">
    <ele>47.900000000000006</ele>
   </trkpt>
   <trkpt lat="42.77859" lon="2.78973">
    <ele>48.31</ele>
   </trkpt>
   <trkpt lat="42.778676672408984" lon="2.7889166690664235">
    <ele>48.89</ele>
   </trkpt>
   <trkpt lat="42.778763339062564" lon="2.7881033358560035">
    <ele>49.63000000000001</ele>
   </trkpt>
   <trkpt lat="42.778850000000006" lon="2.78729">
    <ele>52.120000000000005</ele>
   </trkpt>
   <trkpt lat="42.778580000000005" lon="2.7869200000000003">
    <ele>53.27</ele>
   </trkpt>
   <trkpt lat="42.77843" lon="2.78668">
    <ele>53.410000000000004</ele>
   </trkpt>
   <trkpt lat="42.77823" lon="2.78643">
    <ele>54.62</ele>
   </trkpt>
   <trkpt lat="42.77807000000001" lon="2.7863300000000004">
    <ele>55.18000000000001</ele>
   </trkpt>
   <trkpt lat="42.777370000000005" lon="2.78596">
    <ele>58.010000000000005</ele>
   </trkpt>
   <trkpt lat="42.77729" lon="2.78582">
    <ele>58.7</ele>
   </trkpt>
   <trkpt lat="42.77727" lon="2.78567">
    <ele>59.980000000000004</ele>
   </trkpt>
   <trkpt lat="42.77732" lon="2.78553">
    <ele>59.980000000000004</ele>
   </trkpt>
   <trkpt lat="42.7774" lon="2.7854300000000003">
    <ele>61.21000000000001</ele>
   </trkpt>
   <trkpt lat="42.777480000000004" lon="2.78539">
    <ele>61.21000000000001</ele>
   </trkpt>
   <trkpt lat="42.777820000000006" lon="2.7855100000000004">
    <ele>63.40000000000001</ele>
   </trkpt>
   <trkpt lat="42.77792" lon="2.7854900000000002">
    <ele>63.40000000000001</ele>
   </trkpt>
   <trkpt lat="42.778090000000006" lon="2.7854300000000003">
    <ele>64.14999999999999</ele>
   </trkpt>
   <trkpt lat="42.77828" lon="2.7854">
    <ele>64.7</ele>
   </trkpt>
   <trkpt lat="42.77866" lon="2.78547">
    <ele>66.51</ele>
   </trkpt>
   <trkpt lat="42.778960000000005" lon="2.78559">
    <ele>68.01</ele>
   </trkpt>
   <trkpt lat="42.77908" lon="2.78559">
    <ele>68.44</ele>
   </trkpt>
   <trkpt lat="42.779140000000005" lon="2.7855700000000003">
    <ele>68.44</ele>
   </trkpt>
   <trkpt lat="42.77947" lon="2.7853800000000004">
    <ele>68.82000000000001</ele>
   </trkpt>
   <trkpt lat="42.77953" lon="2.7853000000000003">
    <ele>68.77000000000001</ele>
   </trkpt>
   <trkpt lat="42.779790002321896" lon="2.7845700030551037">
    <ele>67.9</ele>
   </trkpt>
   <trkpt lat="42.78005" lon="2.78384">
    <ele>64.46000000000001</ele>
   </trkpt>
   <trkpt lat="42.78016" lon="2.7837300000000003">
    <ele>64.46000000000001</ele>
   </trkpt>
   <trkpt lat="42.780240000000006" lon="2.7836900000000004">
    <ele>62.72000000000001</ele>
   </trkpt>
   <trkpt lat="42.780390000000004" lon="2.7836800000000004">
    <ele>62.2</ele>
   </trkpt>
   <trkpt lat="42.780480000000004" lon="2.78364">
    <ele>61.980000000000004</ele>
   </trkpt>
   <trkpt lat="42.780570000000004" lon="2.7835300000000003">
    <ele>61.58</ele>
   </trkpt>
   <trkpt lat="42.78063" lon="2.7833400000000004">
    <ele>61.08</ele>
   </trkpt>
   <trkpt lat="42.78065" lon="2.78248">
    <ele>59.28000000000001</ele>
   </trkpt>
   <trkpt lat="42.7807" lon="2.78223">
    <ele>58.010000000000005</ele>
   </trkpt>
   <trkpt lat="42.78089000000001" lon="2.78174">
    <ele>56.160000000000004</ele>
   </trkpt>
   <trkpt lat="42.78132" lon="2.78106">
    <ele>55.17</ele>
   </trkpt>
   <trkpt lat="42.781710000000004" lon="2.78052">
    <ele>54.63</ele>
   </trkpt>
   <trkpt lat="42.78197" lon="2.78019">
    <ele>54.330000000000005</ele>
   </trkpt>
   <trkpt lat="42.78238" lon="2.7792800000000004">
    <ele>54.290000000000006</ele>
   </trkpt>
   <trkpt lat="42.78255" lon="2.77896">
    <ele>54.31</ele>
   </trkpt>
   <trkpt lat="42.78299000620868" lon="2.778116678614031">
    <ele>54.06</ele>
   </trkpt>
   <trkpt lat="42.78343000622955" lon="2.777273345240899">
    <ele>54.11000000000001</ele>
   </trkpt>
   <trkpt lat="42.78387" lon="2.7764300000000004">
    <ele>54.35</ele>
   </trkpt>
   <trkpt lat="42.784000000000006" lon="2.77617">
    <ele>54.31</ele>
   </trkpt>
   <trkpt lat="42.784220000000005" lon="2.7754700000000003">
    <ele>54.57000000000001</ele>
   </trkpt>
   <trkpt lat="42.7845" lon="2.77475">
    <ele>54.900000000000006</ele>
   </trkpt>
   <trkpt lat="42.78471500184113" lon="2.7741000022479483">
    <ele>55.02</ele>
   </trkpt>
   <trkpt lat="42.78493" lon="2.7734500000000004">
    <ele>54.82000000000001</ele>
   </trkpt>
   <trkpt lat="42.78510000000001" lon="2.77307">
    <ele>54.86000000000001</ele>
   </trkpt>
   <trkpt lat="42.78519" lon="2.77281">
    <ele>55.1</ele>
   </trkpt>
   <trkpt lat="42.785250000000005" lon="2.7724800000000003">
    <ele>55.23</ele>
   </trkpt>
   <trkpt lat="42.78528" lon="2.7721400000000003">
    <ele>55.330000000000005</ele>
   </trkpt>
   <trkpt lat="42.78524" lon="2.77178">
    <ele>55.330000000000005</ele>
   </trkpt>
   <trkpt lat="42.785180000000004" lon="2.77149">
    <ele>55.35</ele>
   </trkpt>
   <trkpt lat="42.78513" lon="2.77111">
    <ele>55.53</ele>
   </trkpt>
   <trkpt lat="42.785030000000006" lon="2.7707400000000004">
    <ele>56.080000000000005</ele>
   </trkpt>
   <trkpt lat="42.78483000000001" lon="2.77015">
    <ele>57.09</ele>
   </trkpt>
   <trkpt lat="42.78448" lon="2.7692200000000002">
    <ele>58.03</ele>
   </trkpt>
   <trkpt lat="42.784230002838186" lon="2.768419996942205">
    <ele>59.21000000000001</ele>
   </trkpt>
   <trkpt lat="42.78398000000001" lon="2.7676200000000004">
    <ele>61.26</ele>
   </trkpt>
   <trkpt lat="42.78379" lon="2.7672600000000003">
    <ele>62.07000000000001</ele>
   </trkpt>
   <trkpt lat="42.783570000000005" lon="2.76695">
    <ele>62.68</ele>
   </trkpt>
   <trkpt lat="42.783390000000004" lon="2.7667800000000002">
    <ele>62.81</ele>
   </trkpt>
   <trkpt lat="42.78264" lon="2.76637">
    <ele>64.49000000000001</ele>
   </trkpt>
   <trkpt lat="42.78229" lon="2.7661300000000004">
    <ele>64.49000000000001</ele>
   </trkpt>
   <trkpt lat="42.782030000000006" lon="2.7658500000000004">
    <ele>65.03</ele>
   </trkpt>
   <trkpt lat="42.78182" lon="2.7657200000000004">
    <ele>65.79</ele>
   </trkpt>
   <trkpt lat="42.78119000034836" lon="2.7654149968692687">
    <ele>66.05000000000001</ele>
   </trkpt>
   <trkpt lat="42.78056" lon="2.7651100000000004">
    <ele>66.9</ele>
   </trkpt>
   <trkpt lat="42.7804" lon="2.76499">
    <ele>67.11</ele>
   </trkpt>
   <trkpt lat="42.78018" lon="2.76492">
    <ele>66.88000000000001</ele>
   </trkpt>
   <trkpt lat="42.77938500068334" lon="2.764539995147375">
    <ele>66.75</ele>
   </trkpt>
   <trkpt lat="42.77859" lon="2.7641600000000004">
    <ele>68.74000000000001</ele>
   </trkpt>
   <trkpt lat="42.778420000000004" lon="2.76412">
    <ele>68.84000000000002</ele>
   </trkpt>
   <trkpt lat="42.778240000000004" lon="2.7641500000000003">
    <ele>68.37</ele>
   </trkpt>
   <trkpt lat="42.777860000000004" lon="2.7643600000000004">
    <ele>66.93</ele>
   </trkpt>
   <trkpt lat="42.77774" lon="2.76439">
    <ele>66.93</ele>
   </trkpt>
   <trkpt lat="42.7770200001447" lon="2.7642799987350695">
    <ele>63.96</ele>
   </trkpt>
   <trkpt lat="42.776300000000006" lon="2.76417">
    <ele>62.28</ele>
   </trkpt>
   <trkpt lat="42.776120000000006" lon="2.76406">
    <ele>62.220000000000006</ele>
   </trkpt>
   <trkpt lat="42.7759" lon="2.76383">
    <ele>62.330000000000005</ele>
   </trkpt>
   <trkpt lat="42.775710000000004" lon="2.76351">
    <ele>62.57</ele>
   </trkpt>
   <trkpt lat="42.77543" lon="2.7627300000000004">
    <ele>61.81</ele>
   </trkpt>
   <trkpt lat="42.775270000000006" lon="2.76214">
    <ele>60.160000000000004</ele>
   </trkpt>
   <trkpt lat="42.77512667770629" lon="2.7610133280832128">
    <ele>58.120000000000005</ele>
   </trkpt>
   <trkpt lat="42.774983344368486" lon="2.7598866613816364">
    <ele>58.300000000000004</ele>
   </trkpt>
   <trkpt lat="42.774840000000005" lon="2.75876">
    <ele>58.96</ele>
   </trkpt>
   <trkpt lat="42.774770000000004" lon="2.7580600000000004">
    <ele>59.36</ele>
   </trkpt>
   <trkpt lat="42.77472" lon="2.75715">
    <ele>59.57</ele>
   </trkpt>
   <trkpt lat="42.7747" lon="2.7562">
    <ele>59.85000000000001</ele>
   </trkpt>
   <trkpt lat="42.774710000000006" lon="2.75565">
    <ele>60.010000000000005</ele>
   </trkpt>
   <trkpt lat="42.77476501522312" lon="2.7545700028576907">
    <ele>60.54</ele>
   </trkpt>
   <trkpt lat="42.774820020298186" lon="2.7534900037966894">
    <ele>60.46000000000001</ele>
   </trkpt>
   <trkpt lat="42.774875015225184" lon="2.752410002817343">
    <ele>60.95</ele>
   </trkpt>
   <trkpt lat="42.774930000000005" lon="2.7513300000000003">
    <ele>61.33</ele>
   </trkpt>
   <trkpt lat="42.775018021596" lon="2.7502160063086882">
    <ele>61.550000000000004</ele>
   </trkpt>
   <trkpt lat="42.77510603239499" lon="2.749102009450805">
    <ele>61.89000000000001</ele>
   </trkpt>
   <trkpt lat="42.77519403239692" lon="2.747988009426722">
    <ele>62.11000000000001</ele>
   </trkpt>
   <trkpt lat="42.77528202160175" lon="2.746874006236807">
    <ele>62.480000000000004</ele>
   </trkpt>
   <trkpt lat="42.77537" lon="2.74576">
    <ele>63.300000000000004</ele>
   </trkpt>
   <trkpt lat="42.77543" lon="2.7453100000000004">
    <ele>63.47</ele>
   </trkpt>
   <trkpt lat="42.77565835523017" lon="2.74430668516056">
    <ele>64.19000000000001</ele>
   </trkpt>
   <trkpt lat="42.77588670170215" lon="2.743303362921754">
    <ele>64.34</ele>
   </trkpt>
   <trkpt lat="42.77611503941578" lon="2.742300033283753">
    <ele>64.44000000000001</ele>
   </trkpt>
   <trkpt lat="42.776343368370966" lon="2.7412966962467267">
    <ele>65.25</ele>
   </trkpt>
   <trkpt lat="42.77657168856754" lon="2.7402933518108457">
    <ele>65.72</ele>
   </trkpt>
   <trkpt lat="42.7768" lon="2.73929">
    <ele>65.86</ele>
   </trkpt>
   <trkpt lat="42.77687" lon="2.7391300000000003">
    <ele>65.82000000000001</ele>
   </trkpt>
   <trkpt lat="42.77706500435506" lon="2.738130003124164">
    <ele>64.92</ele>
   </trkpt>
   <trkpt lat="42.777260000000005" lon="2.73713">
    <ele>64.12</ele>
   </trkpt>
   <trkpt lat="42.77736" lon="2.73593">
    <ele>63.77</ele>
   </trkpt>
   <trkpt lat="42.777410012253405" lon="2.734743335209277">
    <ele>63.76000000000001</ele>
   </trkpt>
   <trkpt lat="42.77746001225514" lon="2.733556668501955">
    <ele>64.26</ele>
   </trkpt>
   <trkpt lat="42.77751000000001" lon="2.7323700000000004">
    <ele>64.60000000000001</ele>
   </trkpt>
   <trkpt lat="42.77785001897167" lon="2.731326022911337">
    <ele>64.96000000000001</ele>
   </trkpt>
   <trkpt lat="42.77819002846077" lon="2.7302820343576024">
    <ele>65.38000000000001</ele>
   </trkpt>
   <trkpt lat="42.77853002846708" lon="2.729238034338853">
    <ele>66.57000000000001</ele>
   </trkpt>
   <trkpt lat="42.77887001899037" lon="2.728194022855148">
    <ele>66.61</ele>
   </trkpt>
   <trkpt lat="42.779210000000006" lon="2.7271500000000004">
    <ele>65.55000000000001</ele>
   </trkpt>
   <trkpt lat="42.77939000000001" lon="2.7262000000000004">
    <ele>65.41000000000001</ele>
   </trkpt>
   <trkpt lat="42.77958" lon="2.7256600000000004">
    <ele>67.76</ele>
   </trkpt>
   <trkpt lat="42.7796" lon="2.7253800000000004">
    <ele>68.0</ele>
   </trkpt>
   <trkpt lat="42.77964" lon="2.7253200000000004">
    <ele>68.85000000000001</ele>
   </trkpt>
   <trkpt lat="42.77969" lon="2.7253000000000003">
    <ele>68.85000000000001</ele>
   </trkpt>
   <trkpt lat="42.77993" lon="2.72528">
    <ele>70.87</ele>
   </trkpt>
   <trkpt lat="42.780010000000004" lon="2.7252500000000004">
    <ele>70.87</ele>
   </trkpt>
   <trkpt lat="42.780100000000004" lon="2.72513">
    <ele>71.49000000000001</ele>
   </trkpt>
   <trkpt lat="42.780190000000005" lon="2.725">
    <ele>71.41</ele>
   </trkpt>
   <trkpt lat="42.780240000000006" lon="2.72479">
    <ele>70.82000000000001</ele>
   </trkpt>
   <trkpt lat="42.78027" lon="2.72447">
    <ele>70.69</ele>
   </trkpt>
   <trkpt lat="42.78027" lon="2.7239000000000004">
    <ele>70.86</ele>
   </trkpt>
   <trkpt lat="42.78016" lon="2.72275">
    <ele>73.09</ele>
   </trkpt>
   <trkpt lat="42.77991000335374" lon="2.7218699963937896">
    <ele>72.01</ele>
   </trkpt>
   <trkpt lat="42.77966000000001" lon="2.72099">
    <ele>72.85000000000001</ele>
   </trkpt>
   <trkpt lat="42.77946" lon="2.72013">
    <ele>73.8</ele>
   </trkpt>
   <trkpt lat="42.779430000000005" lon="2.71945">
    <ele>72.3</ele>
   </trkpt>
   <trkpt lat="42.779450000000004" lon="2.71925">
    <ele>72.29</ele>
   </trkpt>
   <trkpt lat="42.779720000000005" lon="2.71814">
    <ele>74.24</ele>
   </trkpt>
   <trkpt lat="42.77973" lon="2.71803">
    <ele>73.81</ele>
   </trkpt>
   <trkpt lat="42.779680000000006" lon="2.71761">
    <ele>72.71000000000001</ele>
   </trkpt>
   <trkpt lat="42.779680000000006" lon="2.71674">
    <ele>72.18</ele>
   </trkpt>
   <trkpt lat="42.7796" lon="2.71654">
    <ele>71.4</ele>
   </trkpt>
   <trkpt lat="42.77946" lon="2.71646">
    <ele>70.77</ele>
   </trkpt>
   <trkpt lat="42.77875" lon="2.71632">
    <ele>70.09</ele>
   </trkpt>
   <trkpt lat="42.778600000000004" lon="2.7169100000000004">
    <ele>69.11</ele>
   </trkpt>
   <trkpt lat="42.778560000000006" lon="2.71695">
    <ele>69.11</ele>
   </trkpt>
   <trkpt lat="42.7785" lon="2.7169600000000003">
    <ele>68.15</ele>
   </trkpt>
   <trkpt lat="42.77844" lon="2.71694">
    <ele>68.15</ele>
   </trkpt>
   <trkpt lat="42.778360000000006" lon="2.71681">
    <ele>68.15</ele>
   </trkpt>
   <trkpt lat="42.778130000000004" lon="2.7160100000000003">
    <ele>67.17</ele>
   </trkpt>
   <trkpt lat="42.77799" lon="2.7149900000000002">
    <ele>68.27000000000001</ele>
   </trkpt>
   <trkpt lat="42.777950000000004" lon="2.71429">
    <ele>68.63000000000001</ele>
   </trkpt>
   <trkpt lat="42.777730000000005" lon="2.7136500000000003">
    <ele>69.0</ele>
   </trkpt>
   <trkpt lat="42.777820000000006" lon="2.7131000000000003">
    <ele>69.63000000000001</ele>
   </trkpt>
   <trkpt lat="42.77785" lon="2.71281">
    <ele>69.77000000000001</ele>
   </trkpt>
   <trkpt lat="42.77776" lon="2.7119400000000002">
    <ele>70.05</ele>
   </trkpt>
   <trkpt lat="42.77772" lon="2.71078">
    <ele>70.66</ele>
   </trkpt>
   <trkpt lat="42.77772" lon="2.71077">
    <ele>70.66</ele>
   </trkpt>
   <trkpt lat="42.777680000000004" lon="2.71042">
    <ele>70.62</ele>
   </trkpt>
   <trkpt lat="42.7775" lon="2.7099200000000003">
    <ele>70.36</ele>
   </trkpt>
   <trkpt lat="42.77727" lon="2.7089600000000003">
    <ele>71.38</ele>
   </trkpt>
   <trkpt lat="42.777210000000004" lon="2.709">
    <ele>71.38</ele>
   </trkpt>
   <trkpt lat="42.77714" lon="2.709">
    <ele>71.07000000000001</ele>
   </trkpt>
   <trkpt lat="42.77711" lon="2.70895">
    <ele>71.07000000000001</ele>
   </trkpt>
   <trkpt lat="42.776900000000005" lon="2.70833">
    <ele>70.04</ele>
   </trkpt>
   <trkpt lat="42.77678" lon="2.70807">
    <ele>70.10000000000001</ele>
   </trkpt>
   <trkpt lat="42.77664" lon="2.7075">
    <ele>70.06000000000002</ele>
   </trkpt>
   <trkpt lat="42.77658" lon="2.7073600000000004">
    <ele>70.09</ele>
   </trkpt>
   <trkpt lat="42.776120000000006" lon="2.7066100000000004">
    <ele>71.3</ele>
   </trkpt>
   <trkpt lat="42.7759" lon="2.7061800000000003">
    <ele>71.67000000000002</ele>
   </trkpt>
   <trkpt lat="42.7757" lon="2.7057100000000003">
    <ele>71.8</ele>
   </trkpt>
   <trkpt lat="42.775580000000005" lon="2.7052600000000004">
    <ele>71.81000000000002</ele>
   </trkpt>
   <trkpt lat="42.7755" lon="2.70479">
    <ele>71.84</ele>
   </trkpt>
   <trkpt lat="42.77541500365255" lon="2.703874998856949">
    <ele>72.29</ele>
   </trkpt>
   <trkpt lat="42.775330000000004" lon="2.70296">
    <ele>73.36000000000001</ele>
   </trkpt>
   <trkpt lat="42.775330000000004" lon="2.7020500000000003">
    <ele>74.12</ele>
   </trkpt>
   <trkpt lat="42.77535" lon="2.7015000000000002">
    <ele>74.81</ele>
   </trkpt>
   <trkpt lat="42.77555" lon="2.70074">
    <ele>75.37</ele>
   </trkpt>
   <trkpt lat="42.775650000000006" lon="2.7007700000000003">
    <ele>75.66</ele>
   </trkpt>
   <trkpt lat="42.775600000000004" lon="2.70094">
    <ele>75.52</ele>
   </trkpt>
   <trkpt lat="42.77575" lon="2.7007100000000004">
    <ele>75.59</ele>
   </trkpt>
   <trkpt lat="42.77579" lon="2.7007100000000004">
    <ele>75.59</ele>
   </trkpt>
   <trkpt lat="42.775830000000006" lon="2.70068">
    <ele>75.68</ele>
   </trkpt>
   <trkpt lat="42.77586" lon="2.7006">
    <ele>75.68</ele>
   </trkpt>
   <trkpt lat="42.775850000000005" lon="2.7004900000000003">
    <ele>75.78</ele>
   </trkpt>
   <trkpt lat="42.775780000000005" lon="2.7004200000000003">
    <ele>75.86000000000001</ele>
   </trkpt>
   <trkpt lat="42.7757" lon="2.7004400000000004">
    <ele>75.86000000000001</ele>
   </trkpt>
   <trkpt lat="42.775670000000005" lon="2.70048">
    <ele>75.74</ele>
   </trkpt>
   <trkpt lat="42.775580000000005" lon="2.70045">
    <ele>75.32000000000001</ele>
   </trkpt>
   <trkpt lat="42.77553" lon="2.70045">
    <ele>75.32000000000001</ele>
   </trkpt>
   <trkpt lat="42.775510000000004" lon="2.70047">
    <ele>75.32000000000001</ele>
   </trkpt>
   <trkpt lat="42.77544" lon="2.7008300000000003">
    <ele>72.81</ele>
   </trkpt>
   <trkpt lat="42.775360000000006" lon="2.70087">
    <ele>72.3</ele>
   </trkpt>
   <trkpt lat="42.775310000000005" lon="2.7008500000000004">
    <ele>72.25000000000001</ele>
   </trkpt>
   <trkpt lat="42.77485" lon="2.7005000000000003">
    <ele>72.01</ele>
   </trkpt>
   <trkpt lat="42.77438000059459" lon="2.70013999729145">
    <ele>75.12</ele>
   </trkpt>
   <trkpt lat="42.77391" lon="2.69978">
    <ele>75.21000000000001</ele>
   </trkpt>
   <trkpt lat="42.773540000000004" lon="2.6997600000000004">
    <ele>75.82000000000001</ele>
   </trkpt>
   <trkpt lat="42.773430000000005" lon="2.6997400000000003">
    <ele>75.99</ele>
   </trkpt>
   <trkpt lat="42.773270000000004" lon="2.6997600000000004">
    <ele>75.99</ele>
   </trkpt>
   <trkpt lat="42.77291" lon="2.69977">
    <ele>76.7</ele>
   </trkpt>
   <trkpt lat="42.772830000000006" lon="2.6997500000000003">
    <ele>76.7</ele>
   </trkpt>
   <trkpt lat="42.772710000000004" lon="2.6996900000000004">
    <ele>77.16000000000001</ele>
   </trkpt>
   <trkpt lat="42.772540000000006" lon="2.6995600000000004">
    <ele>77.80000000000001</ele>
   </trkpt>
   <trkpt lat="42.77244" lon="2.69945">
    <ele>78.04</ele>
   </trkpt>
   <trkpt lat="42.77260500194055" lon="2.698780001834684">
    <ele>77.79</ele>
   </trkpt>
   <trkpt lat="42.77277" lon="2.6981100000000002">
    <ele>77.78</ele>
   </trkpt>
   <trkpt lat="42.77237" lon="2.69783">
    <ele>77.88000000000001</ele>
   </trkpt>
   <trkpt lat="42.771820000000005" lon="2.6975800000000003">
    <ele>78.95</ele>
   </trkpt>
   <trkpt lat="42.77160000000001" lon="2.6973900000000004">
    <ele>79.15</ele>
   </trkpt>
   <trkpt lat="42.771550000000005" lon="2.69715">
    <ele>79.16000000000001</ele>
   </trkpt>
   <trkpt lat="42.77156" lon="2.6967800000000004">
    <ele>78.89</ele>
   </trkpt>
   <trkpt lat="42.771620000000006" lon="2.69625">
    <ele>78.85000000000001</ele>
   </trkpt>
   <trkpt lat="42.77161" lon="2.6955400000000003">
    <ele>79.26</ele>
   </trkpt>
   <trkpt lat="42.77156" lon="2.6945300000000003">
    <ele>79.37</ele>
   </trkpt>
   <trkpt lat="42.771480000000004" lon="2.6937200000000003">
    <ele>79.80000000000001</ele>
   </trkpt>
   <trkpt lat="42.771350000000005" lon="2.69301">
    <ele>80.24000000000001</ele>
   </trkpt>
   <trkpt lat="42.771280000000004" lon="2.6926900000000002">
    <ele>80.98</ele>
   </trkpt>
   <trkpt lat="42.771080005785436" lon="2.6918733279890517">
    <ele>81.09</ele>
   </trkpt>
   <trkpt lat="42.770880005768234" lon="2.691056661252264">
    <ele>81.54</ele>
   </trkpt>
   <trkpt lat="42.770680000000006" lon="2.69024">
    <ele>82.35000000000001</ele>
   </trkpt>
   <trkpt lat="42.77044" lon="2.6893200000000004">
    <ele>82.01</ele>
   </trkpt>
   <trkpt lat="42.77026" lon="2.68882">
    <ele>81.86</ele>
   </trkpt>
   <trkpt lat="42.76986" lon="2.6880300000000004">
    <ele>81.86</ele>
   </trkpt>
   <trkpt lat="42.76932" lon="2.6872000000000003">
    <ele>81.75</ele>
   </trkpt>
   <trkpt lat="42.76896000000001" lon="2.68656">
    <ele>81.99000000000001</ele>
   </trkpt>
   <trkpt lat="42.7686100084811" lon="2.685752486246196">
    <ele>82.53</ele>
   </trkpt>
   <trkpt lat="42.768260011289065" lon="2.6849449816178437">
    <ele>82.63000000000001</ele>
   </trkpt>
   <trkpt lat="42.76791000842401" lon="2.684137486114875">
    <ele>83.67</ele>
   </trkpt>
   <trkpt lat="42.76756" lon="2.68333">
    <ele>84.01</ele>
   </trkpt>
   <trkpt lat="42.767320000000005" lon="2.6828600000000002">
    <ele>84.82000000000001</ele>
   </trkpt>
   <trkpt lat="42.766940000000005" lon="2.6822500000000002">
    <ele>85.71000000000001</ele>
   </trkpt>
   <trkpt lat="42.766780000000004" lon="2.6819300000000004">
    <ele>85.97</ele>
   </trkpt>
   <trkpt lat="42.76645500447547" lon="2.6809149946558373">
    <ele>86.18</ele>
   </trkpt>
   <trkpt lat="42.766130000000004" lon="2.6799000000000004">
    <ele>86.4</ele>
   </trkpt>
   <trkpt lat="42.76599" lon="2.67957">
    <ele>86.48</ele>
   </trkpt>
   <trkpt lat="42.76577" lon="2.67919">
    <ele>87.04</ele>
   </trkpt>
   <trkpt lat="42.76534" lon="2.6785500000000004">
    <ele>87.58</ele>
   </trkpt>
   <trkpt lat="42.76511" lon="2.6779800000000002">
    <ele>88.3</ele>
   </trkpt>
   <trkpt lat="42.764810016293275" lon="2.6768624837507775">
    <ele>89.50000000000001</ele>
   </trkpt>
   <trkpt lat="42.7645100217216" lon="2.675744978324497">
    <ele>89.22</ele>
   </trkpt>
   <trkpt lat="42.7642100162852" lon="2.6746274837213306">
    <ele>88.89000000000001</ele>
   </trkpt>
   <trkpt lat="42.76391" lon="2.6735100000000003">
    <ele>89.89000000000001</ele>
   </trkpt>
   <trkpt lat="42.763760000000005" lon="2.67288">
    <ele>90.97000000000001</ele>
   </trkpt>
   <trkpt lat="42.763720000000006" lon="2.6725800000000004">
    <ele>90.95</ele>
   </trkpt>
   <trkpt lat="42.763760000000005" lon="2.67221">
    <ele>90.60000000000001</ele>
   </trkpt>
   <trkpt lat="42.76395001508165" lon="2.6711350098872217">
    <ele>88.66</ele>
   </trkpt>
   <trkpt lat="42.76414002010939" lon="2.6700600131803154">
    <ele>88.72</ele>
   </trkpt>
   <trkpt lat="42.76433001508309" lon="2.6689850098795462">
    <ele>88.83</ele>
   </trkpt>
   <trkpt lat="42.764520000000005" lon="2.66791">
    <ele>89.83</ele>
   </trkpt>
   <trkpt lat="42.764610000000005" lon="2.6674900000000004">
    <ele>89.97000000000001</ele>
   </trkpt>
   <trkpt lat="42.76491" lon="2.6667300000000003">
    <ele>89.85000000000001</ele>
   </trkpt>
   <trkpt lat="42.76523" lon="2.6660700000000004">
    <ele>89.73</ele>
   </trkpt>
   <trkpt lat="42.765460000000004" lon="2.66569">
    <ele>89.76</ele>
   </trkpt>
   <trkpt lat="42.76565" lon="2.66541">
    <ele>89.61000000000001</ele>
   </trkpt>
   <trkpt lat="42.765945001631295" lon="2.6647900030383815">
    <ele>89.63</ele>
   </trkpt>
   <trkpt lat="42.76624" lon="2.6641700000000004">
    <ele>89.89000000000001</ele>
   </trkpt>
   <trkpt lat="42.76649000136626" lon="2.6635900025660595">
    <ele>90.14000000000001</ele>
   </trkpt>
   <trkpt lat="42.766740000000006" lon="2.6630100000000003">
    <ele>90.27</ele>
   </trkpt>
   <trkpt lat="42.76699500121133" lon="2.6624800022038233">
    <ele>90.54</ele>
   </trkpt>
   <trkpt lat="42.767250000000004" lon="2.66195">
    <ele>91.07000000000001</ele>
   </trkpt>
   <trkpt lat="42.76745500391479" lon="2.661000003195743">
    <ele>91.3</ele>
   </trkpt>
   <trkpt lat="42.76766000000001" lon="2.66005">
    <ele>92.07000000000001</ele>
   </trkpt>
   <trkpt lat="42.76776" lon="2.65973">
    <ele>92.24</ele>
   </trkpt>
   <trkpt lat="42.76787" lon="2.65897">
    <ele>92.93</ele>
   </trkpt>
   <trkpt lat="42.76810500559746" lon="2.657835004337015">
    <ele>93.73</ele>
   </trkpt>
   <trkpt lat="42.76834" lon="2.6567000000000003">
    <ele>95.76</ele>
   </trkpt>
   <trkpt lat="42.768370000000004" lon="2.6564">
    <ele>96.07000000000001</ele>
   </trkpt>
   <trkpt lat="42.768530000000005" lon="2.65613">
    <ele>97.29</ele>
   </trkpt>
   <trkpt lat="42.76877" lon="2.6555000000000004">
    <ele>99.78</ele>
   </trkpt>
   <trkpt lat="42.76885" lon="2.6553500000000003">
    <ele>100.99000000000001</ele>
   </trkpt>
   <trkpt lat="42.76887000000001" lon="2.6552800000000003">
    <ele>101.08</ele>
   </trkpt>
   <trkpt lat="42.76887000000001" lon="2.6551600000000004">
    <ele>101.36</ele>
   </trkpt>
   <trkpt lat="42.76879" lon="2.6550100000000003">
    <ele>101.65</ele>
   </trkpt>
   <trkpt lat="42.76863" lon="2.65477">
    <ele>102.08</ele>
   </trkpt>
   <trkpt lat="42.768440000000005" lon="2.6544100000000004">
    <ele>103.75</ele>
   </trkpt>
   <trkpt lat="42.7682" lon="2.6540600000000003">
    <ele>104.25000000000001</ele>
   </trkpt>
   <trkpt lat="42.767950000000006" lon="2.6537300000000004">
    <ele>105.35000000000001</ele>
   </trkpt>
   <trkpt lat="42.767520000000005" lon="2.65321">
    <ele>110.14000000000001</ele>
   </trkpt>
   <trkpt lat="42.767210000000006" lon="2.6530500000000004">
    <ele>113.13000000000001</ele>
   </trkpt>
   <trkpt lat="42.767140000000005" lon="2.6529900000000004">
    <ele>113.58000000000001</ele>
   </trkpt>
   <trkpt lat="42.767120000000006" lon="2.65287">
    <ele>113.9</ele>
   </trkpt>
   <trkpt lat="42.76712000183792" lon="2.6522200000320173">
    <ele>116.87000000000002</ele>
   </trkpt>
   <trkpt lat="42.767120000000006" lon="2.6515700000000004">
    <ele>116.63000000000001</ele>
   </trkpt>
   <trkpt lat="42.76699000000001" lon="2.65152">
    <ele>116.51000000000002</ele>
   </trkpt>
   <trkpt lat="42.76649000070596" lon="2.6511099966699496">
    <ele>118.08</ele>
   </trkpt>
   <trkpt lat="42.76599" lon="2.6507">
    <ele>120.01</ele>
   </trkpt>
   <trkpt lat="42.765730000000005" lon="2.6505400000000003">
    <ele>122.05</ele>
   </trkpt>
   <trkpt lat="42.76559" lon="2.6505400000000003">
    <ele>122.8</ele>
   </trkpt>
   <trkpt lat="42.76507" lon="2.6506600000000002">
    <ele>124.34</ele>
   </trkpt>
   <trkpt lat="42.764700000000005" lon="2.65078">
    <ele>126.39</ele>
   </trkpt>
   <trkpt lat="42.764520000000005" lon="2.6508800000000003">
    <ele>127.79</ele>
   </trkpt>
   <trkpt lat="42.76436" lon="2.65098">
    <ele>129.88000000000002</ele>
   </trkpt>
   <trkpt lat="42.764160000000004" lon="2.65119">
    <ele>130.72</ele>
   </trkpt>
   <trkpt lat="42.7638" lon="2.6515000000000004">
    <ele>133.48000000000002</ele>
   </trkpt>
   <trkpt lat="42.763720000000006" lon="2.65152">
    <ele>134.02</ele>
   </trkpt>
   <trkpt lat="42.763630000000006" lon="2.6515000000000004">
    <ele>134.02</ele>
   </trkpt>
   <trkpt lat="42.763450000000006" lon="2.6513600000000004">
    <ele>135.92000000000002</ele>
   </trkpt>
   <trkpt lat="42.763250000000006" lon="2.6510800000000003">
    <ele>137.03</ele>
   </trkpt>
   <trkpt lat="42.763180000000006" lon="2.65083">
    <ele>138.3</ele>
   </trkpt>
   <trkpt lat="42.763070000000006" lon="2.65031">
    <ele>141.05</ele>
   </trkpt>
   <trkpt lat="42.76306" lon="2.65018">
    <ele>141.05</ele>
   </trkpt>
   <trkpt lat="42.763130000000004" lon="2.64969">
    <ele>143.52</ele>
   </trkpt>
   <trkpt lat="42.763090000000005" lon="2.64935">
    <ele>145.33</ele>
   </trkpt>
   <trkpt lat="42.76286" lon="2.6486400000000003">
    <ele>148.56000000000003</ele>
   </trkpt>
   <trkpt lat="42.762750000000004" lon="2.64799">
    <ele>152.10000000000002</ele>
   </trkpt>
   <trkpt lat="42.76268" lon="2.6478300000000004">
    <ele>153.13000000000002</ele>
   </trkpt>
   <trkpt lat="42.76254" lon="2.6476200000000003">
    <ele>154.03</ele>
   </trkpt>
   <trkpt lat="42.76241" lon="2.6475700000000004">
    <ele>154.03</ele>
   </trkpt>
   <trkpt lat="42.762350000000005" lon="2.64759">
    <ele>154.96</ele>
   </trkpt>
   <trkpt lat="42.762150000000005" lon="2.6477600000000003">
    <ele>155.36</ele>
   </trkpt>
   <trkpt lat="42.762100000000004" lon="2.6478900000000003">
    <ele>156.85000000000002</ele>
   </trkpt>
   <trkpt lat="42.76189" lon="2.64874">
    <ele>160.31</ele>
   </trkpt>
   <trkpt lat="42.76182" lon="2.6489200000000004">
    <ele>161.66000000000003</ele>
   </trkpt>
   <trkpt lat="42.761720000000004" lon="2.64903">
    <ele>162.64000000000001</ele>
   </trkpt>
   <trkpt lat="42.76156" lon="2.6491000000000002">
    <ele>164.5</ele>
   </trkpt>
   <trkpt lat="42.76109" lon="2.649">
    <ele>166.46</ele>
   </trkpt>
   <trkpt lat="42.761010000000006" lon="2.64895">
    <ele>167.83</ele>
   </trkpt>
   <trkpt lat="42.760720000000006" lon="2.64842">
    <ele>170.67000000000002</ele>
   </trkpt>
   <trkpt lat="42.76064" lon="2.64819">
    <ele>170.67000000000002</ele>
   </trkpt>
   <trkpt lat="42.760630000000006" lon="2.64808">
    <ele>174.27</ele>
   </trkpt>
   <trkpt lat="42.76066" lon="2.64779">
    <ele>174.27</ele>
   </trkpt>
   <trkpt lat="42.760600000000004" lon="2.6475000000000004">
    <ele>175.05</ele>
   </trkpt>
   <trkpt lat="42.760310000000004" lon="2.6469600000000004">
    <ele>178.56000000000003</ele>
   </trkpt>
   <trkpt lat="42.76012" lon="2.64678">
    <ele>180.42000000000002</ele>
   </trkpt>
   <trkpt lat="42.76003" lon="2.6466600000000002">
    <ele>180.42000000000002</ele>
   </trkpt>
   <trkpt lat="42.76001" lon="2.6465500000000004">
    <ele>180.99</ele>
   </trkpt>
   <trkpt lat="42.760040000000004" lon="2.6463300000000003">
    <ele>181.47000000000003</ele>
   </trkpt>
   <trkpt lat="42.760220000000004" lon="2.64591">
    <ele>183.45</ele>
   </trkpt>
   <trkpt lat="42.7603" lon="2.64562">
    <ele>185.31</ele>
   </trkpt>
   <trkpt lat="42.760380000000005" lon="2.6449200000000004">
    <ele>188.93</ele>
   </trkpt>
   <trkpt lat="42.76032" lon="2.6447000000000003">
    <ele>189.78</ele>
   </trkpt>
   <trkpt lat="42.76008" lon="2.64447">
    <ele>192.12</ele>
   </trkpt>
   <trkpt lat="42.75996000000001" lon="2.6444300000000003">
    <ele>192.67000000000002</ele>
   </trkpt>
   <trkpt lat="42.75987000000001" lon="2.64442">
    <ele>192.67000000000002</ele>
   </trkpt>
   <trkpt lat="42.759640000000005" lon="2.6444900000000002">
    <ele>195.07000000000002</ele>
   </trkpt>
   <trkpt lat="42.759570000000004" lon="2.6444900000000002">
    <ele>195.07000000000002</ele>
   </trkpt>
   <trkpt lat="42.75943" lon="2.64439">
    <ele>195.81</ele>
   </trkpt>
   <trkpt lat="42.759370000000004" lon="2.6442400000000004">
    <ele>197.18</ele>
   </trkpt>
   <trkpt lat="42.75927" lon="2.64365">
    <ele>199.34</ele>
   </trkpt>
   <trkpt lat="42.75921" lon="2.64351">
    <ele>199.89000000000001</ele>
   </trkpt>
   <trkpt lat="42.75911000000001" lon="2.64339">
    <ele>200.39000000000001</ele>
   </trkpt>
   <trkpt lat="42.759" lon="2.6433000000000004">
    <ele>201.35000000000002</ele>
   </trkpt>
   <trkpt lat="42.758570000000006" lon="2.64311">
    <ele>204.05</ele>
   </trkpt>
   <trkpt lat="42.75827" lon="2.6430300000000004">
    <ele>206.27</ele>
   </trkpt>
   <trkpt lat="42.75817000000001" lon="2.6429300000000002">
    <ele>207.03</ele>
   </trkpt>
   <trkpt lat="42.757960000000004" lon="2.64259">
    <ele>209.24</ele>
   </trkpt>
   <trkpt lat="42.75790000000001" lon="2.6424200000000004">
    <ele>209.24</ele>
   </trkpt>
   <trkpt lat="42.75788" lon="2.64229">
    <ele>210.4</ele>
   </trkpt>
   <trkpt lat="42.75790000000001" lon="2.6419400000000004">
    <ele>211.73000000000002</ele>
   </trkpt>
   <trkpt lat="42.75788" lon="2.6417300000000004">
    <ele>211.73000000000002</ele>
   </trkpt>
   <trkpt lat="42.75775" lon="2.64137">
    <ele>213.42000000000002</ele>
   </trkpt>
   <trkpt lat="42.757630000000006" lon="2.64121">
    <ele>214.45000000000002</ele>
   </trkpt>
   <trkpt lat="42.75735" lon="2.64107">
    <ele>215.33</ele>
   </trkpt>
   <trkpt lat="42.757200000000005" lon="2.6409700000000003">
    <ele>216.94000000000003</ele>
   </trkpt>
   <trkpt lat="42.75688" lon="2.64067">
    <ele>218.48</ele>
   </trkpt>
   <trkpt lat="42.756800000000005" lon="2.64055">
    <ele>219.97000000000003</ele>
   </trkpt>
   <trkpt lat="42.756660000000004" lon="2.6402500000000004">
    <ele>221.35000000000002</ele>
   </trkpt>
   <trkpt lat="42.756400000000006" lon="2.63981">
    <ele>223.03</ele>
   </trkpt>
   <trkpt lat="42.75632" lon="2.6396">
    <ele>224.0</ele>
   </trkpt>
   <trkpt lat="42.75605" lon="2.63911">
    <ele>225.60000000000002</ele>
   </trkpt>
   <trkpt lat="42.755990000000004" lon="2.6389500000000004">
    <ele>227.60000000000002</ele>
   </trkpt>
   <trkpt lat="42.75594" lon="2.6386900000000004">
    <ele>227.60000000000002</ele>
   </trkpt>
   <trkpt lat="42.75592" lon="2.6384700000000003">
    <ele>230.16000000000003</ele>
   </trkpt>
   <trkpt lat="42.75594" lon="2.63836">
    <ele>230.16000000000003</ele>
   </trkpt>
   <trkpt lat="42.75611000000001" lon="2.63782">
    <ele>232.3</ele>
   </trkpt>
   <trkpt lat="42.75620000000001" lon="2.6373100000000003">
    <ele>233.52</ele>
   </trkpt>
   <trkpt lat="42.75620000000001" lon="2.6371">
    <ele>234.27</ele>
   </trkpt>
   <trkpt lat="42.756170000000004" lon="2.63695">
    <ele>234.68000000000004</ele>
   </trkpt>
   <trkpt lat="42.75611000000001" lon="2.6368300000000002">
    <ele>234.68000000000004</ele>
   </trkpt>
   <trkpt lat="42.75598" lon="2.6366500000000004">
    <ele>236.64000000000001</ele>
   </trkpt>
   <trkpt lat="42.75589" lon="2.63647">
    <ele>236.64000000000001</ele>
   </trkpt>
   <trkpt lat="42.75578" lon="2.63634">
    <ele>236.64000000000001</ele>
   </trkpt>
   <trkpt lat="42.755500000000005" lon="2.6361000000000003">
    <ele>238.93000000000004</ele>
   </trkpt>
   <trkpt lat="42.75529" lon="2.63599">
    <ele>239.63</ele>
   </trkpt>
   <trkpt lat="42.755050000000004" lon="2.63578">
    <ele>240.89000000000001</ele>
   </trkpt>
   <trkpt lat="42.75470000000001" lon="2.63525">
    <ele>242.95000000000002</ele>
   </trkpt>
   <trkpt lat="42.75457" lon="2.6350800000000003">
    <ele>244.98000000000002</ele>
   </trkpt>
   <trkpt lat="42.75446" lon="2.63497">
    <ele>244.98000000000002</ele>
   </trkpt>
   <trkpt lat="42.75433" lon="2.6348700000000003">
    <ele>246.16000000000003</ele>
   </trkpt>
   <trkpt lat="42.754180000000005" lon="2.6348200000000004">
    <ele>246.16000000000003</ele>
   </trkpt>
   <trkpt lat="42.75377" lon="2.63485">
    <ele>248.98</ele>
   </trkpt>
   <trkpt lat="42.75343" lon="2.6347300000000002">
    <ele>250.12</ele>
   </trkpt>
   <trkpt lat="42.753280000000004" lon="2.6347400000000003">
    <ele>251.13000000000002</ele>
   </trkpt>
   <trkpt lat="42.75318" lon="2.63479">
    <ele>252.53000000000003</ele>
   </trkpt>
   <trkpt lat="42.75296" lon="2.63498">
    <ele>253.97000000000003</ele>
   </trkpt>
   <trkpt lat="42.752860000000005" lon="2.63511">
    <ele>253.97000000000003</ele>
   </trkpt>
   <trkpt lat="42.75254" lon="2.6358200000000003">
    <ele>256.86</ele>
   </trkpt>
   <trkpt lat="42.752410000000005" lon="2.6359700000000004">
    <ele>258.09999999999997</ele>
   </trkpt>
   <trkpt lat="42.752140000000004" lon="2.63607">
    <ele>259.09999999999997</ele>
   </trkpt>
   <trkpt lat="42.75195" lon="2.63608">
    <ele>260.52000000000004</ele>
   </trkpt>
   <trkpt lat="42.7518" lon="2.6361100000000004">
    <ele>261.88</ele>
   </trkpt>
   <trkpt lat="42.75164" lon="2.63608">
    <ele>261.88</ele>
   </trkpt>
   <trkpt lat="42.751540000000006" lon="2.6360200000000003">
    <ele>263.53999999999996</ele>
   </trkpt>
   <trkpt lat="42.7513" lon="2.6357700000000004">
    <ele>265.20000000000005</ele>
   </trkpt>
   <trkpt lat="42.75104" lon="2.6356300000000004">
    <ele>266.56</ele>
   </trkpt>
   <trkpt lat="42.750890000000005" lon="2.63558">
    <ele>267.12</ele>
   </trkpt>
   <trkpt lat="42.750620000000005" lon="2.6354100000000003">
    <ele>268.08000000000004</ele>
   </trkpt>
   <trkpt lat="42.750460000000004" lon="2.6353700000000004">
    <ele>268.53000000000003</ele>
   </trkpt>
   <trkpt lat="42.75012" lon="2.6353700000000004">
    <ele>270.5</ele>
   </trkpt>
   <trkpt lat="42.749950000000005" lon="2.63532">
    <ele>270.94</ele>
   </trkpt>
   <trkpt lat="42.74973000000001" lon="2.6352">
    <ele>272.01000000000005</ele>
   </trkpt>
   <trkpt lat="42.74954" lon="2.6351400000000003">
    <ele>273.41</ele>
   </trkpt>
   <trkpt lat="42.74917000000001" lon="2.6351">
    <ele>274.47</ele>
   </trkpt>
   <trkpt lat="42.748940000000005" lon="2.6349600000000004">
    <ele>275.54</ele>
   </trkpt>
   <trkpt lat="42.748290000000004" lon="2.6343">
    <ele>278.41</ele>
   </trkpt>
   <trkpt lat="42.747910000000005" lon="2.63402">
    <ele>280.91</ele>
   </trkpt>
   <trkpt lat="42.74761" lon="2.63382">
    <ele>283.76</ele>
   </trkpt>
   <trkpt lat="42.747370000000004" lon="2.6337300000000003">
    <ele>286.16</ele>
   </trkpt>
   <trkpt lat="42.746480000000005" lon="2.63371">
    <ele>290.93</ele>
   </trkpt>
   <trkpt lat="42.746340000000004" lon="2.6335900000000003">
    <ele>292.19</ele>
   </trkpt>
   <trkpt lat="42.74609" lon="2.6331100000000003">
    <ele>296.37</ele>
   </trkpt>
   <trkpt lat="42.745900000000006" lon="2.63262">
    <ele>299.11</ele>
   </trkpt>
   <trkpt lat="42.74584" lon="2.63187">
    <ele>302.12</ele>
   </trkpt>
   <trkpt lat="42.74580500430888" lon="2.6308749995071947">
    <ele>309.33000000000004</ele>
   </trkpt>
   <trkpt lat="42.74577" lon="2.62988">
    <ele>312.5</ele>
   </trkpt>
   <trkpt lat="42.74568" lon="2.6293100000000003">
    <ele>316.27000000000004</ele>
   </trkpt>
   <trkpt lat="42.74562" lon="2.6283800000000004">
    <ele>320.99000000000007</ele>
   </trkpt>
   <trkpt lat="42.745630000000006" lon="2.62788">
    <ele>323.45</ele>
   </trkpt>
   <trkpt lat="42.74570000000001" lon="2.62727">
    <ele>326.92</ele>
   </trkpt>
   <trkpt lat="42.74568" lon="2.6266800000000003">
    <ele>328.85</ele>
   </trkpt>
   <trkpt lat="42.745610000000006" lon="2.6263">
    <ele>329.64000000000004</ele>
   </trkpt>
   <trkpt lat="42.745490000000004" lon="2.6260600000000003">
    <ele>330.45</ele>
   </trkpt>
   <trkpt lat="42.74507000163256" lon="2.6254499958876027">
    <ele>333.46000000000004</ele>
   </trkpt>
   <trkpt lat="42.74465" lon="2.6248400000000003">
    <ele>335.23</ele>
   </trkpt>
   <trkpt lat="42.744310000000006" lon="2.6244">
    <ele>335.95000000000005</ele>
   </trkpt>
   <trkpt lat="42.7439000005749" lon="2.624034997582019">
    <ele>336.76</ele>
   </trkpt>
   <trkpt lat="42.74349" lon="2.62367">
    <ele>338.57000000000005</ele>
   </trkpt>
   <trkpt lat="42.743370000000006" lon="2.6236300000000004">
    <ele>338.57000000000005</ele>
   </trkpt>
   <trkpt lat="42.74322" lon="2.6236900000000003">
    <ele>338.90000000000003</ele>
   </trkpt>
   <trkpt lat="42.74297000000001" lon="2.62399">
    <ele>340.17</ele>
   </trkpt>
   <trkpt lat="42.74284" lon="2.62407">
    <ele>340.62</ele>
   </trkpt>
   <trkpt lat="42.742720000000006" lon="2.62405">
    <ele>341.08000000000004</ele>
   </trkpt>
   <trkpt lat="42.742630000000005" lon="2.6239500000000002">
    <ele>341.51000000000005</ele>
   </trkpt>
   <trkpt lat="42.74250000000001" lon="2.6236">
    <ele>342.92</ele>
   </trkpt>
   <trkpt lat="42.7424" lon="2.62346">
    <ele>344.79</ele>
   </trkpt>
   <trkpt lat="42.74226" lon="2.6234">
    <ele>344.79</ele>
   </trkpt>
   <trkpt lat="42.742000000000004" lon="2.6233400000000002">
    <ele>346.44</ele>
   </trkpt>
   <trkpt lat="42.741780000000006" lon="2.62327">
    <ele>347.67</ele>
   </trkpt>
   <trkpt lat="42.74168" lon="2.6231400000000002">
    <ele>347.67</ele>
   </trkpt>
   <trkpt lat="42.74157" lon="2.6230700000000002">
    <ele>347.63000000000005</ele>
   </trkpt>
   <trkpt lat="42.74145" lon="2.62306">
    <ele>347.63000000000005</ele>
   </trkpt>
   <trkpt lat="42.74128" lon="2.62312">
    <ele>350.01000000000005</ele>
   </trkpt>
   <trkpt lat="42.74109000000001" lon="2.6232300000000004">
    <ele>350.78000000000003</ele>
   </trkpt>
   <trkpt lat="42.740610000000004" lon="2.62366">
    <ele>353.72</ele>
   </trkpt>
   <trkpt lat="42.74043" lon="2.62373">
    <ele>354.3</ele>
   </trkpt>
   <trkpt lat="42.74034" lon="2.6237100000000004">
    <ele>354.57000000000005</ele>
   </trkpt>
   <trkpt lat="42.740030000000004" lon="2.62354">
    <ele>355.53000000000003</ele>
   </trkpt>
   <trkpt lat="42.73996" lon="2.62345">
    <ele>355.53000000000003</ele>
   </trkpt>
   <trkpt lat="42.739940000000004" lon="2.62327">
    <ele>355.76</ele>
   </trkpt>
   <trkpt lat="42.73998" lon="2.6231500000000003">
    <ele>355.71000000000004</ele>
   </trkpt>
   <trkpt lat="42.74007" lon="2.6230300000000004">
    <ele>355.71000000000004</ele>
   </trkpt>
   <trkpt lat="42.740230000000004" lon="2.6229">
    <ele>355.50000000000006</ele>
   </trkpt>
   <trkpt lat="42.740390000000005" lon="2.62263">
    <ele>355.22</ele>
   </trkpt>
   <trkpt lat="42.74045" lon="2.6224100000000004">
    <ele>355.15000000000003</ele>
   </trkpt>
   <trkpt lat="42.74045" lon="2.6222100000000004">
    <ele>355.09000000000003</ele>
   </trkpt>
   <trkpt lat="42.740410000000004" lon="2.62203">
    <ele>355.07000000000005</ele>
   </trkpt>
   <trkpt lat="42.740300000000005" lon="2.6218000000000004">
    <ele>355.13000000000005</ele>
   </trkpt>
   <trkpt lat="42.740190000000005" lon="2.6216500000000003">
    <ele>355.34000000000003</ele>
   </trkpt>
   <trkpt lat="42.74011" lon="2.62149">
    <ele>355.42</ele>
   </trkpt>
   <trkpt lat="42.74006000000001" lon="2.62109">
    <ele>356.03000000000003</ele>
   </trkpt>
   <trkpt lat="42.739990000000006" lon="2.6209200000000004">
    <ele>356.03000000000003</ele>
   </trkpt>
   <trkpt lat="42.73987" lon="2.62083">
    <ele>356.18000000000006</ele>
   </trkpt>
   <trkpt lat="42.739520000000006" lon="2.62068">
    <ele>356.19</ele>
   </trkpt>
   <trkpt lat="42.739380000000004" lon="2.6205800000000004">
    <ele>356.19</ele>
   </trkpt>
   <trkpt lat="42.739320000000006" lon="2.62047">
    <ele>356.37</ele>
   </trkpt>
   <trkpt lat="42.7393" lon="2.6203100000000004">
    <ele>356.37</ele>
   </trkpt>
   <trkpt lat="42.73933" lon="2.6202">
    <ele>356.78000000000003</ele>
   </trkpt>
   <trkpt lat="42.73948" lon="2.6200400000000004">
    <ele>356.89000000000004</ele>
   </trkpt>
   <trkpt lat="42.73966" lon="2.61988">
    <ele>357.02</ele>
   </trkpt>
   <trkpt lat="42.739830000000005" lon="2.6196900000000003">
    <ele>356.85</ele>
   </trkpt>
   <trkpt lat="42.739920000000005" lon="2.61951">
    <ele>356.6</ele>
   </trkpt>
   <trkpt lat="42.74" lon="2.61927">
    <ele>356.04</ele>
   </trkpt>
   <trkpt lat="42.74016" lon="2.6186100000000003">
    <ele>353.65000000000003</ele>
   </trkpt>
   <trkpt lat="42.740190000000005" lon="2.6182100000000004">
    <ele>351.63000000000005</ele>
   </trkpt>
   <trkpt lat="42.74018" lon="2.6178700000000004">
    <ele>350.29</ele>
   </trkpt>
   <trkpt lat="42.740140000000004" lon="2.6177300000000003">
    <ele>349.71000000000004</ele>
   </trkpt>
   <trkpt lat="42.74004" lon="2.6175200000000003">
    <ele>348.19000000000005</ele>
   </trkpt>
   <trkpt lat="42.73969" lon="2.6169800000000003">
    <ele>345.88</ele>
   </trkpt>
   <trkpt lat="42.739580000000004" lon="2.6168400000000003">
    <ele>345.61</ele>
   </trkpt>
   <trkpt lat="42.739540000000005" lon="2.61673">
    <ele>345.61</ele>
   </trkpt>
   <trkpt lat="42.73953" lon="2.6166">
    <ele>344.92</ele>
   </trkpt>
   <trkpt lat="42.7396" lon="2.6165000000000003">
    <ele>344.92</ele>
   </trkpt>
   <trkpt lat="42.739700000000006" lon="2.6164300000000003">
    <ele>344.92</ele>
   </trkpt>
   <trkpt lat="42.73989" lon="2.6164">
    <ele>344.35</ele>
   </trkpt>
   <trkpt lat="42.74" lon="2.6163100000000004">
    <ele>344.0</ele>
   </trkpt>
   <trkpt lat="42.74007" lon="2.6161800000000004">
    <ele>342.98</ele>
   </trkpt>
   <trkpt lat="42.74015000000001" lon="2.6156900000000003">
    <ele>342.16</ele>
   </trkpt>
   <trkpt lat="42.74016" lon="2.61547">
    <ele>340.26</ele>
   </trkpt>
   <trkpt lat="42.740100000000005" lon="2.61458">
    <ele>338.14000000000004</ele>
   </trkpt>
   <trkpt lat="42.73998" lon="2.6143400000000003">
    <ele>338.09</ele>
   </trkpt>
   <trkpt lat="42.73984" lon="2.61423">
    <ele>338.06</ele>
   </trkpt>
   <trkpt lat="42.739790000000006" lon="2.61412">
    <ele>338.06</ele>
   </trkpt>
   <trkpt lat="42.73969" lon="2.61382">
    <ele>338.35</ele>
   </trkpt>
   <trkpt lat="42.7394450038834" lon="2.612869996082468">
    <ele>340.1</ele>
   </trkpt>
   <trkpt lat="42.739200000000004" lon="2.61192">
    <ele>341.43</ele>
   </trkpt>
   <trkpt lat="42.739050000000006" lon="2.6114">
    <ele>342.35</ele>
   </trkpt>
   <trkpt lat="42.738890000000005" lon="2.6110300000000004">
    <ele>343.44</ele>
   </trkpt>
   <trkpt lat="42.73888" lon="2.6110300000000004">
    <ele>343.46000000000004</ele>
   </trkpt>
   <trkpt lat="42.738760000000006" lon="2.61078">
    <ele>344.51000000000005</ele>
   </trkpt>
   <trkpt lat="42.738440000000004" lon="2.61023">
    <ele>348.41</ele>
   </trkpt>
   <trkpt lat="42.73799" lon="2.60955">
    <ele>351.92</ele>
   </trkpt>
   <trkpt lat="42.73792" lon="2.6094000000000004">
    <ele>353.15000000000003</ele>
   </trkpt>
   <trkpt lat="42.73789" lon="2.6091800000000003">
    <ele>353.15000000000003</ele>
   </trkpt>
   <trkpt lat="42.737850003402805" lon="2.6082949993403237">
    <ele>357.32</ele>
   </trkpt>
   <trkpt lat="42.73781" lon="2.6074100000000002">
    <ele>359.48</ele>
   </trkpt>
   <trkpt lat="42.73776" lon="2.6072900000000003">
    <ele>360.34000000000003</ele>
   </trkpt>
   <trkpt lat="42.737460000000006" lon="2.6068800000000003">
    <ele>361.32000000000005</ele>
   </trkpt>
   <trkpt lat="42.737370000000006" lon="2.60679">
    <ele>361.32000000000005</ele>
   </trkpt>
   <trkpt lat="42.73696" lon="2.60663">
    <ele>361.8</ele>
   </trkpt>
   <trkpt lat="42.73673" lon="2.60665">
    <ele>363.03000000000003</ele>
   </trkpt>
   <trkpt lat="42.73642" lon="2.6068300000000004">
    <ele>363.43</ele>
   </trkpt>
   <trkpt lat="42.73626" lon="2.6069">
    <ele>364.01000000000005</ele>
   </trkpt>
   <trkpt lat="42.73613" lon="2.60692">
    <ele>364.01000000000005</ele>
   </trkpt>
   <trkpt lat="42.736000000000004" lon="2.6068900000000004">
    <ele>364.01000000000005</ele>
   </trkpt>
   <trkpt lat="42.735850000000006" lon="2.6068100000000003">
    <ele>364.95000000000005</ele>
   </trkpt>
   <trkpt lat="42.735290000000006" lon="2.60637">
    <ele>365.62000000000006</ele>
   </trkpt>
   <trkpt lat="42.73485000021354" lon="2.606199998827777">
    <ele>366.3</ele>
   </trkpt>
   <trkpt lat="42.734410000000004" lon="2.60603">
    <ele>367.42</ele>
   </trkpt>
   <trkpt lat="42.73375" lon="2.60583">
    <ele>369.74</ele>
   </trkpt>
   <trkpt lat="42.73364" lon="2.6058100000000004">
    <ele>370.01</ele>
   </trkpt>
   <trkpt lat="42.73349" lon="2.6058800000000004">
    <ele>370.70000000000005</ele>
   </trkpt>
   <trkpt lat="42.733070001290464" lon="2.6064350038237327">
    <ele>372.41</ele>
   </trkpt>
   <trkpt lat="42.73265000000001" lon="2.60699">
    <ele>373.71000000000004</ele>
   </trkpt>
   <trkpt lat="42.732600000000005" lon="2.60719">
    <ele>374.44000000000005</ele>
   </trkpt>
   <trkpt lat="42.73265000000001" lon="2.6078900000000003">
    <ele>375.86</ele>
   </trkpt>
   <trkpt lat="42.73261" lon="2.60812">
    <ele>376.07</ele>
   </trkpt>
   <trkpt lat="42.73252" lon="2.60822">
    <ele>376.22</ele>
   </trkpt>
   <trkpt lat="42.732440000000004" lon="2.6082400000000003">
    <ele>376.22</ele>
   </trkpt>
   <trkpt lat="42.73203" lon="2.6081000000000003">
    <ele>377.22</ele>
   </trkpt>
   <trkpt lat="42.73174" lon="2.60794">
    <ele>377.74</ele>
   </trkpt>
   <trkpt lat="42.73138" lon="2.6078400000000004">
    <ele>378.8</ele>
   </trkpt>
   <trkpt lat="42.731260000000006" lon="2.6077700000000004">
    <ele>379.12</ele>
   </trkpt>
   <trkpt lat="42.731170000000006" lon="2.6076">
    <ele>379.26000000000005</ele>
   </trkpt>
   <trkpt lat="42.73106000000001" lon="2.6072200000000003">
    <ele>379.77000000000004</ele>
   </trkpt>
   <trkpt lat="42.73093" lon="2.6069600000000004">
    <ele>380.13</ele>
   </trkpt>
   <trkpt lat="42.730540000000005" lon="2.60637">
    <ele>381.83000000000004</ele>
   </trkpt>
   <trkpt lat="42.730270000000004" lon="2.60583">
    <ele>382.26000000000005</ele>
   </trkpt>
   <trkpt lat="42.73015" lon="2.6056600000000003">
    <ele>382.69</ele>
   </trkpt>
   <trkpt lat="42.729690000000005" lon="2.6052500000000003">
    <ele>384.02000000000004</ele>
   </trkpt>
   <trkpt lat="42.72963" lon="2.6051">
    <ele>384.25</ele>
   </trkpt>
   <trkpt lat="42.729620000000004" lon="2.60495">
    <ele>384.25</ele>
   </trkpt>
   <trkpt lat="42.72964" lon="2.60482">
    <ele>384.95</ele>
   </trkpt>
   <trkpt lat="42.72979" lon="2.60455">
    <ele>385.34000000000003</ele>
   </trkpt>
   <trkpt lat="42.73006" lon="2.60354">
    <ele>386.89</ele>
   </trkpt>
   <trkpt lat="42.730090000000004" lon="2.60327">
    <ele>387.28000000000003</ele>
   </trkpt>
   <trkpt lat="42.73008" lon="2.60307">
    <ele>387.28000000000003</ele>
   </trkpt>
   <trkpt lat="42.729980000000005" lon="2.60251">
    <ele>387.97</ele>
   </trkpt>
   <trkpt lat="42.730000000000004" lon="2.6023400000000003">
    <ele>388.79</ele>
   </trkpt>
   <trkpt lat="42.73004" lon="2.6022100000000004">
    <ele>388.79</ele>
   </trkpt>
   <trkpt lat="42.730250000000005" lon="2.60182">
    <ele>389.47</ele>
   </trkpt>
   <trkpt lat="42.730340000000005" lon="2.60151">
    <ele>390.21000000000004</ele>
   </trkpt>
   <trkpt lat="42.730520000000006" lon="2.60107">
    <ele>391.3</ele>
   </trkpt>
   <trkpt lat="42.730520000000006" lon="2.60096">
    <ele>391.40000000000003</ele>
   </trkpt>
   <trkpt lat="42.73049" lon="2.60081">
    <ele>391.74</ele>
   </trkpt>
   <trkpt lat="42.73031" lon="2.60033">
    <ele>392.56</ele>
   </trkpt>
   <trkpt lat="42.730290000000004" lon="2.60008">
    <ele>392.56</ele>
   </trkpt>
   <trkpt lat="42.730290000000004" lon="2.5996900000000003">
    <ele>394.01</ele>
   </trkpt>
   <trkpt lat="42.73026" lon="2.59934">
    <ele>394.21</ele>
   </trkpt>
   <trkpt lat="42.7302" lon="2.5992100000000002">
    <ele>394.56</ele>
   </trkpt>
   <trkpt lat="42.7301" lon="2.5990900000000003">
    <ele>394.95</ele>
   </trkpt>
   <trkpt lat="42.72995" lon="2.59904">
    <ele>395.16</ele>
   </trkpt>
   <trkpt lat="42.72977" lon="2.59904">
    <ele>395.27</ele>
   </trkpt>
   <trkpt lat="42.729240000000004" lon="2.59932">
    <ele>395.5</ele>
   </trkpt>
   <trkpt lat="42.72908" lon="2.5993600000000003">
    <ele>395.5</ele>
   </trkpt>
   <trkpt lat="42.728860000000005" lon="2.59939">
    <ele>395.88</ele>
   </trkpt>
   <trkpt lat="42.72862000000001" lon="2.59939">
    <ele>395.88</ele>
   </trkpt>
   <trkpt lat="42.728030000000004" lon="2.59918">
    <ele>396.51000000000005</ele>
   </trkpt>
   <trkpt lat="42.727430000000005" lon="2.5991600000000004">
    <ele>397.52000000000004</ele>
   </trkpt>
   <trkpt lat="42.727160000000005" lon="2.59905">
    <ele>398.16</ele>
   </trkpt>
   <trkpt lat="42.7269" lon="2.5988900000000004">
    <ele>398.62</ele>
   </trkpt>
   <trkpt lat="42.726380000000006" lon="2.5986200000000004">
    <ele>399.57000000000005</ele>
   </trkpt>
   <trkpt lat="42.72585" lon="2.5983">
    <ele>400.25000000000006</ele>
   </trkpt>
   <trkpt lat="42.725620000000006" lon="2.5982100000000004">
    <ele>400.6</ele>
   </trkpt>
   <trkpt lat="42.72533000000001" lon="2.5982100000000004">
    <ele>400.93</ele>
   </trkpt>
   <trkpt lat="42.724920000000004" lon="2.5983">
    <ele>401.55</ele>
   </trkpt>
   <trkpt lat="42.72451" lon="2.5982600000000002">
    <ele>402.02000000000004</ele>
   </trkpt>
   <trkpt lat="42.724360000000004" lon="2.5982800000000004">
    <ele>402.02000000000004</ele>
   </trkpt>
   <trkpt lat="42.72393" lon="2.5984700000000003">
    <ele>402.51000000000005</ele>
   </trkpt>
   <trkpt lat="42.723560000000006" lon="2.5985300000000002">
    <ele>402.99</ele>
   </trkpt>
   <trkpt lat="42.72336000000001" lon="2.59859">
    <ele>403.21</ele>
   </trkpt>
   <trkpt lat="42.723130000000005" lon="2.59863">
    <ele>403.70000000000005</ele>
   </trkpt>
   <trkpt lat="42.72236" lon="2.5986700000000003">
    <ele>405.62</ele>
   </trkpt>
   <trkpt lat="42.722210000000004" lon="2.5987">
    <ele>405.62</ele>
   </trkpt>
   <trkpt lat="42.721610000000005" lon="2.59905">
    <ele>406.15</ele>
   </trkpt>
   <trkpt lat="42.72153" lon="2.5993600000000003">
    <ele>406.31000000000006</ele>
   </trkpt>
   <trkpt lat="42.72130000000001" lon="2.6000400000000004">
    <ele>403.8</ele>
   </trkpt>
   <trkpt lat="42.72099" lon="2.60048">
    <ele>401.13000000000005</ele>
   </trkpt>
   <trkpt lat="42.720870000000005" lon="2.6009">
    <ele>397.67</ele>
   </trkpt>
   <trkpt lat="42.72083000000001" lon="2.60122">
    <ele>397.67</ele>
   </trkpt>
   <trkpt lat="42.72075" lon="2.60148">
    <ele>396.95</ele>
   </trkpt>
   <trkpt lat="42.72034" lon="2.60238">
    <ele>392.06</ele>
   </trkpt>
   <trkpt lat="42.72019" lon="2.6025500000000004">
    <ele>390.88</ele>
   </trkpt>
   <trkpt lat="42.720110000000005" lon="2.60263">
    <ele>390.03000000000003</ele>
   </trkpt>
   <trkpt lat="42.719730000000006" lon="2.60326">
    <ele>386.53000000000003</ele>
   </trkpt>
   <trkpt lat="42.71958" lon="2.6035100000000004">
    <ele>385.28000000000003</ele>
   </trkpt>
   <trkpt lat="42.71947" lon="2.60379">
    <ele>383.56</ele>
   </trkpt>
   <trkpt lat="42.71942000000001" lon="2.60401">
    <ele>383.04</ele>
   </trkpt>
   <trkpt lat="42.71932" lon="2.60422">
    <ele>381.95</ele>
   </trkpt>
   <trkpt lat="42.718920000000004" lon="2.6045200000000004">
    <ele>379.14000000000004</ele>
   </trkpt>
   <trkpt lat="42.71867" lon="2.6050600000000004">
    <ele>376.51</ele>
   </trkpt>
   <trkpt lat="42.71834000481926" lon="2.606115005680548">
    <ele>370.84</ele>
   </trkpt>
   <trkpt lat="42.71801000000001" lon="2.6071700000000004">
    <ele>368.63</ele>
   </trkpt>
   <trkpt lat="42.717960000000005" lon="2.6074200000000003">
    <ele>369.18</ele>
   </trkpt>
   <trkpt lat="42.71773" lon="2.60753">
    <ele>369.79</ele>
   </trkpt>
   <trkpt lat="42.717490000000005" lon="2.60739">
    <ele>369.23</ele>
   </trkpt>
   <trkpt lat="42.71746" lon="2.60733">
    <ele>369.23</ele>
   </trkpt>
   <trkpt lat="42.717360000000006" lon="2.60679">
    <ele>366.89000000000004</ele>
   </trkpt>
   <trkpt lat="42.7173" lon="2.60664">
    <ele>366.71000000000004</ele>
   </trkpt>
   <trkpt lat="42.71723" lon="2.6065500000000004">
    <ele>365.71000000000004</ele>
   </trkpt>
   <trkpt lat="42.717060000000004" lon="2.60638">
    <ele>364.38000000000005</ele>
   </trkpt>
   <trkpt lat="42.716950000000004" lon="2.6063300000000003">
    <ele>364.38000000000005</ele>
   </trkpt>
   <trkpt lat="42.71674" lon="2.6063">
    <ele>362.82000000000005</ele>
   </trkpt>
   <trkpt lat="42.71660000000001" lon="2.6064700000000003">
    <ele>362.41</ele>
   </trkpt>
   <trkpt lat="42.71649" lon="2.60659">
    <ele>361.00000000000006</ele>
   </trkpt>
   <trkpt lat="42.71641" lon="2.60657">
    <ele>361.00000000000006</ele>
   </trkpt>
   <trkpt lat="42.7162" lon="2.60645">
    <ele>358.02</ele>
   </trkpt>
   <trkpt lat="42.71609" lon="2.6064200000000004">
    <ele>358.02</ele>
   </trkpt>
   <trkpt lat="42.716" lon="2.6064800000000004">
    <ele>357.08</ele>
   </trkpt>
   <trkpt lat="42.71595000000001" lon="2.6065500000000004">
    <ele>357.08</ele>
   </trkpt>
   <trkpt lat="42.715830000000004" lon="2.6068200000000004">
    <ele>355.45000000000005</ele>
   </trkpt>
   <trkpt lat="42.71573" lon="2.6068800000000003">
    <ele>355.45000000000005</ele>
   </trkpt>
   <trkpt lat="42.715500000000006" lon="2.6068900000000004">
    <ele>353.77000000000004</ele>
   </trkpt>
   <trkpt lat="42.715390000000006" lon="2.60699">
    <ele>352.13000000000005</ele>
   </trkpt>
   <trkpt lat="42.71526" lon="2.6074100000000002">
    <ele>349.85</ele>
   </trkpt>
   <trkpt lat="42.71506" lon="2.6078300000000003">
    <ele>347.36</ele>
   </trkpt>
   <trkpt lat="42.71493" lon="2.6080400000000004">
    <ele>347.36</ele>
   </trkpt>
   <trkpt lat="42.714650000000006" lon="2.60828">
    <ele>345.33000000000004</ele>
   </trkpt>
   <trkpt lat="42.714490000000005" lon="2.6083900000000004">
    <ele>345.28000000000003</ele>
   </trkpt>
   <trkpt lat="42.71367" lon="2.60841">
    <ele>339.26</ele>
   </trkpt>
   <trkpt lat="42.71360000000001" lon="2.6084500000000004">
    <ele>339.26</ele>
   </trkpt>
   <trkpt lat="42.71338" lon="2.6087800000000003">
    <ele>337.25000000000006</ele>
   </trkpt>
   <trkpt lat="42.713150000000006" lon="2.60907">
    <ele>334.90000000000003</ele>
   </trkpt>
   <trkpt lat="42.712770000000006" lon="2.60964">
    <ele>330.23</ele>
   </trkpt>
   <trkpt lat="42.71267" lon="2.6098600000000003">
    <ele>330.23</ele>
   </trkpt>
   <trkpt lat="42.712610000000005" lon="2.6100700000000003">
    <ele>330.23</ele>
   </trkpt>
   <trkpt lat="42.712540000000004" lon="2.61038">
    <ele>328.13000000000005</ele>
   </trkpt>
   <trkpt lat="42.71247" lon="2.6112800000000003">
    <ele>323.78000000000003</ele>
   </trkpt>
   <trkpt lat="42.712430000000005" lon="2.6115500000000003">
    <ele>323.28000000000003</ele>
   </trkpt>
   <trkpt lat="42.712360000000004" lon="2.6117500000000002">
    <ele>321.38</ele>
   </trkpt>
   <trkpt lat="42.712230000000005" lon="2.61195">
    <ele>321.38</ele>
   </trkpt>
   <trkpt lat="42.71211" lon="2.6120400000000004">
    <ele>319.54</ele>
   </trkpt>
   <trkpt lat="42.711960000000005" lon="2.6120900000000002">
    <ele>319.54</ele>
   </trkpt>
   <trkpt lat="42.711510000000004" lon="2.61213">
    <ele>316.71999999999997</ele>
   </trkpt>
   <trkpt lat="42.711270000000006" lon="2.6122">
    <ele>315.44</ele>
   </trkpt>
   <trkpt lat="42.7111" lon="2.61228">
    <ele>314.21000000000004</ele>
   </trkpt>
   <trkpt lat="42.71088" lon="2.6124500000000004">
    <ele>312.92</ele>
   </trkpt>
   <trkpt lat="42.71076" lon="2.6124500000000004">
    <ele>312.1</ele>
   </trkpt>
   <trkpt lat="42.710660000000004" lon="2.6123800000000004">
    <ele>309.63</ele>
   </trkpt>
   <trkpt lat="42.71045" lon="2.61212">
    <ele>308.96</ele>
   </trkpt>
   <trkpt lat="42.71023" lon="2.6119100000000004">
    <ele>306.98</ele>
   </trkpt>
   <trkpt lat="42.709880000000005" lon="2.6116300000000003">
    <ele>304.37</ele>
   </trkpt>
   <trkpt lat="42.709830000000004" lon="2.61151">
    <ele>303.74</ele>
   </trkpt>
   <trkpt lat="42.70982" lon="2.6114400000000004">
    <ele>303.74</ele>
   </trkpt>
   <trkpt lat="42.70982" lon="2.6114300000000004">
    <ele>303.75</ele>
   </trkpt>
   <trkpt lat="42.70982" lon="2.6113500000000003">
    <ele>303.38000000000005</ele>
   </trkpt>
   <trkpt lat="42.709900000000005" lon="2.61106">
    <ele>301.83000000000004</ele>
   </trkpt>
   <trkpt lat="42.70991" lon="2.6109400000000003">
    <ele>301.47</ele>
   </trkpt>
   <trkpt lat="42.709830000000004" lon="2.6107600000000004">
    <ele>301.03000000000003</ele>
   </trkpt>
   <trkpt lat="42.709415001031246" lon="2.61025499652873">
    <ele>300.22</ele>
   </trkpt>
   <trkpt lat="42.709" lon="2.60975">
    <ele>299.50000000000006</ele>
   </trkpt>
   <trkpt lat="42.70877" lon="2.60944">
    <ele>298.78000000000003</ele>
   </trkpt>
   <trkpt lat="42.70868" lon="2.60937">
    <ele>298.36</ele>
   </trkpt>
   <trkpt lat="42.70862" lon="2.60936">
    <ele>298.05</ele>
   </trkpt>
   <trkpt lat="42.70853" lon="2.60941">
    <ele>297.49</ele>
   </trkpt>
   <trkpt lat="42.7083" lon="2.6096500000000002">
    <ele>296.23</ele>
   </trkpt>
   <trkpt lat="42.70817" lon="2.60978">
    <ele>296.23</ele>
   </trkpt>
   <trkpt lat="42.707980000000006" lon="2.6099200000000002">
    <ele>294.27000000000004</ele>
   </trkpt>
   <trkpt lat="42.70765" lon="2.61023">
    <ele>292.17</ele>
   </trkpt>
   <trkpt lat="42.70743" lon="2.61039">
    <ele>291.8</ele>
   </trkpt>
   <trkpt lat="42.70732" lon="2.61056">
    <ele>290.90000000000003</ele>
   </trkpt>
   <trkpt lat="42.70716" lon="2.61098">
    <ele>289.19</ele>
   </trkpt>
   <trkpt lat="42.707040000000006" lon="2.6112">
    <ele>288.40000000000003</ele>
   </trkpt>
   <trkpt lat="42.7068" lon="2.61146">
    <ele>287.02</ele>
   </trkpt>
   <trkpt lat="42.706590000000006" lon="2.6115600000000003">
    <ele>287.26</ele>
   </trkpt>
   <trkpt lat="42.70622" lon="2.61167">
    <ele>285.66</ele>
   </trkpt>
   <trkpt lat="42.706070000000004" lon="2.6117600000000003">
    <ele>283.96999999999997</ele>
   </trkpt>
   <trkpt lat="42.70579" lon="2.6120200000000002">
    <ele>282.48</ele>
   </trkpt>
   <trkpt lat="42.705690000000004" lon="2.61207">
    <ele>282.12</ele>
   </trkpt>
   <trkpt lat="42.70546" lon="2.6121000000000003">
    <ele>281.42</ele>
   </trkpt>
   <trkpt lat="42.7049" lon="2.61212">
    <ele>279.94</ele>
   </trkpt>
   <trkpt lat="42.704800000000006" lon="2.6121600000000003">
    <ele>279.94</ele>
   </trkpt>
   <trkpt lat="42.704710000000006" lon="2.6122500000000004">
    <ele>277.62</ele>
   </trkpt>
   <trkpt lat="42.70445" lon="2.6127700000000003">
    <ele>275.96000000000004</ele>
   </trkpt>
   <trkpt lat="42.70438" lon="2.6128600000000004">
    <ele>275.96000000000004</ele>
   </trkpt>
   <trkpt lat="42.70429" lon="2.61288">
    <ele>275.14</ele>
   </trkpt>
   <trkpt lat="42.70407" lon="2.61282">
    <ele>274.17</ele>
   </trkpt>
   <trkpt lat="42.703990000000005" lon="2.61283">
    <ele>272.0</ele>
   </trkpt>
   <trkpt lat="42.703880000000005" lon="2.6129200000000004">
    <ele>272.0</ele>
   </trkpt>
   <trkpt lat="42.70382" lon="2.61308">
    <ele>271.01000000000005</ele>
   </trkpt>
   <trkpt lat="42.70383" lon="2.6132700000000004">
    <ele>269.14000000000004</ele>
   </trkpt>
   <trkpt lat="42.704040000000006" lon="2.61369">
    <ele>267.71</ele>
   </trkpt>
   <trkpt lat="42.704060000000005" lon="2.61391">
    <ele>266.46000000000004</ele>
   </trkpt>
   <trkpt lat="42.704010000000004" lon="2.6140600000000003">
    <ele>265.59000000000003</ele>
   </trkpt>
   <trkpt lat="42.70394" lon="2.61416">
    <ele>264.6</ele>
   </trkpt>
   <trkpt lat="42.70384000000001" lon="2.61417">
    <ele>264.6</ele>
   </trkpt>
   <trkpt lat="42.70362" lon="2.61403">
    <ele>262.83</ele>
   </trkpt>
   <trkpt lat="42.70355000000001" lon="2.6140100000000004">
    <ele>261.19000000000005</ele>
   </trkpt>
   <trkpt lat="42.703430000000004" lon="2.61403">
    <ele>261.19000000000005</ele>
   </trkpt>
   <trkpt lat="42.70318" lon="2.61438">
    <ele>258.22</ele>
   </trkpt>
   <trkpt lat="42.70304" lon="2.61445">
    <ele>256.79</ele>
   </trkpt>
   <trkpt lat="42.702920000000006" lon="2.61444">
    <ele>256.79</ele>
   </trkpt>
   <trkpt lat="42.70264" lon="2.61437">
    <ele>254.32000000000005</ele>
   </trkpt>
   <trkpt lat="42.702510000000004" lon="2.61438">
    <ele>254.32000000000005</ele>
   </trkpt>
   <trkpt lat="42.702360000000006" lon="2.6144700000000003">
    <ele>252.64000000000001</ele>
   </trkpt>
   <trkpt lat="42.702070000000006" lon="2.6149">
    <ele>248.00000000000003</ele>
   </trkpt>
   <trkpt lat="42.70163" lon="2.61547">
    <ele>245.41000000000003</ele>
   </trkpt>
   <trkpt lat="42.701460000000004" lon="2.61559">
    <ele>244.31000000000003</ele>
   </trkpt>
   <trkpt lat="42.701190000000004" lon="2.61573">
    <ele>241.67000000000002</ele>
   </trkpt>
   <trkpt lat="42.70112" lon="2.6158400000000004">
    <ele>241.67000000000002</ele>
   </trkpt>
   <trkpt lat="42.70103" lon="2.61608">
    <ele>240.70000000000002</ele>
   </trkpt>
   <trkpt lat="42.700970000000005" lon="2.6163100000000004">
    <ele>237.32000000000002</ele>
   </trkpt>
   <trkpt lat="42.700860000000006" lon="2.6165900000000004">
    <ele>237.32000000000002</ele>
   </trkpt>
   <trkpt lat="42.700700000000005" lon="2.6168600000000004">
    <ele>235.66</ele>
   </trkpt>
   <trkpt lat="42.70055000000001" lon="2.6169800000000003">
    <ele>234.47</ele>
   </trkpt>
   <trkpt lat="42.700410000000005" lon="2.61703">
    <ele>233.36</ele>
   </trkpt>
   <trkpt lat="42.70018" lon="2.61708">
    <ele>231.42000000000002</ele>
   </trkpt>
   <trkpt lat="42.69986" lon="2.61721">
    <ele>229.38000000000002</ele>
   </trkpt>
   <trkpt lat="42.69971" lon="2.61723">
    <ele>229.38000000000002</ele>
   </trkpt>
   <trkpt lat="42.69948" lon="2.6172500000000003">
    <ele>227.96</ele>
   </trkpt>
   <trkpt lat="42.69935" lon="2.61735">
    <ele>227.42000000000002</ele>
   </trkpt>
   <trkpt lat="42.69921" lon="2.61755">
    <ele>226.28</ele>
   </trkpt>
   <trkpt lat="42.69912" lon="2.6179200000000002">
    <ele>224.35000000000002</ele>
   </trkpt>
   <trkpt lat="42.699130000000004" lon="2.6183400000000003">
    <ele>223.45000000000002</ele>
   </trkpt>
   <trkpt lat="42.6991" lon="2.6184900000000004">
    <ele>223.24</ele>
   </trkpt>
   <trkpt lat="42.69887000000001" lon="2.6187300000000002">
    <ele>223.36</ele>
   </trkpt>
   <trkpt lat="42.698840000000004" lon="2.6188300000000004">
    <ele>223.49</ele>
   </trkpt>
   <trkpt lat="42.69888" lon="2.61917">
    <ele>224.03</ele>
   </trkpt>
   <trkpt lat="42.69887000000001" lon="2.6193700000000004">
    <ele>224.55</ele>
   </trkpt>
   <trkpt lat="42.69883" lon="2.61953">
    <ele>225.43</ele>
   </trkpt>
   <trkpt lat="42.69874" lon="2.6196">
    <ele>225.95000000000002</ele>
   </trkpt>
   <trkpt lat="42.69859" lon="2.6196200000000003">
    <ele>226.17000000000002</ele>
   </trkpt>
   <trkpt lat="42.69820000000001" lon="2.6195000000000004">
    <ele>227.0</ele>
   </trkpt>
   <trkpt lat="42.69802000000001" lon="2.6195000000000004">
    <ele>227.39000000000001</ele>
   </trkpt>
   <trkpt lat="42.69749" lon="2.6196">
    <ele>229.26000000000002</ele>
   </trkpt>
   <trkpt lat="42.69733" lon="2.6195600000000003">
    <ele>229.70000000000002</ele>
   </trkpt>
   <trkpt lat="42.69726" lon="2.6194800000000003">
    <ele>230.07000000000002</ele>
   </trkpt>
   <trkpt lat="42.697230000000005" lon="2.6192800000000003">
    <ele>230.60000000000002</ele>
   </trkpt>
   <trkpt lat="42.69724" lon="2.61877">
    <ele>231.52000000000004</ele>
   </trkpt>
   <trkpt lat="42.6972" lon="2.61864">
    <ele>231.52000000000004</ele>
   </trkpt>
   <trkpt lat="42.69706" lon="2.6183400000000003">
    <ele>233.26000000000002</ele>
   </trkpt>
   <trkpt lat="42.696920000000006" lon="2.6181500000000004">
    <ele>233.86</ele>
   </trkpt>
   <trkpt lat="42.696810000000006" lon="2.6180700000000003">
    <ele>233.86</ele>
   </trkpt>
   <trkpt lat="42.69644" lon="2.6180100000000004">
    <ele>236.42000000000002</ele>
   </trkpt>
   <trkpt lat="42.69633" lon="2.61797">
    <ele>236.42000000000002</ele>
   </trkpt>
   <trkpt lat="42.696270000000005" lon="2.6179300000000003">
    <ele>236.42000000000002</ele>
   </trkpt>
   <trkpt lat="42.69624" lon="2.61782">
    <ele>236.70000000000002</ele>
   </trkpt>
   <trkpt lat="42.69621" lon="2.6175900000000003">
    <ele>237.09000000000003</ele>
   </trkpt>
   <trkpt lat="42.696090000000005" lon="2.61748">
    <ele>237.28</ele>
   </trkpt>
   <trkpt lat="42.69594" lon="2.6174600000000003">
    <ele>237.39000000000001</ele>
   </trkpt>
   <trkpt lat="42.695890000000006" lon="2.6175100000000002">
    <ele>237.39000000000001</ele>
   </trkpt>
   <trkpt lat="42.695690000000006" lon="2.6177300000000003">
    <ele>238.77</ele>
   </trkpt>
   <trkpt lat="42.69552" lon="2.61798">
    <ele>238.77</ele>
   </trkpt>
   <trkpt lat="42.69543" lon="2.6180700000000003">
    <ele>240.44</ele>
   </trkpt>
   <trkpt lat="42.69521" lon="2.6181500000000004">
    <ele>240.44</ele>
   </trkpt>
   <trkpt lat="42.69492" lon="2.61823">
    <ele>241.31000000000003</ele>
   </trkpt>
   <trkpt lat="42.69467" lon="2.6182600000000003">
    <ele>242.21</ele>
   </trkpt>
   <trkpt lat="42.694480000000006" lon="2.61824">
    <ele>242.71</ele>
   </trkpt>
   <trkpt lat="42.69433" lon="2.61817">
    <ele>243.37000000000003</ele>
   </trkpt>
   <trkpt lat="42.694160000000004" lon="2.6181500000000004">
    <ele>243.37000000000003</ele>
   </trkpt>
   <trkpt lat="42.69404" lon="2.6182000000000003">
    <ele>244.28000000000003</ele>
   </trkpt>
   <trkpt lat="42.693940000000005" lon="2.61831">
    <ele>244.28000000000003</ele>
   </trkpt>
   <trkpt lat="42.693830000000005" lon="2.6184900000000004">
    <ele>245.74</ele>
   </trkpt>
   <trkpt lat="42.693740000000005" lon="2.6185400000000003">
    <ele>245.74</ele>
   </trkpt>
   <trkpt lat="42.69355" lon="2.61859">
    <ele>246.53000000000003</ele>
   </trkpt>
   <trkpt lat="42.693400000000004" lon="2.61872">
    <ele>246.53000000000003</ele>
   </trkpt>
   <trkpt lat="42.69283000160984" lon="2.6193200054602253">
    <ele>249.82000000000002</ele>
   </trkpt>
   <trkpt lat="42.692260000000005" lon="2.61992">
    <ele>252.10000000000005</ele>
   </trkpt>
   <trkpt lat="42.6921" lon="2.6199600000000003">
    <ele>252.36</ele>
   </trkpt>
   <trkpt lat="42.69191" lon="2.61992">
    <ele>252.42000000000002</ele>
   </trkpt>
   <trkpt lat="42.691770000000005" lon="2.6198300000000003">
    <ele>252.37000000000003</ele>
   </trkpt>
   <trkpt lat="42.69158" lon="2.61954">
    <ele>252.15000000000003</ele>
   </trkpt>
   <trkpt lat="42.69142" lon="2.6193700000000004">
    <ele>251.93000000000004</ele>
   </trkpt>
   <trkpt lat="42.691" lon="2.61917">
    <ele>251.26999999999998</ele>
   </trkpt>
   <trkpt lat="42.69093" lon="2.6191000000000004">
    <ele>251.09000000000003</ele>
   </trkpt>
   <trkpt lat="42.690830000000005" lon="2.6188900000000004">
    <ele>250.09000000000003</ele>
   </trkpt>
   <trkpt lat="42.690650000000005" lon="2.6182100000000004">
    <ele>247.36</ele>
   </trkpt>
   <trkpt lat="42.69062" lon="2.61798">
    <ele>246.17000000000002</ele>
   </trkpt>
   <trkpt lat="42.69061000000001" lon="2.6173900000000003">
    <ele>244.45000000000002</ele>
   </trkpt>
   <trkpt lat="42.690560000000005" lon="2.61716">
    <ele>244.45000000000002</ele>
   </trkpt>
   <trkpt lat="42.690450000000006" lon="2.61689">
    <ele>242.07</ele>
   </trkpt>
   <trkpt lat="42.69035" lon="2.61676">
    <ele>242.07</ele>
   </trkpt>
   <trkpt lat="42.69021" lon="2.61667">
    <ele>240.26000000000002</ele>
   </trkpt>
   <trkpt lat="42.69004" lon="2.6166400000000003">
    <ele>240.26000000000002</ele>
   </trkpt>
   <trkpt lat="42.689440000000005" lon="2.61662">
    <ele>236.65000000000003</ele>
   </trkpt>
   <trkpt lat="42.68929000000001" lon="2.61655">
    <ele>236.65000000000003</ele>
   </trkpt>
   <trkpt lat="42.68919" lon="2.61642">
    <ele>235.88</ele>
   </trkpt>
   <trkpt lat="42.68911000000001" lon="2.61601">
    <ele>233.29000000000002</ele>
   </trkpt>
   <trkpt lat="42.68912" lon="2.61579">
    <ele>233.29000000000002</ele>
   </trkpt>
   <trkpt lat="42.689060000000005" lon="2.6156200000000003">
    <ele>232.53</ele>
   </trkpt>
   <trkpt lat="42.68898" lon="2.6155500000000003">
    <ele>231.97</ele>
   </trkpt>
   <trkpt lat="42.68891000000001" lon="2.6155500000000003">
    <ele>231.97</ele>
   </trkpt>
   <trkpt lat="42.68878" lon="2.6156200000000003">
    <ele>230.47</ele>
   </trkpt>
   <trkpt lat="42.68842" lon="2.61626">
    <ele>226.55</ele>
   </trkpt>
   <trkpt lat="42.68835000000001" lon="2.61634">
    <ele>225.17000000000002</ele>
   </trkpt>
   <trkpt lat="42.68822" lon="2.6164">
    <ele>225.17000000000002</ele>
   </trkpt>
   <trkpt lat="42.68808000000001" lon="2.6164">
    <ele>224.06</ele>
   </trkpt>
   <trkpt lat="42.687960000000004" lon="2.61634">
    <ele>223.57000000000002</ele>
   </trkpt>
   <trkpt lat="42.68788000000001" lon="2.6161800000000004">
    <ele>222.55</ele>
   </trkpt>
   <trkpt lat="42.68784" lon="2.61593">
    <ele>222.07000000000002</ele>
   </trkpt>
   <trkpt lat="42.68784" lon="2.61559">
    <ele>220.73000000000002</ele>
   </trkpt>
   <trkpt lat="42.68802" lon="2.6148800000000003">
    <ele>218.27</ele>
   </trkpt>
   <trkpt lat="42.688030000000005" lon="2.6147400000000003">
    <ele>218.27</ele>
   </trkpt>
   <trkpt lat="42.68802" lon="2.61463">
    <ele>216.70000000000002</ele>
   </trkpt>
   <trkpt lat="42.68791" lon="2.6144200000000004">
    <ele>216.18</ele>
   </trkpt>
   <trkpt lat="42.687850000000005" lon="2.61437">
    <ele>216.18</ele>
   </trkpt>
   <trkpt lat="42.687670000000004" lon="2.6143300000000003">
    <ele>216.53000000000003</ele>
   </trkpt>
   <trkpt lat="42.68726" lon="2.6142200000000004">
    <ele>214.63000000000002</ele>
   </trkpt>
   <trkpt lat="42.68712" lon="2.6142000000000003">
    <ele>214.20000000000002</ele>
   </trkpt>
   <trkpt lat="42.68701" lon="2.61424">
    <ele>213.98000000000002</ele>
   </trkpt>
   <trkpt lat="42.68692" lon="2.61431">
    <ele>213.54</ele>
   </trkpt>
   <trkpt lat="42.6865" lon="2.6148900000000004">
    <ele>212.58</ele>
   </trkpt>
   <trkpt lat="42.6863" lon="2.6150800000000003">
    <ele>211.85</ele>
   </trkpt>
   <trkpt lat="42.68605" lon="2.6152200000000003">
    <ele>211.85</ele>
   </trkpt>
   <trkpt lat="42.685790000000004" lon="2.61554">
    <ele>210.48000000000002</ele>
   </trkpt>
   <trkpt lat="42.685500000000005" lon="2.61566">
    <ele>209.73000000000002</ele>
   </trkpt>
   <trkpt lat="42.685340000000004" lon="2.61565">
    <ele>209.31000000000003</ele>
   </trkpt>
   <trkpt lat="42.68518" lon="2.6155700000000004">
    <ele>208.96</ele>
   </trkpt>
   <trkpt lat="42.68491" lon="2.61524">
    <ele>207.75</ele>
   </trkpt>
   <trkpt lat="42.684810000000006" lon="2.61519">
    <ele>207.64000000000001</ele>
   </trkpt>
   <trkpt lat="42.68470000000001" lon="2.61518">
    <ele>207.41</ele>
   </trkpt>
   <trkpt lat="42.684340000000006" lon="2.61526">
    <ele>206.92000000000002</ele>
   </trkpt>
   <trkpt lat="42.684270000000005" lon="2.61526">
    <ele>206.92000000000002</ele>
   </trkpt>
   <trkpt lat="42.684140000000006" lon="2.6152200000000003">
    <ele>206.68000000000004</ele>
   </trkpt>
   <trkpt lat="42.68397" lon="2.6151400000000002">
    <ele>206.45000000000002</ele>
   </trkpt>
   <trkpt lat="42.683890000000005" lon="2.6150800000000003">
    <ele>206.27</ele>
   </trkpt>
   <trkpt lat="42.683840000000004" lon="2.6150100000000003">
    <ele>206.27</ele>
   </trkpt>
   <trkpt lat="42.683800000000005" lon="2.6150300000000004">
    <ele>205.37000000000003</ele>
   </trkpt>
   <trkpt lat="42.68372" lon="2.615">
    <ele>205.37000000000003</ele>
   </trkpt>
   <trkpt lat="42.68345" lon="2.6148200000000004">
    <ele>203.17000000000002</ele>
   </trkpt>
   <trkpt lat="42.68332" lon="2.6146800000000003">
    <ele>202.5</ele>
   </trkpt>
   <trkpt lat="42.683220000000006" lon="2.6145400000000003">
    <ele>200.43</ele>
   </trkpt>
   <trkpt lat="42.68298" lon="2.61416">
    <ele>197.9</ele>
   </trkpt>
   <trkpt lat="42.682640000000006" lon="2.6139200000000002">
    <ele>195.49</ele>
   </trkpt>
   <trkpt lat="42.682460000000006" lon="2.6137">
    <ele>192.92000000000002</ele>
   </trkpt>
   <trkpt lat="42.68234" lon="2.6134700000000004">
    <ele>191.13000000000002</ele>
   </trkpt>
   <trkpt lat="42.682050000000004" lon="2.6127700000000003">
    <ele>188.28</ele>
   </trkpt>
   <trkpt lat="42.68191" lon="2.6123000000000003">
    <ele>184.76</ele>
   </trkpt>
   <trkpt lat="42.681850000000004" lon="2.6122400000000003">
    <ele>184.76</ele>
   </trkpt>
   <trkpt lat="42.68171" lon="2.6121800000000004">
    <ele>184.76</ele>
   </trkpt>
   <trkpt lat="42.68150000000001" lon="2.61212">
    <ele>182.27</ele>
   </trkpt>
   <trkpt lat="42.68139" lon="2.61212">
    <ele>180.97000000000003</ele>
   </trkpt>
   <trkpt lat="42.6813" lon="2.61214">
    <ele>180.97000000000003</ele>
   </trkpt>
   <trkpt lat="42.681160000000006" lon="2.61228">
    <ele>179.71</ele>
   </trkpt>
   <trkpt lat="42.68106" lon="2.61233">
    <ele>179.05</ele>
   </trkpt>
   <trkpt lat="42.680980000000005" lon="2.61235">
    <ele>178.02</ele>
   </trkpt>
   <trkpt lat="42.68088" lon="2.6123200000000004">
    <ele>178.02</ele>
   </trkpt>
   <trkpt lat="42.68079" lon="2.6122400000000003">
    <ele>175.89000000000001</ele>
   </trkpt>
   <trkpt lat="42.68072" lon="2.61214">
    <ele>175.89000000000001</ele>
   </trkpt>
   <trkpt lat="42.68066" lon="2.612">
    <ele>175.89000000000001</ele>
   </trkpt>
   <trkpt lat="42.680530000000005" lon="2.6115600000000003">
    <ele>173.11</ele>
   </trkpt>
   <trkpt lat="42.680350000000004" lon="2.6111400000000002">
    <ele>169.01000000000002</ele>
   </trkpt>
   <trkpt lat="42.68021" lon="2.61086">
    <ele>167.86</ele>
   </trkpt>
   <trkpt lat="42.680110000000006" lon="2.61078">
    <ele>165.78</ele>
   </trkpt>
   <trkpt lat="42.68003" lon="2.6107500000000003">
    <ele>165.78</ele>
   </trkpt>
   <trkpt lat="42.67992" lon="2.6108000000000002">
    <ele>164.61</ele>
   </trkpt>
   <trkpt lat="42.67983" lon="2.6108900000000004">
    <ele>163.19</ele>
   </trkpt>
   <trkpt lat="42.67978" lon="2.6110200000000003">
    <ele>162.54000000000002</ele>
   </trkpt>
   <trkpt lat="42.679770000000005" lon="2.61118">
    <ele>162.24</ele>
   </trkpt>
   <trkpt lat="42.67981" lon="2.6113700000000004">
    <ele>161.41000000000003</ele>
   </trkpt>
   <trkpt lat="42.68009000000001" lon="2.6119100000000004">
    <ele>158.19000000000003</ele>
   </trkpt>
   <trkpt lat="42.68029000000001" lon="2.6123600000000002">
    <ele>156.9</ele>
   </trkpt>
   <trkpt lat="42.68038000000001" lon="2.61274">
    <ele>155.29000000000002</ele>
   </trkpt>
   <trkpt lat="42.68039" lon="2.6131800000000003">
    <ele>154.00000000000003</ele>
   </trkpt>
   <trkpt lat="42.68036" lon="2.61362">
    <ele>153.45</ele>
   </trkpt>
   <trkpt lat="42.680310000000006" lon="2.6139400000000004">
    <ele>153.06</ele>
   </trkpt>
   <trkpt lat="42.680240000000005" lon="2.6141500000000004">
    <ele>153.06</ele>
   </trkpt>
   <trkpt lat="42.680110000000006" lon="2.61437">
    <ele>153.06</ele>
   </trkpt>
   <trkpt lat="42.680110000000006" lon="2.6144900000000004">
    <ele>152.73</ele>
   </trkpt>
   <trkpt lat="42.680130000000005" lon="2.61464">
    <ele>152.32000000000002</ele>
   </trkpt>
   <trkpt lat="42.6805" lon="2.6152100000000003">
    <ele>150.02</ele>
   </trkpt>
   <trkpt lat="42.68056000000001" lon="2.61534">
    <ele>150.02</ele>
   </trkpt>
   <trkpt lat="42.68059" lon="2.6154900000000003">
    <ele>149.16000000000003</ele>
   </trkpt>
   <trkpt lat="42.68056000000001" lon="2.61565">
    <ele>149.16000000000003</ele>
   </trkpt>
   <trkpt lat="42.68029000000001" lon="2.61639">
    <ele>146.87</ele>
   </trkpt>
   <trkpt lat="42.68001" lon="2.6175">
    <ele>142.96</ele>
   </trkpt>
   <trkpt lat="42.68000000000001" lon="2.61776">
    <ele>142.96</ele>
   </trkpt>
   <trkpt lat="42.680080000000004" lon="2.61829">
    <ele>141.67000000000002</ele>
   </trkpt>
   <trkpt lat="42.680060000000005" lon="2.61837">
    <ele>141.67000000000002</ele>
   </trkpt>
   <trkpt lat="42.680020000000006" lon="2.61843">
    <ele>140.72</ele>
   </trkpt>
   <trkpt lat="42.67953000000001" lon="2.61858">
    <ele>139.61</ele>
   </trkpt>
   <trkpt lat="42.679410000000004" lon="2.61857">
    <ele>138.97</ele>
   </trkpt>
   <trkpt lat="42.67927" lon="2.61852">
    <ele>138.52</ele>
   </trkpt>
   <trkpt lat="42.67855500033846" lon="2.6181849960751498">
    <ele>138.75</ele>
   </trkpt>
   <trkpt lat="42.67784" lon="2.6178500000000002">
    <ele>142.41</ele>
   </trkpt>
   <trkpt lat="42.67723" lon="2.6173900000000003">
    <ele>144.99</ele>
   </trkpt>
   <trkpt lat="42.677220000000005" lon="2.6173900000000003">
    <ele>144.99</ele>
   </trkpt>
   <trkpt lat="42.67698" lon="2.61716">
    <ele>145.02</ele>
   </trkpt>
   <trkpt lat="42.676860000000005" lon="2.6169800000000003">
    <ele>145.02</ele>
   </trkpt>
   <trkpt lat="42.676750000000006" lon="2.6167100000000003">
    <ele>144.71</ele>
   </trkpt>
   <trkpt lat="42.676610000000004" lon="2.61627">
    <ele>144.86</ele>
   </trkpt>
   <trkpt lat="42.67649" lon="2.61599">
    <ele>145.24</ele>
   </trkpt>
   <trkpt lat="42.67645" lon="2.6158900000000003">
    <ele>145.38</ele>
   </trkpt>
   <trkpt lat="42.67634" lon="2.61574">
    <ele>145.73</ele>
   </trkpt>
   <trkpt lat="42.67634" lon="2.61567">
    <ele>145.73</ele>
   </trkpt>
   <trkpt lat="42.67631" lon="2.6156200000000003">
    <ele>145.73</ele>
   </trkpt>
   <trkpt lat="42.676260000000006" lon="2.61558">
    <ele>146.06000000000003</ele>
   </trkpt>
   <trkpt lat="42.676210000000005" lon="2.61558">
    <ele>146.06000000000003</ele>
   </trkpt>
   <trkpt lat="42.67615000000001" lon="2.6156400000000004">
    <ele>146.21</ele>
   </trkpt>
   <trkpt lat="42.67597000000001" lon="2.61573">
    <ele>146.73</ele>
   </trkpt>
   <trkpt lat="42.67508500003654" lon="2.6157500002840317">
    <ele>148.64000000000001</ele>
   </trkpt>
   <trkpt lat="42.674200000000006" lon="2.6157700000000004">
    <ele>146.71</ele>
   </trkpt>
   <trkpt lat="42.67374" lon="2.6158200000000003">
    <ele>144.83</ele>
   </trkpt>
   <trkpt lat="42.67353000000001" lon="2.61592">
    <ele>143.99</ele>
   </trkpt>
   <trkpt lat="42.6732" lon="2.6161700000000003">
    <ele>143.29</ele>
   </trkpt>
   <trkpt lat="42.672670001870905" lon="2.616636674646366">
    <ele>142.98000000000002</ele>
   </trkpt>
   <trkpt lat="42.67214000184756" lon="2.617103341333477">
    <ele>143.91</ele>
   </trkpt>
   <trkpt lat="42.67161" lon="2.61757">
    <ele>146.19</ele>
   </trkpt>
   <trkpt lat="42.671580000000006" lon="2.6175400000000004">
    <ele>146.22000000000003</ele>
   </trkpt>
   <trkpt lat="42.67154" lon="2.6175400000000004">
    <ele>146.22000000000003</ele>
   </trkpt>
   <trkpt lat="42.671490000000006" lon="2.6174700000000004">
    <ele>146.22000000000003</ele>
   </trkpt>
   <trkpt lat="42.67141" lon="2.61741">
    <ele>145.44</ele>
   </trkpt>
   <trkpt lat="42.671310000000005" lon="2.6172000000000004">
    <ele>145.23000000000002</ele>
   </trkpt>
   <trkpt lat="42.671170000000004" lon="2.6169700000000002">
    <ele>145.35</ele>
   </trkpt>
   <trkpt lat="42.67094" lon="2.61641">
    <ele>146.29</ele>
   </trkpt>
   <trkpt lat="42.67071000000001" lon="2.61594">
    <ele>146.24</ele>
   </trkpt>
   <trkpt lat="42.670700000000004" lon="2.61594">
    <ele>146.24</ele>
   </trkpt>
   <trkpt lat="42.67052" lon="2.6155500000000003">
    <ele>146.92000000000002</ele>
   </trkpt>
   <trkpt lat="42.67047" lon="2.61551">
    <ele>146.92000000000002</ele>
   </trkpt>
   <trkpt lat="42.670350000000006" lon="2.61545">
    <ele>147.67000000000002</ele>
   </trkpt>
   <trkpt lat="42.670030000000004" lon="2.61486">
    <ele>152.54</ele>
   </trkpt>
   <trkpt lat="42.669540000000005" lon="2.6150100000000003">
    <ele>154.28</ele>
   </trkpt>
   <trkpt lat="42.669380000000004" lon="2.61466">
    <ele>155.38000000000002</ele>
   </trkpt>
   <trkpt lat="42.66931" lon="2.6146100000000003">
    <ele>156.09</ele>
   </trkpt>
   <trkpt lat="42.66921000000001" lon="2.61459">
    <ele>156.48000000000002</ele>
   </trkpt>
   <trkpt lat="42.66917" lon="2.61457">
    <ele>156.57000000000002</ele>
   </trkpt>
   <trkpt lat="42.6691" lon="2.6144700000000003">
    <ele>156.56</ele>
   </trkpt>
   <trkpt lat="42.66856000000001" lon="2.61423">
    <ele>156.29000000000002</ele>
   </trkpt>
   <trkpt lat="42.66828" lon="2.6140700000000003">
    <ele>156.4</ele>
   </trkpt>
   <trkpt lat="42.668200000000006" lon="2.6140000000000003">
    <ele>156.4</ele>
   </trkpt>
   <trkpt lat="42.6681" lon="2.61384">
    <ele>156.53</ele>
   </trkpt>
   <trkpt lat="42.668020000000006" lon="2.61368">
    <ele>156.53</ele>
   </trkpt>
   <trkpt lat="42.667930000000005" lon="2.6131800000000003">
    <ele>157.08</ele>
   </trkpt>
   <trkpt lat="42.66751" lon="2.61343">
    <ele>157.06</ele>
   </trkpt>
   <trkpt lat="42.66724000000001" lon="2.6135900000000003">
    <ele>157.57000000000002</ele>
   </trkpt>
   <trkpt lat="42.66705" lon="2.6131">
    <ele>157.84</ele>
   </trkpt>
   <trkpt lat="42.66695000000001" lon="2.6129000000000002">
    <ele>158.19000000000003</ele>
   </trkpt>
   <trkpt lat="42.66660334044317" lon="2.611996656623743">
    <ele>158.75</ele>
   </trkpt>
   <trkpt lat="42.666256673788816" lon="2.6110933233226605">
    <ele>159.35000000000002</ele>
   </trkpt>
   <trkpt lat="42.665910000000004" lon="2.6101900000000002">
    <ele>159.67000000000002</ele>
   </trkpt>
   <trkpt lat="42.66553001227158" lon="2.6092199822020916">
    <ele>160.07000000000002</ele>
   </trkpt>
   <trkpt lat="42.66515001635928" lon="2.6082499762626763">
    <ele>160.4</ele>
   </trkpt>
   <trkpt lat="42.66477001226336" lon="2.6072799821817054">
    <ele>161.13000000000002</ele>
   </trkpt>
   <trkpt lat="42.664390000000004" lon="2.60631">
    <ele>161.95000000000002</ele>
   </trkpt>
   <trkpt lat="42.66427" lon="2.60589">
    <ele>162.22</ele>
   </trkpt>
   <trkpt lat="42.66429" lon="2.60584">
    <ele>162.29000000000002</ele>
   </trkpt>
   <trkpt lat="42.66429" lon="2.60576">
    <ele>162.41000000000003</ele>
   </trkpt>
   <trkpt lat="42.66425" lon="2.60568">
    <ele>162.41000000000003</ele>
   </trkpt>
   <trkpt lat="42.66418" lon="2.6056600000000003">
    <ele>162.41000000000003</ele>
   </trkpt>
   <trkpt lat="42.66402" lon="2.60537">
    <ele>162.41000000000003</ele>
   </trkpt>
   <trkpt lat="42.66362" lon="2.60433">
    <ele>164.27</ele>
   </trkpt>
   <trkpt lat="42.66349" lon="2.6040300000000003">
    <ele>164.79000000000002</ele>
   </trkpt>
   <trkpt lat="42.66339000000001" lon="2.60387">
    <ele>165.20000000000002</ele>
   </trkpt>
   <trkpt lat="42.66329" lon="2.6037700000000004">
    <ele>165.20000000000002</ele>
   </trkpt>
   <trkpt lat="42.663090000000004" lon="2.6036200000000003">
    <ele>165.32000000000002</ele>
   </trkpt>
   <trkpt lat="42.663000000000004" lon="2.60358">
    <ele>165.48000000000002</ele>
   </trkpt>
   <trkpt lat="42.66275" lon="2.60354">
    <ele>165.69</ele>
   </trkpt>
   <trkpt lat="42.66243" lon="2.60352">
    <ele>166.13</ele>
   </trkpt>
   <trkpt lat="42.662310000000005" lon="2.6034800000000002">
    <ele>166.13</ele>
   </trkpt>
   <trkpt lat="42.66217" lon="2.6032300000000004">
    <ele>166.47</ele>
   </trkpt>
   <trkpt lat="42.66214" lon="2.60304">
    <ele>166.52</ele>
   </trkpt>
   <trkpt lat="42.662150000000004" lon="2.603">
    <ele>166.52</ele>
   </trkpt>
   <trkpt lat="42.66214" lon="2.60286">
    <ele>166.61</ele>
   </trkpt>
   <trkpt lat="42.66219" lon="2.60259">
    <ele>166.61</ele>
   </trkpt>
   <trkpt lat="42.66227000000001" lon="2.6023300000000003">
    <ele>166.69</ele>
   </trkpt>
   <trkpt lat="42.662490000000005" lon="2.60178">
    <ele>167.39000000000001</ele>
   </trkpt>
   <trkpt lat="42.66254000000001" lon="2.60175">
    <ele>167.47</ele>
   </trkpt>
   <trkpt lat="42.66257" lon="2.60169">
    <ele>167.47</ele>
   </trkpt>
   <trkpt lat="42.66257" lon="2.60162">
    <ele>167.57000000000002</ele>
   </trkpt>
   <trkpt lat="42.66252" lon="2.60155">
    <ele>167.79000000000002</ele>
   </trkpt>
   <trkpt lat="42.662315001286835" lon="2.6009949980273372">
    <ele>168.99</ele>
   </trkpt>
   <trkpt lat="42.662110000000006" lon="2.6004400000000003">
    <ele>170.95000000000002</ele>
   </trkpt>
   <trkpt lat="42.662000000000006" lon="2.6002300000000003">
    <ele>171.23000000000002</ele>
   </trkpt>
   <trkpt lat="42.661645000925105" lon="2.5997699973798567">
    <ele>172.34</ele>
   </trkpt>
   <trkpt lat="42.66129" lon="2.59931">
    <ele>173.14000000000001</ele>
   </trkpt>
   <trkpt lat="42.661010000000005" lon="2.5988100000000003">
    <ele>173.69</ele>
   </trkpt>
   <trkpt lat="42.66085" lon="2.59846">
    <ele>174.12000000000003</ele>
   </trkpt>
   <trkpt lat="42.6608" lon="2.5983">
    <ele>174.27</ele>
   </trkpt>
   <trkpt lat="42.660675002739275" lon="2.5975049983427905">
    <ele>174.93</ele>
   </trkpt>
   <trkpt lat="42.66055" lon="2.5967100000000003">
    <ele>175.96</ele>
   </trkpt>
   <trkpt lat="42.6602" lon="2.5956300000000003">
    <ele>177.78000000000003</ele>
   </trkpt>
   <trkpt lat="42.66010000000001" lon="2.5951700000000004">
    <ele>178.70000000000002</ele>
   </trkpt>
   <trkpt lat="42.660050000000005" lon="2.5945600000000004">
    <ele>179.04</ele>
   </trkpt>
   <trkpt lat="42.66001000000001" lon="2.5943500000000004">
    <ele>179.09000000000003</ele>
   </trkpt>
   <trkpt lat="42.65982000214696" lon="2.593654998045966">
    <ele>179.37</ele>
   </trkpt>
   <trkpt lat="42.65963" lon="2.59296">
    <ele>179.71</ele>
   </trkpt>
   <trkpt lat="42.659510000000004" lon="2.5926500000000003">
    <ele>179.81000000000003</ele>
   </trkpt>
   <trkpt lat="42.659153338817816" lon="2.5918566575887025">
    <ele>179.8</ele>
   </trkpt>
   <trkpt lat="42.65879667216155" lon="2.591063324278602">
    <ele>180.07</ele>
   </trkpt>
   <trkpt lat="42.658440000000006" lon="2.5902700000000003">
    <ele>180.58</ele>
   </trkpt>
   <trkpt lat="42.658060000000006" lon="2.5892700000000004">
    <ele>181.22000000000003</ele>
   </trkpt>
   <trkpt lat="42.657920000000004" lon="2.58881">
    <ele>181.46</ele>
   </trkpt>
   <trkpt lat="42.65787" lon="2.58854">
    <ele>181.46</ele>
   </trkpt>
   <trkpt lat="42.65784" lon="2.58819">
    <ele>181.55</ele>
   </trkpt>
   <trkpt lat="42.65783500261264" lon="2.587415000042888">
    <ele>181.66000000000003</ele>
   </trkpt>
   <trkpt lat="42.657830000000004" lon="2.58664">
    <ele>181.9</ele>
   </trkpt>
   <trkpt lat="42.657810000000005" lon="2.58617">
    <ele>182.36</ele>
   </trkpt>
   <trkpt lat="42.65776" lon="2.58598">
    <ele>182.36</ele>
   </trkpt>
   <trkpt lat="42.657680000000006" lon="2.58582">
    <ele>182.36</ele>
   </trkpt>
   <trkpt lat="42.65757000000001" lon="2.5856700000000004">
    <ele>182.76</ele>
   </trkpt>
   <trkpt lat="42.65739000000001" lon="2.58555">
    <ele>182.76</ele>
   </trkpt>
   <trkpt lat="42.657210000000006" lon="2.58551">
    <ele>182.76</ele>
   </trkpt>
   <trkpt lat="42.657120000000006" lon="2.58551">
    <ele>183.06000000000003</ele>
   </trkpt>
   <trkpt lat="42.6569" lon="2.5855900000000003">
    <ele>183.06000000000003</ele>
   </trkpt>
  </trkseg>
 </trk>
</gpx>
