<?xml version="1.0" encoding="UTF-8"?>
<gpx creator="StravaGPX" version="1.1" xmlns="http://www.topografix.com/GPX/1/1" xmlns:xsi="http://www.w3.org/2001/XMLSchema-instance" xsi:schemaLocation="http://www.topografix.com/GPX/1/1 http://www.topografix.com/GPX/1/1/gpx.xsd">
 <metadata>
  <name>Mont-Louis - Eyne - Llo - Saillagouse - Ste Léocadie - Puigmal - Saillagouse - Mont-Louis</name>
  <author>
   <name>Chris Hancock</name>
   <link href="https://www.strava.com/athletes/2519062"/>
  </author>
  <copyright author="OpenStreetMap contributors">
   <year>2020</year>
   <license>https://www.openstreetmap.org/copyright</license>
  </copyright>
  <link href="https://www.strava.com/routes/3514677559616790804"/>
 </metadata>
 <trk>
  <name>Mont-Louis - Eyne - Llo - Saillagouse - Ste Léocadie - Puigmal - Saillagouse - Mont-Louis</name>
  <link href="https://www.strava.com/routes/3514677559616790804"/>
  <type>cycling</type>
  <trkseg>
   <trkpt lat="42.50672" lon="2.12191">
    <ele>1566.8200000000002</ele>
   </trkpt>
   <trkpt lat="42.506620000000005" lon="2.12122">
    <ele>1566.25</ele>
   </trkpt>
   <trkpt lat="42.506640000000004" lon="2.1209800000000003">
    <ele>1566.1299999999999</ele>
   </trkpt>
   <trkpt lat="42.50672" lon="2.1207700000000003">
    <ele>1566.0800000000002</ele>
   </trkpt>
   <trkpt lat="42.507160000000006" lon="2.12022">
    <ele>1566.3500000000001</ele>
   </trkpt>
   <trkpt lat="42.50732" lon="2.1199700000000004">
    <ele>1566.7600000000002</ele>
   </trkpt>
   <trkpt lat="42.5075" lon="2.11958">
    <ele>1568.14</ele>
   </trkpt>
   <trkpt lat="42.50764" lon="2.119">
    <ele>1568.93</ele>
   </trkpt>
   <trkpt lat="42.50768" lon="2.1188900000000004">
    <ele>1568.93</ele>
   </trkpt>
   <trkpt lat="42.507850000000005" lon="2.11864">
    <ele>1569.47</ele>
   </trkpt>
   <trkpt lat="42.50813" lon="2.1183400000000003">
    <ele>1570.3700000000001</ele>
   </trkpt>
   <trkpt lat="42.50824" lon="2.11817">
    <ele>1571.0400000000002</ele>
   </trkpt>
   <trkpt lat="42.50844" lon="2.11777">
    <ele>1571.6100000000001</ele>
   </trkpt>
   <trkpt lat="42.508720000000004" lon="2.117">
    <ele>1572.8500000000001</ele>
   </trkpt>
   <trkpt lat="42.50874" lon="2.1168">
    <ele>1573.19</ele>
   </trkpt>
   <trkpt lat="42.508700000000005" lon="2.1166">
    <ele>1573.22</ele>
   </trkpt>
   <trkpt lat="42.50864000000001" lon="2.11647">
    <ele>1573.38</ele>
   </trkpt>
   <trkpt lat="42.50854" lon="2.1163600000000002">
    <ele>1573.8</ele>
   </trkpt>
   <trkpt lat="42.50838" lon="2.11626">
    <ele>1574.3200000000002</ele>
   </trkpt>
   <trkpt lat="42.508070000000004" lon="2.1161800000000004">
    <ele>1575.39</ele>
   </trkpt>
   <trkpt lat="42.507760000000005" lon="2.11606">
    <ele>1575.8200000000002</ele>
   </trkpt>
   <trkpt lat="42.50761000000001" lon="2.1159700000000004">
    <ele>1576.81</ele>
   </trkpt>
   <trkpt lat="42.507560000000005" lon="2.11588">
    <ele>1576.81</ele>
   </trkpt>
   <trkpt lat="42.50753" lon="2.11573">
    <ele>1577.2400000000002</ele>
   </trkpt>
   <trkpt lat="42.507540000000006" lon="2.11565">
    <ele>1577.3400000000001</ele>
   </trkpt>
   <trkpt lat="42.50748" lon="2.1154900000000003">
    <ele>1578.93</ele>
   </trkpt>
   <trkpt lat="42.507400000000004" lon="2.11545">
    <ele>1579.0700000000002</ele>
   </trkpt>
   <trkpt lat="42.50733" lon="2.11547">
    <ele>1579.0700000000002</ele>
   </trkpt>
   <trkpt lat="42.507180000000005" lon="2.1154100000000002">
    <ele>1578.03</ele>
   </trkpt>
   <trkpt lat="42.50704" lon="2.1152">
    <ele>1577.5400000000002</ele>
   </trkpt>
   <trkpt lat="42.506820000000005" lon="2.1144000000000003">
    <ele>1577.76</ele>
   </trkpt>
   <trkpt lat="42.506780000000006" lon="2.1141300000000003">
    <ele>1577.77</ele>
   </trkpt>
   <trkpt lat="42.506730000000005" lon="2.1135300000000004">
    <ele>1578.1600000000003</ele>
   </trkpt>
   <trkpt lat="42.50661" lon="2.11313">
    <ele>1578.2900000000002</ele>
   </trkpt>
   <trkpt lat="42.50643" lon="2.11282">
    <ele>1578.3200000000002</ele>
   </trkpt>
   <trkpt lat="42.50603" lon="2.1122900000000002">
    <ele>1578.27</ele>
   </trkpt>
   <trkpt lat="42.50574" lon="2.11201">
    <ele>1578.21</ele>
   </trkpt>
   <trkpt lat="42.50564000000001" lon="2.11187">
    <ele>1578.03</ele>
   </trkpt>
   <trkpt lat="42.50547" lon="2.1115000000000004">
    <ele>1577.96</ele>
   </trkpt>
   <trkpt lat="42.505300000000005" lon="2.1106200000000004">
    <ele>1576.8500000000001</ele>
   </trkpt>
   <trkpt lat="42.50522" lon="2.11044">
    <ele>1576.84</ele>
   </trkpt>
   <trkpt lat="42.504940000000005" lon="2.1100000000000003">
    <ele>1577.23</ele>
   </trkpt>
   <trkpt lat="42.50486" lon="2.10981">
    <ele>1577.29</ele>
   </trkpt>
   <trkpt lat="42.5048" lon="2.1094000000000004">
    <ele>1577.7500000000002</ele>
   </trkpt>
   <trkpt lat="42.50484" lon="2.1087800000000003">
    <ele>1578.13</ele>
   </trkpt>
   <trkpt lat="42.504830000000005" lon="2.10846">
    <ele>1578.2600000000002</ele>
   </trkpt>
   <trkpt lat="42.504810000000006" lon="2.10814">
    <ele>1578.3500000000001</ele>
   </trkpt>
   <trkpt lat="42.504720000000006" lon="2.10752">
    <ele>1578.7600000000002</ele>
   </trkpt>
   <trkpt lat="42.50471" lon="2.10707">
    <ele>1578.8700000000001</ele>
   </trkpt>
   <trkpt lat="42.50479000000001" lon="2.10623">
    <ele>1578.63</ele>
   </trkpt>
   <trkpt lat="42.50479000000001" lon="2.1057300000000003">
    <ele>1578.01</ele>
   </trkpt>
   <trkpt lat="42.504690000000004" lon="2.1052">
    <ele>1578.18</ele>
   </trkpt>
   <trkpt lat="42.5045" lon="2.10448">
    <ele>1579.0600000000002</ele>
   </trkpt>
   <trkpt lat="42.504430000000006" lon="2.1034800000000002">
    <ele>1579.67</ele>
   </trkpt>
   <trkpt lat="42.50435" lon="2.10312">
    <ele>1579.79</ele>
   </trkpt>
   <trkpt lat="42.504270000000005" lon="2.1028900000000004">
    <ele>1579.8500000000001</ele>
   </trkpt>
   <trkpt lat="42.503916672765065" lon="2.1020533239065937">
    <ele>1580.6000000000001</ele>
   </trkpt>
   <trkpt lat="42.503563339444476" lon="2.1012166572702258">
    <ele>1580.4600000000003</ele>
   </trkpt>
   <trkpt lat="42.50321" lon="2.1003800000000004">
    <ele>1580.0</ele>
   </trkpt>
   <trkpt lat="42.5031" lon="2.10012">
    <ele>1579.98</ele>
   </trkpt>
   <trkpt lat="42.502900000000004" lon="2.0998300000000003">
    <ele>1579.7800000000002</ele>
   </trkpt>
   <trkpt lat="42.50274" lon="2.09966">
    <ele>1579.79</ele>
   </trkpt>
   <trkpt lat="42.50255000000001" lon="2.09953">
    <ele>1580.0</ele>
   </trkpt>
   <trkpt lat="42.50233" lon="2.0994300000000004">
    <ele>1580.15</ele>
   </trkpt>
   <trkpt lat="42.501650000000005" lon="2.09926">
    <ele>1581.8500000000001</ele>
   </trkpt>
   <trkpt lat="42.50135" lon="2.0991">
    <ele>1582.0500000000002</ele>
   </trkpt>
   <trkpt lat="42.50123000000001" lon="2.09899">
    <ele>1581.95</ele>
   </trkpt>
   <trkpt lat="42.50062500247621" lon="2.0982449928697973">
    <ele>1580.3100000000002</ele>
   </trkpt>
   <trkpt lat="42.500020000000006" lon="2.0975">
    <ele>1577.65</ele>
   </trkpt>
   <trkpt lat="42.499930000000006" lon="2.0973300000000004">
    <ele>1577.65</ele>
   </trkpt>
   <trkpt lat="42.499790000000004" lon="2.09693">
    <ele>1577.39</ele>
   </trkpt>
   <trkpt lat="42.49973000000001" lon="2.09661">
    <ele>1577.18</ele>
   </trkpt>
   <trkpt lat="42.499700000000004" lon="2.0962300000000003">
    <ele>1576.8700000000001</ele>
   </trkpt>
   <trkpt lat="42.49965" lon="2.09592">
    <ele>1576.64</ele>
   </trkpt>
   <trkpt lat="42.499590000000005" lon="2.09571">
    <ele>1576.5600000000002</ele>
   </trkpt>
   <trkpt lat="42.49951" lon="2.09553">
    <ele>1576.39</ele>
   </trkpt>
   <trkpt lat="42.49925" lon="2.09505">
    <ele>1575.65</ele>
   </trkpt>
   <trkpt lat="42.498990000000006" lon="2.0946000000000002">
    <ele>1574.96</ele>
   </trkpt>
   <trkpt lat="42.49886" lon="2.09444">
    <ele>1574.91</ele>
   </trkpt>
   <trkpt lat="42.498740000000005" lon="2.0943300000000002">
    <ele>1575.0700000000002</ele>
   </trkpt>
   <trkpt lat="42.498520000000006" lon="2.09417">
    <ele>1575.2700000000002</ele>
   </trkpt>
   <trkpt lat="42.49828" lon="2.0940600000000003">
    <ele>1576.1100000000001</ele>
   </trkpt>
   <trkpt lat="42.49804" lon="2.09402">
    <ele>1577.7200000000003</ele>
   </trkpt>
   <trkpt lat="42.49792" lon="2.09403">
    <ele>1577.7200000000003</ele>
   </trkpt>
   <trkpt lat="42.49743" lon="2.09417">
    <ele>1578.96</ele>
   </trkpt>
   <trkpt lat="42.497260000000004" lon="2.09416">
    <ele>1579.2700000000002</ele>
   </trkpt>
   <trkpt lat="42.49712" lon="2.09411">
    <ele>1579.2700000000002</ele>
   </trkpt>
   <trkpt lat="42.497020000000006" lon="2.09404">
    <ele>1580.57</ele>
   </trkpt>
   <trkpt lat="42.49694" lon="2.09395">
    <ele>1580.57</ele>
   </trkpt>
   <trkpt lat="42.496880000000004" lon="2.09384">
    <ele>1580.57</ele>
   </trkpt>
   <trkpt lat="42.49667500241815" lon="2.093089997443121">
    <ele>1582.1100000000001</ele>
   </trkpt>
   <trkpt lat="42.49647" lon="2.09234">
    <ele>1581.67</ele>
   </trkpt>
   <trkpt lat="42.496340000000004" lon="2.09239">
    <ele>1580.84</ele>
   </trkpt>
   <trkpt lat="42.495850000000004" lon="2.0923700000000003">
    <ele>1579.8200000000002</ele>
   </trkpt>
   <trkpt lat="42.49548" lon="2.09241">
    <ele>1580.6100000000001</ele>
   </trkpt>
   <trkpt lat="42.495360000000005" lon="2.09249">
    <ele>1580.84</ele>
   </trkpt>
   <trkpt lat="42.495090000000005" lon="2.0927900000000004">
    <ele>1582.5900000000001</ele>
   </trkpt>
   <trkpt lat="42.494640000000004" lon="2.09363">
    <ele>1584.23</ele>
   </trkpt>
   <trkpt lat="42.494420000000005" lon="2.0939200000000002">
    <ele>1584.9</ele>
   </trkpt>
   <trkpt lat="42.49428" lon="2.09405">
    <ele>1585.5800000000002</ele>
   </trkpt>
   <trkpt lat="42.49412" lon="2.09415">
    <ele>1586.4900000000002</ele>
   </trkpt>
   <trkpt lat="42.493900000000004" lon="2.09418">
    <ele>1587.32</ele>
   </trkpt>
   <trkpt lat="42.49365" lon="2.09412">
    <ele>1590.44</ele>
   </trkpt>
   <trkpt lat="42.493390000000005" lon="2.09402">
    <ele>1590.44</ele>
   </trkpt>
   <trkpt lat="42.49257" lon="2.09355">
    <ele>1596.24</ele>
   </trkpt>
   <trkpt lat="42.492180000000005" lon="2.0933">
    <ele>1600.3700000000001</ele>
   </trkpt>
   <trkpt lat="42.492050000000006" lon="2.09324">
    <ele>1600.88</ele>
   </trkpt>
   <trkpt lat="42.491890000000005" lon="2.09321">
    <ele>1601.5400000000002</ele>
   </trkpt>
   <trkpt lat="42.49175" lon="2.09321">
    <ele>1602.1200000000001</ele>
   </trkpt>
   <trkpt lat="42.49112" lon="2.0933300000000004">
    <ele>1603.25</ele>
   </trkpt>
   <trkpt lat="42.490930000000006" lon="2.0933100000000002">
    <ele>1603.7700000000002</ele>
   </trkpt>
   <trkpt lat="42.490140000526104" lon="2.093024996462854">
    <ele>1604.0500000000002</ele>
   </trkpt>
   <trkpt lat="42.48935" lon="2.09274">
    <ele>1604.5600000000002</ele>
   </trkpt>
   <trkpt lat="42.48915" lon="2.0926500000000003">
    <ele>1604.63</ele>
   </trkpt>
   <trkpt lat="42.489000000000004" lon="2.0925200000000004">
    <ele>1604.6200000000001</ele>
   </trkpt>
   <trkpt lat="42.48888" lon="2.09235">
    <ele>1604.7300000000002</ele>
   </trkpt>
   <trkpt lat="42.488535003663785" lon="2.0914399951508607">
    <ele>1606.71</ele>
   </trkpt>
   <trkpt lat="42.48819" lon="2.09053">
    <ele>1610.4</ele>
   </trkpt>
   <trkpt lat="42.48809000000001" lon="2.0903300000000002">
    <ele>1610.4</ele>
   </trkpt>
   <trkpt lat="42.487970000000004" lon="2.09015">
    <ele>1611.02</ele>
   </trkpt>
   <trkpt lat="42.487550000000006" lon="2.08968">
    <ele>1612.99</ele>
   </trkpt>
   <trkpt lat="42.4870266685004" lon="2.0892233257107025">
    <ele>1613.18</ele>
   </trkpt>
   <trkpt lat="42.48650333518785" lon="2.0887666590622778">
    <ele>1614.84</ele>
   </trkpt>
   <trkpt lat="42.485980000000005" lon="2.0883100000000003">
    <ele>1617.45</ele>
   </trkpt>
   <trkpt lat="42.48574000000001" lon="2.08812">
    <ele>1619.7</ele>
   </trkpt>
   <trkpt lat="42.485530000000004" lon="2.08801">
    <ele>1620.3</ele>
   </trkpt>
   <trkpt lat="42.48525" lon="2.088">
    <ele>1620.8000000000002</ele>
   </trkpt>
   <trkpt lat="42.48445" lon="2.08815">
    <ele>1616.6200000000001</ele>
   </trkpt>
   <trkpt lat="42.4842" lon="2.0881800000000004">
    <ele>1615.2900000000002</ele>
   </trkpt>
   <trkpt lat="42.48387" lon="2.08814">
    <ele>1613.8300000000002</ele>
   </trkpt>
   <trkpt lat="42.48369" lon="2.08806">
    <ele>1613.0600000000002</ele>
   </trkpt>
   <trkpt lat="42.48294666824284" lon="2.087639990044122">
    <ele>1610.3400000000001</ele>
   </trkpt>
   <trkpt lat="42.48220333495219" lon="2.0872199900684127">
    <ele>1607.08</ele>
   </trkpt>
   <trkpt lat="42.481460000000006" lon="2.0868">
    <ele>1605.15</ele>
   </trkpt>
   <trkpt lat="42.48094000067697" lon="2.0864049967163285">
    <ele>1604.2900000000002</ele>
   </trkpt>
   <trkpt lat="42.48042" lon="2.0860100000000004">
    <ele>1603.19</ele>
   </trkpt>
   <trkpt lat="42.48011" lon="2.0857">
    <ele>1602.6100000000001</ele>
   </trkpt>
   <trkpt lat="42.479770001125196" lon="2.0851999973398723">
    <ele>1602.5800000000002</ele>
   </trkpt>
   <trkpt lat="42.47943" lon="2.0847">
    <ele>1602.81</ele>
   </trkpt>
   <trkpt lat="42.4789750025349" lon="2.0839299943297234">
    <ele>1602.3100000000002</ele>
   </trkpt>
   <trkpt lat="42.47852" lon="2.0831600000000003">
    <ele>1599.8500000000001</ele>
   </trkpt>
   <trkpt lat="42.478260000000006" lon="2.08287">
    <ele>1598.2800000000002</ele>
   </trkpt>
   <trkpt lat="42.477850000000004" lon="2.08251">
    <ele>1595.55</ele>
   </trkpt>
   <trkpt lat="42.47769" lon="2.08243">
    <ele>1595.18</ele>
   </trkpt>
   <trkpt lat="42.477520000000005" lon="2.08238">
    <ele>1593.9500000000003</ele>
   </trkpt>
   <trkpt lat="42.477360000000004" lon="2.0824000000000003">
    <ele>1593.14</ele>
   </trkpt>
   <trkpt lat="42.477250000000005" lon="2.08244">
    <ele>1591.7500000000002</ele>
   </trkpt>
   <trkpt lat="42.477090000000004" lon="2.08256">
    <ele>1591.7500000000002</ele>
   </trkpt>
   <trkpt lat="42.47695" lon="2.0827">
    <ele>1589.73</ele>
   </trkpt>
   <trkpt lat="42.47684" lon="2.08293">
    <ele>1588.66</ele>
   </trkpt>
   <trkpt lat="42.47674000000001" lon="2.0830800000000003">
    <ele>1588.0200000000002</ele>
   </trkpt>
   <trkpt lat="42.47661" lon="2.08319">
    <ele>1587.5500000000002</ele>
   </trkpt>
   <trkpt lat="42.47645000000001" lon="2.08324">
    <ele>1587.5</ele>
   </trkpt>
   <trkpt lat="42.476290000000006" lon="2.0832">
    <ele>1587.74</ele>
   </trkpt>
   <trkpt lat="42.47612" lon="2.0830900000000003">
    <ele>1588.7000000000003</ele>
   </trkpt>
   <trkpt lat="42.47592" lon="2.0828">
    <ele>1590.68</ele>
   </trkpt>
   <trkpt lat="42.47579" lon="2.08266">
    <ele>1591.3100000000002</ele>
   </trkpt>
   <trkpt lat="42.475660000000005" lon="2.08256">
    <ele>1591.68</ele>
   </trkpt>
   <trkpt lat="42.47549" lon="2.0825">
    <ele>1591.39</ele>
   </trkpt>
   <trkpt lat="42.47532" lon="2.0825">
    <ele>1590.5</ele>
   </trkpt>
   <trkpt lat="42.475030000000004" lon="2.08256">
    <ele>1587.74</ele>
   </trkpt>
   <trkpt lat="42.47466" lon="2.0826800000000003">
    <ele>1586.0900000000001</ele>
   </trkpt>
   <trkpt lat="42.47451" lon="2.08266">
    <ele>1585.43</ele>
   </trkpt>
   <trkpt lat="42.47442" lon="2.0826000000000002">
    <ele>1585.17</ele>
   </trkpt>
   <trkpt lat="42.47435" lon="2.0825">
    <ele>1585.17</ele>
   </trkpt>
   <trkpt lat="42.47429" lon="2.0822800000000004">
    <ele>1584.91</ele>
   </trkpt>
   <trkpt lat="42.47426" lon="2.0819900000000002">
    <ele>1584.3</ele>
   </trkpt>
   <trkpt lat="42.47422" lon="2.08188">
    <ele>1584.3</ele>
   </trkpt>
   <trkpt lat="42.474120000000006" lon="2.0818000000000003">
    <ele>1583.16</ele>
   </trkpt>
   <trkpt lat="42.47402" lon="2.0817900000000003">
    <ele>1581.4800000000002</ele>
   </trkpt>
   <trkpt lat="42.473710000000004" lon="2.08183">
    <ele>1579.5500000000002</ele>
   </trkpt>
   <trkpt lat="42.47366" lon="2.08182">
    <ele>1578.7900000000002</ele>
   </trkpt>
   <trkpt lat="42.473580000000005" lon="2.08185">
    <ele>1578.3400000000001</ele>
   </trkpt>
   <trkpt lat="42.47345000000001" lon="2.0819400000000003">
    <ele>1577.95</ele>
   </trkpt>
   <trkpt lat="42.473060000000004" lon="2.0822800000000004">
    <ele>1576.8700000000001</ele>
   </trkpt>
   <trkpt lat="42.47296" lon="2.08231">
    <ele>1576.04</ele>
   </trkpt>
   <trkpt lat="42.47288" lon="2.0823">
    <ele>1576.04</ele>
   </trkpt>
   <trkpt lat="42.47272" lon="2.0822100000000003">
    <ele>1575.8100000000002</ele>
   </trkpt>
   <trkpt lat="42.472640000000006" lon="2.08212">
    <ele>1575.8100000000002</ele>
   </trkpt>
   <trkpt lat="42.472280000000005" lon="2.08244">
    <ele>1577.8200000000002</ele>
   </trkpt>
   <trkpt lat="42.47155" lon="2.08313">
    <ele>1582.6100000000001</ele>
   </trkpt>
   <trkpt lat="42.471430000000005" lon="2.0832100000000002">
    <ele>1582.89</ele>
   </trkpt>
   <trkpt lat="42.471230000000006" lon="2.0832900000000003">
    <ele>1584.9700000000003</ele>
   </trkpt>
   <trkpt lat="42.471120000000006" lon="2.08331">
    <ele>1584.9700000000003</ele>
   </trkpt>
   <trkpt lat="42.47066999988349" lon="2.0832549995887324">
    <ele>1588.0800000000002</ele>
   </trkpt>
   <trkpt lat="42.470220000000005" lon="2.0832">
    <ele>1592.68</ele>
   </trkpt>
   <trkpt lat="42.470150000000004" lon="2.0831500000000003">
    <ele>1592.68</ele>
   </trkpt>
   <trkpt lat="42.470040000000004" lon="2.083">
    <ele>1592.95</ele>
   </trkpt>
   <trkpt lat="42.46985" lon="2.08271">
    <ele>1596.16</ele>
   </trkpt>
   <trkpt lat="42.469800000000006" lon="2.08259">
    <ele>1596.16</ele>
   </trkpt>
   <trkpt lat="42.46981" lon="2.08243">
    <ele>1596.7000000000003</ele>
   </trkpt>
   <trkpt lat="42.469840000000005" lon="2.0823400000000003">
    <ele>1596.7000000000003</ele>
   </trkpt>
   <trkpt lat="42.47005" lon="2.0820800000000004">
    <ele>1597.8100000000002</ele>
   </trkpt>
   <trkpt lat="42.470130000000005" lon="2.08195">
    <ele>1597.8100000000002</ele>
   </trkpt>
   <trkpt lat="42.47017" lon="2.0817900000000003">
    <ele>1598.41</ele>
   </trkpt>
   <trkpt lat="42.470130000000005" lon="2.08157">
    <ele>1598.41</ele>
   </trkpt>
   <trkpt lat="42.47003" lon="2.0814000000000004">
    <ele>1598.94</ele>
   </trkpt>
   <trkpt lat="42.46979" lon="2.0810500000000003">
    <ele>1599.7800000000002</ele>
   </trkpt>
   <trkpt lat="42.469770000000004" lon="2.0809200000000003">
    <ele>1600.74</ele>
   </trkpt>
   <trkpt lat="42.46979" lon="2.0807700000000002">
    <ele>1600.74</ele>
   </trkpt>
   <trkpt lat="42.46996" lon="2.0804500000000004">
    <ele>1602.5200000000002</ele>
   </trkpt>
   <trkpt lat="42.46999" lon="2.08033">
    <ele>1602.5200000000002</ele>
   </trkpt>
   <trkpt lat="42.46999" lon="2.0799800000000004">
    <ele>1603.63</ele>
   </trkpt>
   <trkpt lat="42.47003" lon="2.0798400000000004">
    <ele>1604.8500000000001</ele>
   </trkpt>
   <trkpt lat="42.470180000000006" lon="2.0797000000000003">
    <ele>1605.97</ele>
   </trkpt>
   <trkpt lat="42.47079" lon="2.0794900000000003">
    <ele>1608.7600000000002</ele>
   </trkpt>
   <trkpt lat="42.47102" lon="2.0793500000000003">
    <ele>1610.93</ele>
   </trkpt>
   <trkpt lat="42.471210000000006" lon="2.0791500000000003">
    <ele>1610.93</ele>
   </trkpt>
   <trkpt lat="42.47129" lon="2.0790200000000003">
    <ele>1612.0500000000002</ele>
   </trkpt>
   <trkpt lat="42.47142" lon="2.07871">
    <ele>1612.9700000000003</ele>
   </trkpt>
   <trkpt lat="42.47153" lon="2.07852">
    <ele>1614.21</ele>
   </trkpt>
   <trkpt lat="42.471650000000004" lon="2.07836">
    <ele>1615.3700000000001</ele>
   </trkpt>
   <trkpt lat="42.47241" lon="2.07777">
    <ele>1619.5300000000002</ele>
   </trkpt>
   <trkpt lat="42.472550000000005" lon="2.0775900000000003">
    <ele>1619.5300000000002</ele>
   </trkpt>
   <trkpt lat="42.47260000000001" lon="2.07748">
    <ele>1619.99</ele>
   </trkpt>
   <trkpt lat="42.472640000000006" lon="2.07722">
    <ele>1620.3100000000002</ele>
   </trkpt>
   <trkpt lat="42.47260000000001" lon="2.07704">
    <ele>1620.3200000000002</ele>
   </trkpt>
   <trkpt lat="42.472280000000005" lon="2.0759700000000003">
    <ele>1619.8600000000001</ele>
   </trkpt>
   <trkpt lat="42.47222" lon="2.07582">
    <ele>1619.72</ele>
   </trkpt>
   <trkpt lat="42.472150000000006" lon="2.07573">
    <ele>1619.72</ele>
   </trkpt>
   <trkpt lat="42.471970000000006" lon="2.0756">
    <ele>1619.28</ele>
   </trkpt>
   <trkpt lat="42.471360000000004" lon="2.07531">
    <ele>1615.9800000000002</ele>
   </trkpt>
   <trkpt lat="42.471270000000004" lon="2.0752800000000002">
    <ele>1615.9800000000002</ele>
   </trkpt>
   <trkpt lat="42.47115" lon="2.07527">
    <ele>1615.2300000000002</ele>
   </trkpt>
   <trkpt lat="42.470740000000006" lon="2.07532">
    <ele>1613.43</ele>
   </trkpt>
   <trkpt lat="42.470620000000004" lon="2.0753000000000004">
    <ele>1612.21</ele>
   </trkpt>
   <trkpt lat="42.47054000000001" lon="2.0752300000000004">
    <ele>1612.21</ele>
   </trkpt>
   <trkpt lat="42.470470000000006" lon="2.07514">
    <ele>1610.5800000000002</ele>
   </trkpt>
   <trkpt lat="42.47003500287955" lon="2.074314994117328">
    <ele>1607.5800000000002</ele>
   </trkpt>
   <trkpt lat="42.46960000000001" lon="2.07349">
    <ele>1604.0400000000002</ele>
   </trkpt>
   <trkpt lat="42.469530000000006" lon="2.07331">
    <ele>1603.64</ele>
   </trkpt>
   <trkpt lat="42.469350000000006" lon="2.07228">
    <ele>1599.8200000000002</ele>
   </trkpt>
   <trkpt lat="42.46914" lon="2.07185">
    <ele>1597.97</ele>
   </trkpt>
   <trkpt lat="42.469060000000006" lon="2.07175">
    <ele>1597.39</ele>
   </trkpt>
   <trkpt lat="42.46894" lon="2.0716400000000004">
    <ele>1597.39</ele>
   </trkpt>
   <trkpt lat="42.46882" lon="2.07161">
    <ele>1596.3400000000001</ele>
   </trkpt>
   <trkpt lat="42.46847" lon="2.07165">
    <ele>1593.56</ele>
   </trkpt>
   <trkpt lat="42.467965000157875" lon="2.071840001532439">
    <ele>1591.14</ele>
   </trkpt>
   <trkpt lat="42.46746" lon="2.0720300000000003">
    <ele>1584.45</ele>
   </trkpt>
   <trkpt lat="42.46726" lon="2.07201">
    <ele>1584.45</ele>
   </trkpt>
   <trkpt lat="42.466593333441985" lon="2.0718966642522747">
    <ele>1580.75</ele>
   </trkpt>
   <trkpt lat="42.46592666677231" lon="2.0717833309184663">
    <ele>1577.0700000000002</ele>
   </trkpt>
   <trkpt lat="42.46526" lon="2.07167">
    <ele>1573.64</ele>
   </trkpt>
   <trkpt lat="42.464580000000005" lon="2.0715700000000004">
    <ele>1569.77</ele>
   </trkpt>
   <trkpt lat="42.464310000000005" lon="2.0714300000000003">
    <ele>1569.6000000000001</ele>
   </trkpt>
   <trkpt lat="42.46416000000001" lon="2.0712800000000002">
    <ele>1570.0600000000002</ele>
   </trkpt>
   <trkpt lat="42.46408" lon="2.0711500000000003">
    <ele>1570.3500000000001</ele>
   </trkpt>
   <trkpt lat="42.46399" lon="2.0709600000000004">
    <ele>1571.1200000000001</ele>
   </trkpt>
   <trkpt lat="42.46394" lon="2.07079">
    <ele>1571.1200000000001</ele>
   </trkpt>
   <trkpt lat="42.46378000000001" lon="2.06989">
    <ele>1575.6000000000001</ele>
   </trkpt>
   <trkpt lat="42.4637" lon="2.06965">
    <ele>1577.0900000000001</ele>
   </trkpt>
   <trkpt lat="42.463620000000006" lon="2.06948">
    <ele>1577.0900000000001</ele>
   </trkpt>
   <trkpt lat="42.46354" lon="2.06938">
    <ele>1577.98</ele>
   </trkpt>
   <trkpt lat="42.463330000000006" lon="2.0691900000000003">
    <ele>1578.2800000000002</ele>
   </trkpt>
   <trkpt lat="42.46303" lon="2.069">
    <ele>1577.1100000000001</ele>
   </trkpt>
   <trkpt lat="42.46284000000001" lon="2.069">
    <ele>1576.1900000000003</ele>
   </trkpt>
   <trkpt lat="42.462700000000005" lon="2.0690600000000003">
    <ele>1575.2</ele>
   </trkpt>
   <trkpt lat="42.46256" lon="2.0691800000000002">
    <ele>1574.4300000000003</ele>
   </trkpt>
   <trkpt lat="42.462230000000005" lon="2.0694500000000002">
    <ele>1572.24</ele>
   </trkpt>
   <trkpt lat="42.46206" lon="2.0695400000000004">
    <ele>1569.5</ele>
   </trkpt>
   <trkpt lat="42.46193" lon="2.0695400000000004">
    <ele>1569.5</ele>
   </trkpt>
   <trkpt lat="42.461800000000004" lon="2.06948">
    <ele>1567.47</ele>
   </trkpt>
   <trkpt lat="42.461710000000004" lon="2.06936">
    <ele>1567.47</ele>
   </trkpt>
   <trkpt lat="42.461560000000006" lon="2.0691">
    <ele>1564.72</ele>
   </trkpt>
   <trkpt lat="42.46144" lon="2.06896">
    <ele>1563.76</ele>
   </trkpt>
   <trkpt lat="42.460860000000004" lon="2.0685200000000004">
    <ele>1559.39</ele>
   </trkpt>
   <trkpt lat="42.460800000000006" lon="2.06839">
    <ele>1558.8300000000002</ele>
   </trkpt>
   <trkpt lat="42.46067" lon="2.0673700000000004">
    <ele>1554.93</ele>
   </trkpt>
   <trkpt lat="42.46067" lon="2.06712">
    <ele>1554.1200000000001</ele>
   </trkpt>
   <trkpt lat="42.460710000000006" lon="2.0668800000000003">
    <ele>1553.08</ele>
   </trkpt>
   <trkpt lat="42.460860000000004" lon="2.06638">
    <ele>1550.3000000000002</ele>
   </trkpt>
   <trkpt lat="42.4609" lon="2.0661300000000002">
    <ele>1548.81</ele>
   </trkpt>
   <trkpt lat="42.460910000000005" lon="2.0659">
    <ele>1548.81</ele>
   </trkpt>
   <trkpt lat="42.46088" lon="2.06571">
    <ele>1546.18</ele>
   </trkpt>
   <trkpt lat="42.46078000000001" lon="2.0654500000000002">
    <ele>1545.22</ele>
   </trkpt>
   <trkpt lat="42.460420002720795" lon="2.064659995476202">
    <ele>1540.51</ele>
   </trkpt>
   <trkpt lat="42.460060000000006" lon="2.06387">
    <ele>1537.1100000000001</ele>
   </trkpt>
   <trkpt lat="42.460010000000004" lon="2.06367">
    <ele>1535.7800000000002</ele>
   </trkpt>
   <trkpt lat="42.459860000000006" lon="2.06285">
    <ele>1532.2000000000003</ele>
   </trkpt>
   <trkpt lat="42.459810000000004" lon="2.06272">
    <ele>1531.89</ele>
   </trkpt>
   <trkpt lat="42.45975000000001" lon="2.06264">
    <ele>1530.19</ele>
   </trkpt>
   <trkpt lat="42.45969" lon="2.0626100000000003">
    <ele>1530.19</ele>
   </trkpt>
   <trkpt lat="42.45958" lon="2.0626100000000003">
    <ele>1529.5500000000002</ele>
   </trkpt>
   <trkpt lat="42.45946" lon="2.06266">
    <ele>1528.65</ele>
   </trkpt>
   <trkpt lat="42.45926" lon="2.0628100000000003">
    <ele>1527.4800000000002</ele>
   </trkpt>
   <trkpt lat="42.459070000000004" lon="2.06299">
    <ele>1525.92</ele>
   </trkpt>
   <trkpt lat="42.458960000000005" lon="2.06314">
    <ele>1524.4</ele>
   </trkpt>
   <trkpt lat="42.45872000000001" lon="2.06359">
    <ele>1521.15</ele>
   </trkpt>
   <trkpt lat="42.45862" lon="2.06372">
    <ele>1521.15</ele>
   </trkpt>
   <trkpt lat="42.458490000000005" lon="2.06381">
    <ele>1519.0100000000002</ele>
   </trkpt>
   <trkpt lat="42.4581" lon="2.0639700000000003">
    <ele>1515.7600000000002</ele>
   </trkpt>
   <trkpt lat="42.457710000000006" lon="2.06419">
    <ele>1512.18</ele>
   </trkpt>
   <trkpt lat="42.45712" lon="2.06447">
    <ele>1508.07</ele>
   </trkpt>
   <trkpt lat="42.45696" lon="2.0645900000000004">
    <ele>1507.5900000000001</ele>
   </trkpt>
   <trkpt lat="42.45687" lon="2.06481">
    <ele>1506.51</ele>
   </trkpt>
   <trkpt lat="42.456920000000004" lon="2.0652500000000003">
    <ele>1505.0400000000002</ele>
   </trkpt>
   <trkpt lat="42.456880000000005" lon="2.06537">
    <ele>1504.1700000000003</ele>
   </trkpt>
   <trkpt lat="42.4568" lon="2.0654500000000002">
    <ele>1504.1700000000003</ele>
   </trkpt>
   <trkpt lat="42.45647" lon="2.06564">
    <ele>1499.8600000000001</ele>
   </trkpt>
   <trkpt lat="42.45635" lon="2.06575">
    <ele>1499.13</ele>
   </trkpt>
   <trkpt lat="42.45622" lon="2.06598">
    <ele>1496.7800000000002</ele>
   </trkpt>
   <trkpt lat="42.45602" lon="2.06699">
    <ele>1492.0800000000002</ele>
   </trkpt>
   <trkpt lat="42.455960000000005" lon="2.06707">
    <ele>1492.0800000000002</ele>
   </trkpt>
   <trkpt lat="42.45591" lon="2.0670800000000003">
    <ele>1490.8500000000001</ele>
   </trkpt>
   <trkpt lat="42.45586" lon="2.0670100000000002">
    <ele>1490.8500000000001</ele>
   </trkpt>
   <trkpt lat="42.455870000000004" lon="2.0668100000000003">
    <ele>1490.0600000000002</ele>
   </trkpt>
   <trkpt lat="42.455940000000005" lon="2.0664800000000003">
    <ele>1487.48</ele>
   </trkpt>
   <trkpt lat="42.45594000161721" lon="2.0658700000045522">
    <ele>1483.41</ele>
   </trkpt>
   <trkpt lat="42.455940000000005" lon="2.0652600000000003">
    <ele>1480.19</ele>
   </trkpt>
   <trkpt lat="42.455980000000004" lon="2.06515">
    <ele>1478.7100000000003</ele>
   </trkpt>
   <trkpt lat="42.456100000000006" lon="2.0650000000000004">
    <ele>1477.74</ele>
   </trkpt>
   <trkpt lat="42.45613" lon="2.0649200000000003">
    <ele>1477.74</ele>
   </trkpt>
   <trkpt lat="42.45627" lon="2.0640500000000004">
    <ele>1471.5</ele>
   </trkpt>
   <trkpt lat="42.456500000000005" lon="2.06324">
    <ele>1469.39</ele>
   </trkpt>
   <trkpt lat="42.456610000000005" lon="2.0631000000000004">
    <ele>1468.5400000000002</ele>
   </trkpt>
   <trkpt lat="42.456720000000004" lon="2.0630100000000002">
    <ele>1467.1100000000001</ele>
   </trkpt>
   <trkpt lat="42.456790000000005" lon="2.0629">
    <ele>1466.3300000000002</ele>
   </trkpt>
   <trkpt lat="42.4568" lon="2.0627400000000002">
    <ele>1466.3300000000002</ele>
   </trkpt>
   <trkpt lat="42.45662" lon="2.06202">
    <ele>1461.42</ele>
   </trkpt>
   <trkpt lat="42.456590000000006" lon="2.06177">
    <ele>1459.23</ele>
   </trkpt>
   <trkpt lat="42.45662" lon="2.06157">
    <ele>1458.64</ele>
   </trkpt>
   <trkpt lat="42.456680000000006" lon="2.0614600000000003">
    <ele>1457.99</ele>
   </trkpt>
   <trkpt lat="42.45696" lon="2.06123">
    <ele>1454.71</ele>
   </trkpt>
   <trkpt lat="42.457010000000004" lon="2.06104">
    <ele>1454.71</ele>
   </trkpt>
   <trkpt lat="42.45698" lon="2.06094">
    <ele>1452.96</ele>
   </trkpt>
   <trkpt lat="42.456920000000004" lon="2.0608600000000004">
    <ele>1452.3000000000002</ele>
   </trkpt>
   <trkpt lat="42.45684000000001" lon="2.06083">
    <ele>1452.3000000000002</ele>
   </trkpt>
   <trkpt lat="42.45673" lon="2.06087">
    <ele>1451.67</ele>
   </trkpt>
   <trkpt lat="42.45647" lon="2.0611200000000003">
    <ele>1449.3400000000001</ele>
   </trkpt>
   <trkpt lat="42.45633" lon="2.06134">
    <ele>1447.5500000000002</ele>
   </trkpt>
   <trkpt lat="42.45628000000001" lon="2.0614600000000003">
    <ele>1447.5500000000002</ele>
   </trkpt>
   <trkpt lat="42.4562" lon="2.0620000000000003">
    <ele>1445.3100000000002</ele>
   </trkpt>
   <trkpt lat="42.45613" lon="2.0623400000000003">
    <ele>1443.23</ele>
   </trkpt>
   <trkpt lat="42.45608" lon="2.06245">
    <ele>1442.0700000000002</ele>
   </trkpt>
   <trkpt lat="42.45584" lon="2.06277">
    <ele>1439.07</ele>
   </trkpt>
   <trkpt lat="42.45559" lon="2.06307">
    <ele>1437.72</ele>
   </trkpt>
   <trkpt lat="42.455510000000004" lon="2.06311">
    <ele>1435.7900000000002</ele>
   </trkpt>
   <trkpt lat="42.455400000000004" lon="2.06306">
    <ele>1435.7900000000002</ele>
   </trkpt>
   <trkpt lat="42.45526" lon="2.0628800000000003">
    <ele>1433.3600000000001</ele>
   </trkpt>
   <trkpt lat="42.45524" lon="2.0627400000000002">
    <ele>1432.35</ele>
   </trkpt>
   <trkpt lat="42.455270000000006" lon="2.06259">
    <ele>1432.5</ele>
   </trkpt>
   <trkpt lat="42.4555" lon="2.06224">
    <ele>1429.69</ele>
   </trkpt>
   <trkpt lat="42.455650000000006" lon="2.0620700000000003">
    <ele>1429.14</ele>
   </trkpt>
   <trkpt lat="42.455670000000005" lon="2.0619400000000003">
    <ele>1428.5500000000002</ele>
   </trkpt>
   <trkpt lat="42.45562" lon="2.0617400000000004">
    <ele>1427.63</ele>
   </trkpt>
   <trkpt lat="42.455580000000005" lon="2.0614000000000003">
    <ele>1424.14</ele>
   </trkpt>
   <trkpt lat="42.455580000000005" lon="2.06056">
    <ele>1420.13</ele>
   </trkpt>
   <trkpt lat="42.455630000000006" lon="2.06042">
    <ele>1420.13</ele>
   </trkpt>
   <trkpt lat="42.45586" lon="2.06015">
    <ele>1418.0000000000002</ele>
   </trkpt>
   <trkpt lat="42.455940000000005" lon="2.0599700000000003">
    <ele>1416.4800000000002</ele>
   </trkpt>
   <trkpt lat="42.45593" lon="2.05986">
    <ele>1415.7400000000002</ele>
   </trkpt>
   <trkpt lat="42.455870000000004" lon="2.05973">
    <ele>1415.0500000000002</ele>
   </trkpt>
   <trkpt lat="42.45581000000001" lon="2.0597000000000003">
    <ele>1414.7200000000003</ele>
   </trkpt>
   <trkpt lat="42.45572000000001" lon="2.05972">
    <ele>1414.1100000000001</ele>
   </trkpt>
   <trkpt lat="42.45541" lon="2.06014">
    <ele>1411.78</ele>
   </trkpt>
   <trkpt lat="42.45488" lon="2.0610600000000003">
    <ele>1407.24</ele>
   </trkpt>
   <trkpt lat="42.45479" lon="2.0611300000000004">
    <ele>1407.24</ele>
   </trkpt>
   <trkpt lat="42.454730000000005" lon="2.06111">
    <ele>1405.41</ele>
   </trkpt>
   <trkpt lat="42.454660000000004" lon="2.06104">
    <ele>1405.41</ele>
   </trkpt>
   <trkpt lat="42.454620000000006" lon="2.0609300000000004">
    <ele>1405.41</ele>
   </trkpt>
   <trkpt lat="42.454600000000006" lon="2.06077">
    <ele>1401.28</ele>
   </trkpt>
   <trkpt lat="42.454620000000006" lon="2.0601100000000003">
    <ele>1399.0600000000002</ele>
   </trkpt>
   <trkpt lat="42.45476000251436" lon="2.059345001869139">
    <ele>1394.47</ele>
   </trkpt>
   <trkpt lat="42.4549" lon="2.05858">
    <ele>1388.19</ele>
   </trkpt>
   <trkpt lat="42.45506" lon="2.05812">
    <ele>1386.43</ele>
   </trkpt>
   <trkpt lat="42.455350001586226" lon="2.0575300025828978">
    <ele>1380.6200000000001</ele>
   </trkpt>
   <trkpt lat="42.45564" lon="2.05694">
    <ele>1376.13</ele>
   </trkpt>
   <trkpt lat="42.4557" lon="2.05669">
    <ele>1374.7900000000002</ele>
   </trkpt>
   <trkpt lat="42.45586" lon="2.0557100000000004">
    <ele>1370.72</ele>
   </trkpt>
   <trkpt lat="42.45593" lon="2.05554">
    <ele>1370.72</ele>
   </trkpt>
   <trkpt lat="42.456050000000005" lon="2.0554200000000002">
    <ele>1368.7900000000002</ele>
   </trkpt>
   <trkpt lat="42.456160000000004" lon="2.0553700000000004">
    <ele>1368.7900000000002</ele>
   </trkpt>
   <trkpt lat="42.456320000000005" lon="2.05539">
    <ele>1367.2600000000002</ele>
   </trkpt>
   <trkpt lat="42.45662" lon="2.0554900000000003">
    <ele>1366.66</ele>
   </trkpt>
   <trkpt lat="42.456700000000005" lon="2.0554400000000004">
    <ele>1365.9800000000002</ele>
   </trkpt>
   <trkpt lat="42.45674" lon="2.0553700000000004">
    <ele>1365.9800000000002</ele>
   </trkpt>
   <trkpt lat="42.45676" lon="2.05527">
    <ele>1365.1700000000003</ele>
   </trkpt>
   <trkpt lat="42.45675000000001" lon="2.05518">
    <ele>1364.51</ele>
   </trkpt>
   <trkpt lat="42.45671" lon="2.0551000000000004">
    <ele>1364.51</ele>
   </trkpt>
   <trkpt lat="42.45656" lon="2.05499">
    <ele>1363.4</ele>
   </trkpt>
   <trkpt lat="42.45635" lon="2.0546900000000003">
    <ele>1359.08</ele>
   </trkpt>
   <trkpt lat="42.45606" lon="2.05377">
    <ele>1355.38</ele>
   </trkpt>
   <trkpt lat="42.45544" lon="2.05294">
    <ele>1345.69</ele>
   </trkpt>
   <trkpt lat="42.455330000000004" lon="2.0527">
    <ele>1344.2200000000003</ele>
   </trkpt>
   <trkpt lat="42.455270000000006" lon="2.05249">
    <ele>1343.55</ele>
   </trkpt>
   <trkpt lat="42.45525000000001" lon="2.05213">
    <ele>1341.99</ele>
   </trkpt>
   <trkpt lat="42.45525000000001" lon="2.05185">
    <ele>1341.17</ele>
   </trkpt>
   <trkpt lat="42.455310000000004" lon="2.0509600000000003">
    <ele>1339.99</ele>
   </trkpt>
   <trkpt lat="42.45541" lon="2.0504100000000003">
    <ele>1338.0400000000002</ele>
   </trkpt>
   <trkpt lat="42.45548" lon="2.05024">
    <ele>1338.0400000000002</ele>
   </trkpt>
   <trkpt lat="42.45582" lon="2.04968">
    <ele>1336.2800000000002</ele>
   </trkpt>
   <trkpt lat="42.45615" lon="2.0489">
    <ele>1333.32</ele>
   </trkpt>
   <trkpt lat="42.456340000000004" lon="2.04835">
    <ele>1332.3400000000001</ele>
   </trkpt>
   <trkpt lat="42.4564" lon="2.0481100000000003">
    <ele>1331.41</ele>
   </trkpt>
   <trkpt lat="42.45646000000001" lon="2.04718">
    <ele>1327.72</ele>
   </trkpt>
   <trkpt lat="42.456540000000004" lon="2.04691">
    <ele>1325.16</ele>
   </trkpt>
   <trkpt lat="42.45671" lon="2.0465">
    <ele>1322.54</ele>
   </trkpt>
   <trkpt lat="42.45673" lon="2.0463">
    <ele>1322.17</ele>
   </trkpt>
   <trkpt lat="42.45666000000001" lon="2.0456800000000004">
    <ele>1321.79</ele>
   </trkpt>
   <trkpt lat="42.456700000000005" lon="2.04556">
    <ele>1321.69</ele>
   </trkpt>
   <trkpt lat="42.456880000000005" lon="2.04522">
    <ele>1321.5800000000002</ele>
   </trkpt>
   <trkpt lat="42.45713000000001" lon="2.04488">
    <ele>1320.7600000000002</ele>
   </trkpt>
   <trkpt lat="42.45723" lon="2.04469">
    <ele>1320.16</ele>
   </trkpt>
   <trkpt lat="42.457330000000006" lon="2.04434">
    <ele>1319.5</ele>
   </trkpt>
   <trkpt lat="42.457420000000006" lon="2.04381">
    <ele>1316.7000000000003</ele>
   </trkpt>
   <trkpt lat="42.457510000000006" lon="2.04347">
    <ele>1314.78</ele>
   </trkpt>
   <trkpt lat="42.45756" lon="2.04311">
    <ele>1312.03</ele>
   </trkpt>
   <trkpt lat="42.457530000000006" lon="2.04293">
    <ele>1312.03</ele>
   </trkpt>
   <trkpt lat="42.457330000000006" lon="2.04236">
    <ele>1308.66</ele>
   </trkpt>
   <trkpt lat="42.45727" lon="2.04183">
    <ele>1306.3600000000001</ele>
   </trkpt>
   <trkpt lat="42.457330000000006" lon="2.04157">
    <ele>1305.8500000000001</ele>
   </trkpt>
   <trkpt lat="42.45738" lon="2.0411900000000003">
    <ele>1305.3700000000001</ele>
   </trkpt>
   <trkpt lat="42.457510000000006" lon="2.04053">
    <ele>1305.3400000000001</ele>
   </trkpt>
   <trkpt lat="42.45758" lon="2.0403800000000003">
    <ele>1305.22</ele>
   </trkpt>
   <trkpt lat="42.45772" lon="2.04014">
    <ele>1304.67</ele>
   </trkpt>
   <trkpt lat="42.458000000000006" lon="2.03981">
    <ele>1303.23</ele>
   </trkpt>
   <trkpt lat="42.45806" lon="2.0396400000000003">
    <ele>1302.5900000000001</ele>
   </trkpt>
   <trkpt lat="42.458130000000004" lon="2.03905">
    <ele>1301.79</ele>
   </trkpt>
   <trkpt lat="42.458290000000005" lon="2.03865">
    <ele>1302.04</ele>
   </trkpt>
   <trkpt lat="42.45758" lon="2.03837">
    <ele>1302.6700000000003</ele>
   </trkpt>
   <trkpt lat="42.457370000000004" lon="2.03824">
    <ele>1303.29</ele>
   </trkpt>
   <trkpt lat="42.45714" lon="2.03799">
    <ele>1303.63</ele>
   </trkpt>
   <trkpt lat="42.456770000000006" lon="2.0372000000000003">
    <ele>1306.8300000000002</ele>
   </trkpt>
   <trkpt lat="42.45632251416951" lon="2.0361574776494553">
    <ele>1310.5800000000002</ele>
   </trkpt>
   <trkpt lat="42.455875018891916" lon="2.0351149701980518">
    <ele>1313.9</ele>
   </trkpt>
   <trkpt lat="42.45542751416753" lon="2.0340724776456582">
    <ele>1315.46</ele>
   </trkpt>
   <trkpt lat="42.454980000000006" lon="2.03303">
    <ele>1316.4300000000003</ele>
   </trkpt>
   <trkpt lat="42.45474" lon="2.03249">
    <ele>1317.25</ele>
   </trkpt>
   <trkpt lat="42.45456" lon="2.03214">
    <ele>1317.65</ele>
   </trkpt>
   <trkpt lat="42.454420000000006" lon="2.03196">
    <ele>1317.65</ele>
   </trkpt>
   <trkpt lat="42.454280000000004" lon="2.03182">
    <ele>1318.0500000000002</ele>
   </trkpt>
   <trkpt lat="42.45347" lon="2.03139">
    <ele>1319.13</ele>
   </trkpt>
   <trkpt lat="42.45336" lon="2.0312900000000003">
    <ele>1319.13</ele>
   </trkpt>
   <trkpt lat="42.453250000000004" lon="2.03113">
    <ele>1319.13</ele>
   </trkpt>
   <trkpt lat="42.453160000000004" lon="2.0309600000000003">
    <ele>1319.13</ele>
   </trkpt>
   <trkpt lat="42.453120000000006" lon="2.0308200000000003">
    <ele>1319.63</ele>
   </trkpt>
   <trkpt lat="42.45290000000001" lon="2.0303400000000003">
    <ele>1319.8</ele>
   </trkpt>
   <trkpt lat="42.45248500181712" lon="2.029674995425685">
    <ele>1320.51</ele>
   </trkpt>
   <trkpt lat="42.452070000000006" lon="2.02901">
    <ele>1321.22</ele>
   </trkpt>
   <trkpt lat="42.45187000000001" lon="2.02875">
    <ele>1321.44</ele>
   </trkpt>
   <trkpt lat="42.45147" lon="2.02833">
    <ele>1321.8700000000001</ele>
   </trkpt>
   <trkpt lat="42.45092" lon="2.02779">
    <ele>1322.39</ele>
   </trkpt>
   <trkpt lat="42.450500000000005" lon="2.02741">
    <ele>1322.8000000000002</ele>
   </trkpt>
   <trkpt lat="42.4500950007294" lon="2.0270099974472586">
    <ele>1323.32</ele>
   </trkpt>
   <trkpt lat="42.449690000000004" lon="2.0266100000000002">
    <ele>1323.8100000000002</ele>
   </trkpt>
   <trkpt lat="42.449690000000004" lon="2.0266">
    <ele>1323.8200000000002</ele>
   </trkpt>
   <trkpt lat="42.449117504368346" lon="2.026022484185804">
    <ele>1324.3200000000002</ele>
   </trkpt>
   <trkpt lat="42.44854500583768" lon="2.025444978928076">
    <ele>1324.5</ele>
   </trkpt>
   <trkpt lat="42.447972504408185" lon="2.0248674842264656">
    <ele>1324.89</ele>
   </trkpt>
   <trkpt lat="42.4474" lon="2.02429">
    <ele>1325.16</ele>
   </trkpt>
   <trkpt lat="42.447100000000006" lon="2.02399">
    <ele>1323.44</ele>
   </trkpt>
   <trkpt lat="42.44689" lon="2.02382">
    <ele>1322.93</ele>
   </trkpt>
   <trkpt lat="42.44671" lon="2.02373">
    <ele>1320.72</ele>
   </trkpt>
   <trkpt lat="42.446540000000006" lon="2.02367">
    <ele>1320.5800000000002</ele>
   </trkpt>
   <trkpt lat="42.44595" lon="2.02366">
    <ele>1316.0500000000002</ele>
   </trkpt>
   <trkpt lat="42.445800000000006" lon="2.0236">
    <ele>1315.1200000000001</ele>
   </trkpt>
   <trkpt lat="42.44561" lon="2.02348">
    <ele>1312.54</ele>
   </trkpt>
   <trkpt lat="42.445420000000006" lon="2.0233100000000004">
    <ele>1311.95</ele>
   </trkpt>
   <trkpt lat="42.44499333828385" lon="2.022553322980586">
    <ele>1308.91</ele>
   </trkpt>
   <trkpt lat="42.44456667159109" lon="2.0217966562677976">
    <ele>1308.3</ele>
   </trkpt>
   <trkpt lat="42.444140000000004" lon="2.02104">
    <ele>1311.05</ele>
   </trkpt>
   <trkpt lat="42.444050000000004" lon="2.02087">
    <ele>1311.79</ele>
   </trkpt>
   <trkpt lat="42.44397" lon="2.02067">
    <ele>1312.3100000000002</ele>
   </trkpt>
   <trkpt lat="42.44389" lon="2.02028">
    <ele>1314.51</ele>
   </trkpt>
   <trkpt lat="42.44389" lon="2.02008">
    <ele>1315.8100000000002</ele>
   </trkpt>
   <trkpt lat="42.44391" lon="2.01989">
    <ele>1316.2800000000002</ele>
   </trkpt>
   <trkpt lat="42.443960000000004" lon="2.01969">
    <ele>1317.16</ele>
   </trkpt>
   <trkpt lat="42.44413" lon="2.01935">
    <ele>1318.0900000000001</ele>
   </trkpt>
   <trkpt lat="42.44469000343635" lon="2.0184650078594664">
    <ele>1323.0300000000002</ele>
   </trkpt>
   <trkpt lat="42.44525" lon="2.01758">
    <ele>1329.16</ele>
   </trkpt>
   <trkpt lat="42.44536" lon="2.01731">
    <ele>1329.16</ele>
   </trkpt>
   <trkpt lat="42.44568" lon="2.01633">
    <ele>1334.03</ele>
   </trkpt>
   <trkpt lat="42.44572" lon="2.01613">
    <ele>1334.78</ele>
   </trkpt>
   <trkpt lat="42.44574" lon="2.01574">
    <ele>1336.24</ele>
   </trkpt>
   <trkpt lat="42.44572" lon="2.0155600000000002">
    <ele>1336.54</ele>
   </trkpt>
   <trkpt lat="42.44567000000001" lon="2.0153600000000003">
    <ele>1336.44</ele>
   </trkpt>
   <trkpt lat="42.44559" lon="2.0150900000000003">
    <ele>1335.17</ele>
   </trkpt>
   <trkpt lat="42.44512001815643" lon="2.0140679693289885">
    <ele>1329.47</ele>
   </trkpt>
   <trkpt lat="42.44465002723381" lon="2.01304595399251">
    <ele>1324.4600000000003</ele>
   </trkpt>
   <trkpt lat="42.444180027232456" lon="2.0120239539903775">
    <ele>1320.15</ele>
   </trkpt>
   <trkpt lat="42.44371001815265" lon="2.0110019693224057">
    <ele>1316.6000000000001</ele>
   </trkpt>
   <trkpt lat="42.44324" lon="2.00998">
    <ele>1315.47</ele>
   </trkpt>
   <trkpt lat="42.44297" lon="2.00929">
    <ele>1314.68</ele>
   </trkpt>
   <trkpt lat="42.442690000000006" lon="2.00869">
    <ele>1313.45</ele>
   </trkpt>
   <trkpt lat="42.4423" lon="2.00795">
    <ele>1309.68</ele>
   </trkpt>
   <trkpt lat="42.442600000000006" lon="2.0086500000000003">
    <ele>1311.56</ele>
   </trkpt>
   <trkpt lat="42.4425" lon="2.0088600000000003">
    <ele>1313.0700000000002</ele>
   </trkpt>
   <trkpt lat="42.44194000362886" lon="2.0097700080847516">
    <ele>1317.6000000000001</ele>
   </trkpt>
   <trkpt lat="42.44138" lon="2.0106800000000002">
    <ele>1324.91</ele>
   </trkpt>
   <trkpt lat="42.441030000000005" lon="2.0112300000000003">
    <ele>1327.69</ele>
   </trkpt>
   <trkpt lat="42.44091" lon="2.01148">
    <ele>1327.69</ele>
   </trkpt>
   <trkpt lat="42.44084" lon="2.01176">
    <ele>1329.73</ele>
   </trkpt>
   <trkpt lat="42.44082" lon="2.0119700000000003">
    <ele>1331.04</ele>
   </trkpt>
   <trkpt lat="42.440830000000005" lon="2.01268">
    <ele>1333.97</ele>
   </trkpt>
   <trkpt lat="42.4408" lon="2.0129300000000003">
    <ele>1334.93</ele>
   </trkpt>
   <trkpt lat="42.44075" lon="2.0131300000000003">
    <ele>1336.27</ele>
   </trkpt>
   <trkpt lat="42.440670000000004" lon="2.01338">
    <ele>1338.33</ele>
   </trkpt>
   <trkpt lat="42.44051" lon="2.01369">
    <ele>1340.54</ele>
   </trkpt>
   <trkpt lat="42.43999000487637" lon="2.014440012466728">
    <ele>1346.13</ele>
   </trkpt>
   <trkpt lat="42.43947000486352" lon="2.0151900124850792">
    <ele>1353.5300000000002</ele>
   </trkpt>
   <trkpt lat="42.438950000000006" lon="2.01594">
    <ele>1359.97</ele>
   </trkpt>
   <trkpt lat="42.43858" lon="2.0165">
    <ele>1365.7</ele>
   </trkpt>
   <trkpt lat="42.43822" lon="2.0168500000000003">
    <ele>1370.1000000000001</ele>
   </trkpt>
   <trkpt lat="42.43789" lon="2.01703">
    <ele>1371.8400000000001</ele>
   </trkpt>
   <trkpt lat="42.437720000000006" lon="2.0170700000000004">
    <ele>1373.3600000000001</ele>
   </trkpt>
   <trkpt lat="42.43744" lon="2.0170500000000002">
    <ele>1374.7900000000002</ele>
   </trkpt>
   <trkpt lat="42.437050000000006" lon="2.0169300000000003">
    <ele>1376.19</ele>
   </trkpt>
   <trkpt lat="42.436800000000005" lon="2.01681">
    <ele>1377.7700000000002</ele>
   </trkpt>
   <trkpt lat="42.436220000000006" lon="2.01623">
    <ele>1379.8100000000002</ele>
   </trkpt>
   <trkpt lat="42.43607" lon="2.01615">
    <ele>1380.8</ele>
   </trkpt>
   <trkpt lat="42.435900000000004" lon="2.01609">
    <ele>1381.3600000000001</ele>
   </trkpt>
   <trkpt lat="42.435210000040286" lon="2.0162200014375657">
    <ele>1385.99</ele>
   </trkpt>
   <trkpt lat="42.434520000000006" lon="2.01635">
    <ele>1391.13</ele>
   </trkpt>
   <trkpt lat="42.434160000000006" lon="2.01647">
    <ele>1394.73</ele>
   </trkpt>
   <trkpt lat="42.43354" lon="2.0168500000000003">
    <ele>1400.67</ele>
   </trkpt>
   <trkpt lat="42.43278" lon="2.01716">
    <ele>1406.68</ele>
   </trkpt>
   <trkpt lat="42.43263" lon="2.01718">
    <ele>1407.4</ele>
   </trkpt>
   <trkpt lat="42.43251" lon="2.0171300000000003">
    <ele>1408.0700000000002</ele>
   </trkpt>
   <trkpt lat="42.43238" lon="2.0170000000000003">
    <ele>1409.3200000000002</ele>
   </trkpt>
   <trkpt lat="42.432300000000005" lon="2.01696">
    <ele>1409.8799999999999</ele>
   </trkpt>
   <trkpt lat="42.43222" lon="2.0170000000000003">
    <ele>1410.38</ele>
   </trkpt>
   <trkpt lat="42.43218" lon="2.0171400000000004">
    <ele>1410.8</ele>
   </trkpt>
   <trkpt lat="42.43224" lon="2.01728">
    <ele>1411.38</ele>
   </trkpt>
   <trkpt lat="42.43251" lon="2.0175300000000003">
    <ele>1412.0300000000002</ele>
   </trkpt>
   <trkpt lat="42.432610000000004" lon="2.01772">
    <ele>1412.39</ele>
   </trkpt>
   <trkpt lat="42.43294500290577" lon="2.0185199960210967">
    <ele>1415.73</ele>
   </trkpt>
   <trkpt lat="42.43328" lon="2.01932">
    <ele>1423.24</ele>
   </trkpt>
   <trkpt lat="42.433350000000004" lon="2.0195700000000003">
    <ele>1423.24</ele>
   </trkpt>
   <trkpt lat="42.43341" lon="2.0201900000000004">
    <ele>1426.92</ele>
   </trkpt>
   <trkpt lat="42.43345" lon="2.02101">
    <ele>1432.16</ele>
   </trkpt>
   <trkpt lat="42.43348" lon="2.0212700000000003">
    <ele>1433.88</ele>
   </trkpt>
   <trkpt lat="42.4336350020712" lon="2.02196499815586">
    <ele>1435.7300000000002</ele>
   </trkpt>
   <trkpt lat="42.43379" lon="2.02266">
    <ele>1436.77</ele>
   </trkpt>
   <trkpt lat="42.433800000000005" lon="2.0229700000000004">
    <ele>1437.6000000000001</ele>
   </trkpt>
   <trkpt lat="42.433780000000006" lon="2.02332">
    <ele>1439.6100000000001</ele>
   </trkpt>
   <trkpt lat="42.43366" lon="2.02414">
    <ele>1444.0400000000002</ele>
   </trkpt>
   <trkpt lat="42.43356" lon="2.0250600000000003">
    <ele>1448.38</ele>
   </trkpt>
   <trkpt lat="42.433550000000004" lon="2.02596">
    <ele>1457.18</ele>
   </trkpt>
   <trkpt lat="42.433640000000004" lon="2.0268200000000003">
    <ele>1462.0000000000002</ele>
   </trkpt>
   <trkpt lat="42.43372" lon="2.02706">
    <ele>1463.2800000000002</ele>
   </trkpt>
   <trkpt lat="42.43399" lon="2.0276">
    <ele>1467.0800000000002</ele>
   </trkpt>
   <trkpt lat="42.43401" lon="2.02773">
    <ele>1467.0800000000002</ele>
   </trkpt>
   <trkpt lat="42.433980000000005" lon="2.0278300000000002">
    <ele>1467.0800000000002</ele>
   </trkpt>
   <trkpt lat="42.43388" lon="2.02788">
    <ele>1467.65</ele>
   </trkpt>
   <trkpt lat="42.433800000000005" lon="2.0278300000000002">
    <ele>1467.65</ele>
   </trkpt>
   <trkpt lat="42.433620000000005" lon="2.0274300000000003">
    <ele>1470.21</ele>
   </trkpt>
   <trkpt lat="42.433440000000004" lon="2.0272200000000002">
    <ele>1471.03</ele>
   </trkpt>
   <trkpt lat="42.43304500047604" lon="2.0268799978345036">
    <ele>1474.96</ele>
   </trkpt>
   <trkpt lat="42.43265" lon="2.0265400000000002">
    <ele>1479.0400000000002</ele>
   </trkpt>
   <trkpt lat="42.43242" lon="2.0264">
    <ele>1481.69</ele>
   </trkpt>
   <trkpt lat="42.431850000000004" lon="2.02611">
    <ele>1487.21</ele>
   </trkpt>
   <trkpt lat="42.43110000096385" lon="2.025624994158818">
    <ele>1493.8600000000001</ele>
   </trkpt>
   <trkpt lat="42.430350000000004" lon="2.0251400000000004">
    <ele>1502.3600000000001</ele>
   </trkpt>
   <trkpt lat="42.429880000000004" lon="2.0248000000000004">
    <ele>1505.94</ele>
   </trkpt>
   <trkpt lat="42.42972" lon="2.0246600000000003">
    <ele>1506.92</ele>
   </trkpt>
   <trkpt lat="42.429640000000006" lon="2.02448">
    <ele>1507.68</ele>
   </trkpt>
   <trkpt lat="42.429610000000004" lon="2.02429">
    <ele>1508.2300000000002</ele>
   </trkpt>
   <trkpt lat="42.42965" lon="2.02408">
    <ele>1508.14</ele>
   </trkpt>
   <trkpt lat="42.42989" lon="2.02346">
    <ele>1508.99</ele>
   </trkpt>
   <trkpt lat="42.42994" lon="2.0231700000000004">
    <ele>1509.63</ele>
   </trkpt>
   <trkpt lat="42.429950000000005" lon="2.02294">
    <ele>1509.8600000000001</ele>
   </trkpt>
   <trkpt lat="42.429880000000004" lon="2.0226">
    <ele>1511.06</ele>
   </trkpt>
   <trkpt lat="42.42956" lon="2.0216600000000002">
    <ele>1514.82</ele>
   </trkpt>
   <trkpt lat="42.42942" lon="2.02131">
    <ele>1516.3000000000002</ele>
   </trkpt>
   <trkpt lat="42.42907" lon="2.0207200000000003">
    <ele>1521.7</ele>
   </trkpt>
   <trkpt lat="42.42866" lon="2.01993">
    <ele>1527.44</ele>
   </trkpt>
   <trkpt lat="42.42855" lon="2.0196400000000003">
    <ele>1527.44</ele>
   </trkpt>
   <trkpt lat="42.428450000000005" lon="2.01911">
    <ele>1532.44</ele>
   </trkpt>
   <trkpt lat="42.42837" lon="2.01885">
    <ele>1534.1100000000001</ele>
   </trkpt>
   <trkpt lat="42.428230000000006" lon="2.0185600000000004">
    <ele>1535.49</ele>
   </trkpt>
   <trkpt lat="42.42806" lon="2.01833">
    <ele>1538.34</ele>
   </trkpt>
   <trkpt lat="42.42786" lon="2.01817">
    <ele>1539.0400000000002</ele>
   </trkpt>
   <trkpt lat="42.427200000000006" lon="2.01784">
    <ele>1544.45</ele>
   </trkpt>
   <trkpt lat="42.426790000000004" lon="2.01759">
    <ele>1547.19</ele>
   </trkpt>
   <trkpt lat="42.426570000000005" lon="2.01743">
    <ele>1549.25</ele>
   </trkpt>
   <trkpt lat="42.426050000000004" lon="2.0167900000000003">
    <ele>1552.95</ele>
   </trkpt>
   <trkpt lat="42.42597000000001" lon="2.01662">
    <ele>1553.8100000000002</ele>
   </trkpt>
   <trkpt lat="42.42593" lon="2.01641">
    <ele>1554.8300000000002</ele>
   </trkpt>
   <trkpt lat="42.425920000000005" lon="2.01554">
    <ele>1557.7500000000002</ele>
   </trkpt>
   <trkpt lat="42.42589" lon="2.0150900000000003">
    <ele>1560.6100000000001</ele>
   </trkpt>
   <trkpt lat="42.42591" lon="2.0144100000000003">
    <ele>1561.5800000000002</ele>
   </trkpt>
   <trkpt lat="42.42586" lon="2.0142200000000003">
    <ele>1562.0500000000002</ele>
   </trkpt>
   <trkpt lat="42.425650000000005" lon="2.01377">
    <ele>1563.64</ele>
   </trkpt>
   <trkpt lat="42.42548" lon="2.01352">
    <ele>1564.5600000000002</ele>
   </trkpt>
   <trkpt lat="42.42494000000001" lon="2.01303">
    <ele>1568.92</ele>
   </trkpt>
   <trkpt lat="42.42466" lon="2.01291">
    <ele>1570.03</ele>
   </trkpt>
   <trkpt lat="42.424330000000005" lon="2.01284">
    <ele>1571.89</ele>
   </trkpt>
   <trkpt lat="42.4239" lon="2.01282">
    <ele>1575.44</ele>
   </trkpt>
   <trkpt lat="42.42344000000001" lon="2.01284">
    <ele>1575.8700000000001</ele>
   </trkpt>
   <trkpt lat="42.423210000000005" lon="2.0129">
    <ele>1577.71</ele>
   </trkpt>
   <trkpt lat="42.42282" lon="2.0131">
    <ele>1578.8200000000002</ele>
   </trkpt>
   <trkpt lat="42.42275" lon="2.0132000000000003">
    <ele>1580.51</ele>
   </trkpt>
   <trkpt lat="42.422740000000005" lon="2.01331">
    <ele>1580.51</ele>
   </trkpt>
   <trkpt lat="42.42278" lon="2.0133900000000002">
    <ele>1580.51</ele>
   </trkpt>
   <trkpt lat="42.42286" lon="2.01338">
    <ele>1580.1000000000001</ele>
   </trkpt>
   <trkpt lat="42.42309" lon="2.01323">
    <ele>1579.71</ele>
   </trkpt>
   <trkpt lat="42.423320000000004" lon="2.01311">
    <ele>1580.0200000000002</ele>
   </trkpt>
   <trkpt lat="42.423550000000006" lon="2.0131">
    <ele>1580.81</ele>
   </trkpt>
   <trkpt lat="42.42396" lon="2.01318">
    <ele>1582.72</ele>
   </trkpt>
   <trkpt lat="42.42432" lon="2.01331">
    <ele>1585.64</ele>
   </trkpt>
   <trkpt lat="42.424490000000006" lon="2.01344">
    <ele>1586.63</ele>
   </trkpt>
   <trkpt lat="42.424730000000004" lon="2.01365">
    <ele>1588.06</ele>
   </trkpt>
   <trkpt lat="42.424820000000004" lon="2.01379">
    <ele>1590.78</ele>
   </trkpt>
   <trkpt lat="42.42492" lon="2.01413">
    <ele>1591.42</ele>
   </trkpt>
   <trkpt lat="42.42497" lon="2.0144900000000003">
    <ele>1593.88</ele>
   </trkpt>
   <trkpt lat="42.42493" lon="2.0148900000000003">
    <ele>1595.97</ele>
   </trkpt>
   <trkpt lat="42.424780002229404" lon="2.015610001835062">
    <ele>1601.2400000000002</ele>
   </trkpt>
   <trkpt lat="42.42463" lon="2.01633">
    <ele>1604.0800000000002</ele>
   </trkpt>
   <trkpt lat="42.42455" lon="2.01716">
    <ele>1606.3</ele>
   </trkpt>
   <trkpt lat="42.42456000000001" lon="2.0174100000000004">
    <ele>1608.2900000000002</ele>
   </trkpt>
   <trkpt lat="42.424600000000005" lon="2.01763">
    <ele>1609.38</ele>
   </trkpt>
   <trkpt lat="42.424690000000005" lon="2.01783">
    <ele>1610.13</ele>
   </trkpt>
   <trkpt lat="42.424980000000005" lon="2.01811">
    <ele>1612.0100000000002</ele>
   </trkpt>
   <trkpt lat="42.425650000000005" lon="2.0188300000000003">
    <ele>1616.1900000000003</ele>
   </trkpt>
   <trkpt lat="42.42604" lon="2.01919">
    <ele>1620.63</ele>
   </trkpt>
   <trkpt lat="42.4262" lon="2.01938">
    <ele>1622.26</ele>
   </trkpt>
   <trkpt lat="42.42653000000001" lon="2.0200500000000003">
    <ele>1626.4</ele>
   </trkpt>
   <trkpt lat="42.42683" lon="2.02077">
    <ele>1629.7800000000002</ele>
   </trkpt>
   <trkpt lat="42.42696" lon="2.0213300000000003">
    <ele>1634.03</ele>
   </trkpt>
   <trkpt lat="42.42707" lon="2.0219">
    <ele>1636.4</ele>
   </trkpt>
   <trkpt lat="42.42712" lon="2.0223400000000002">
    <ele>1639.0200000000002</ele>
   </trkpt>
   <trkpt lat="42.427130000000005" lon="2.02266">
    <ele>1641.1700000000003</ele>
   </trkpt>
   <trkpt lat="42.42709000000001" lon="2.0228800000000002">
    <ele>1642.26</ele>
   </trkpt>
   <trkpt lat="42.42701" lon="2.02307">
    <ele>1642.8300000000002</ele>
   </trkpt>
   <trkpt lat="42.426840000000006" lon="2.02328">
    <ele>1644.5800000000002</ele>
   </trkpt>
   <trkpt lat="42.426080000000006" lon="2.0238">
    <ele>1649.13</ele>
   </trkpt>
   <trkpt lat="42.42589" lon="2.02394">
    <ele>1650.41</ele>
   </trkpt>
   <trkpt lat="42.42568000000001" lon="2.02416">
    <ele>1651.3200000000002</ele>
   </trkpt>
   <trkpt lat="42.425580000000004" lon="2.0242">
    <ele>1651.63</ele>
   </trkpt>
   <trkpt lat="42.42546" lon="2.0242">
    <ele>1651.79</ele>
   </trkpt>
   <trkpt lat="42.42475" lon="2.0245900000000003">
    <ele>1655.7</ele>
   </trkpt>
   <trkpt lat="42.42447000000001" lon="2.0247100000000002">
    <ele>1658.18</ele>
   </trkpt>
   <trkpt lat="42.42381" lon="2.02491">
    <ele>1661.3000000000002</ele>
   </trkpt>
   <trkpt lat="42.422940000000004" lon="2.0252000000000003">
    <ele>1669.1</ele>
   </trkpt>
   <trkpt lat="42.422180000000004" lon="2.0254000000000003">
    <ele>1676.7500000000002</ele>
   </trkpt>
   <trkpt lat="42.42204" lon="2.02548">
    <ele>1677.64</ele>
   </trkpt>
   <trkpt lat="42.42197" lon="2.0256100000000004">
    <ele>1678.46</ele>
   </trkpt>
   <trkpt lat="42.42197" lon="2.0257400000000003">
    <ele>1679.21</ele>
   </trkpt>
   <trkpt lat="42.4221" lon="2.0259400000000003">
    <ele>1680.17</ele>
   </trkpt>
   <trkpt lat="42.42237" lon="2.0261400000000003">
    <ele>1681.95</ele>
   </trkpt>
   <trkpt lat="42.422795000366534" lon="2.026394998321819">
    <ele>1685.54</ele>
   </trkpt>
   <trkpt lat="42.42322" lon="2.02665">
    <ele>1689.81</ele>
   </trkpt>
   <trkpt lat="42.423390000000005" lon="2.0268">
    <ele>1690.98</ele>
   </trkpt>
   <trkpt lat="42.423550000000006" lon="2.02704">
    <ele>1692.38</ele>
   </trkpt>
   <trkpt lat="42.42385" lon="2.0277000000000003">
    <ele>1695.4900000000002</ele>
   </trkpt>
   <trkpt lat="42.423930000000006" lon="2.0277800000000004">
    <ele>1696.17</ele>
   </trkpt>
   <trkpt lat="42.424060000000004" lon="2.0278400000000003">
    <ele>1696.7800000000002</ele>
   </trkpt>
   <trkpt lat="42.42452" lon="2.02786">
    <ele>1698.52</ele>
   </trkpt>
   <trkpt lat="42.424690000000005" lon="2.02793">
    <ele>1699.5700000000002</ele>
   </trkpt>
   <trkpt lat="42.425000000000004" lon="2.0281000000000002">
    <ele>1700.1200000000001</ele>
   </trkpt>
   <trkpt lat="42.425380000000004" lon="2.02823">
    <ele>1702.08</ele>
   </trkpt>
   <trkpt lat="42.42588000000001" lon="2.0281100000000003">
    <ele>1704.7</ele>
   </trkpt>
   <trkpt lat="42.426010000000005" lon="2.02813">
    <ele>1705.5000000000002</ele>
   </trkpt>
   <trkpt lat="42.42611" lon="2.0281900000000004">
    <ele>1706.39</ele>
   </trkpt>
   <trkpt lat="42.42629" lon="2.02847">
    <ele>1708.29</ele>
   </trkpt>
   <trkpt lat="42.42647" lon="2.02868">
    <ele>1710.08</ele>
   </trkpt>
   <trkpt lat="42.42667" lon="2.02887">
    <ele>1711.69</ele>
   </trkpt>
   <trkpt lat="42.42725" lon="2.02922">
    <ele>1718.8900000000003</ele>
   </trkpt>
   <trkpt lat="42.427350000000004" lon="2.0293400000000004">
    <ele>1720.32</ele>
   </trkpt>
   <trkpt lat="42.427420000000005" lon="2.0295900000000002">
    <ele>1722.0600000000002</ele>
   </trkpt>
   <trkpt lat="42.427420000000005" lon="2.0301500000000003">
    <ele>1725.9700000000003</ele>
   </trkpt>
   <trkpt lat="42.42739" lon="2.0308800000000002">
    <ele>1730.64</ele>
   </trkpt>
   <trkpt lat="42.42739" lon="2.03207">
    <ele>1736.7800000000002</ele>
   </trkpt>
   <trkpt lat="42.42736" lon="2.03242">
    <ele>1739.5600000000002</ele>
   </trkpt>
   <trkpt lat="42.42728" lon="2.03274">
    <ele>1742.94</ele>
   </trkpt>
   <trkpt lat="42.42709000000001" lon="2.03314">
    <ele>1744.17</ele>
   </trkpt>
   <trkpt lat="42.426800001021164" lon="2.033605002020434">
    <ele>1748.65</ele>
   </trkpt>
   <trkpt lat="42.42651" lon="2.0340700000000003">
    <ele>1751.66</ele>
   </trkpt>
   <trkpt lat="42.426300000000005" lon="2.0343500000000003">
    <ele>1755.2</ele>
   </trkpt>
   <trkpt lat="42.425900000000006" lon="2.0348300000000004">
    <ele>1762.48</ele>
   </trkpt>
   <trkpt lat="42.425720000000005" lon="2.035">
    <ele>1762.48</ele>
   </trkpt>
   <trkpt lat="42.42517500022181" lon="2.0352400020989583">
    <ele>1766.7100000000003</ele>
   </trkpt>
   <trkpt lat="42.42463" lon="2.03548">
    <ele>1771.2200000000003</ele>
   </trkpt>
   <trkpt lat="42.42391000000001" lon="2.03586">
    <ele>1778.3400000000001</ele>
   </trkpt>
   <trkpt lat="42.42319500068612" lon="2.0362900049744312">
    <ele>1785.7600000000002</ele>
   </trkpt>
   <trkpt lat="42.42248" lon="2.0367200000000003">
    <ele>1791.3700000000001</ele>
   </trkpt>
   <trkpt lat="42.42180000097157" lon="2.037060007391463">
    <ele>1797.71</ele>
   </trkpt>
   <trkpt lat="42.42112000093841" lon="2.0374000074079275">
    <ele>1804.46</ele>
   </trkpt>
   <trkpt lat="42.420440000000006" lon="2.0377400000000003">
    <ele>1812.27</ele>
   </trkpt>
   <trkpt lat="42.41959000000001" lon="2.0380700000000003">
    <ele>1820.0800000000002</ele>
   </trkpt>
   <trkpt lat="42.41928" lon="2.03817">
    <ele>1824.4300000000003</ele>
   </trkpt>
   <trkpt lat="42.418710000000004" lon="2.0382100000000003">
    <ele>1828.0800000000002</ele>
   </trkpt>
   <trkpt lat="42.41785" lon="2.03845">
    <ele>1834.54</ele>
   </trkpt>
   <trkpt lat="42.41716" lon="2.0385500000000003">
    <ele>1843.69</ele>
   </trkpt>
   <trkpt lat="42.416920000000005" lon="2.0386100000000003">
    <ele>1847.44</ele>
   </trkpt>
   <trkpt lat="42.416540000000005" lon="2.03884">
    <ele>1851.8000000000002</ele>
   </trkpt>
   <trkpt lat="42.416290000000004" lon="2.03891">
    <ele>1853.88</ele>
   </trkpt>
   <trkpt lat="42.41583000000001" lon="2.03887">
    <ele>1858.23</ele>
   </trkpt>
   <trkpt lat="42.41565000000001" lon="2.0388900000000003">
    <ele>1859.6200000000001</ele>
   </trkpt>
   <trkpt lat="42.41554" lon="2.03899">
    <ele>1860.24</ele>
   </trkpt>
   <trkpt lat="42.415440000000004" lon="2.03925">
    <ele>1862.21</ele>
   </trkpt>
   <trkpt lat="42.41541" lon="2.03987">
    <ele>1863.7700000000002</ele>
   </trkpt>
   <trkpt lat="42.415350000000004" lon="2.0406">
    <ele>1862.7600000000002</ele>
   </trkpt>
   <trkpt lat="42.41528" lon="2.04069">
    <ele>1862.47</ele>
   </trkpt>
   <trkpt lat="42.415240000000004" lon="2.0408500000000003">
    <ele>1862.2500000000002</ele>
   </trkpt>
   <trkpt lat="42.4153" lon="2.0412600000000003">
    <ele>1861.3000000000002</ele>
   </trkpt>
   <trkpt lat="42.415290000000006" lon="2.0417">
    <ele>1859.6800000000003</ele>
   </trkpt>
   <trkpt lat="42.415240000000004" lon="2.04189">
    <ele>1859.6800000000003</ele>
   </trkpt>
   <trkpt lat="42.41481" lon="2.04266">
    <ele>1856.47</ele>
   </trkpt>
   <trkpt lat="42.414210000000004" lon="2.04355">
    <ele>1852.6100000000001</ele>
   </trkpt>
   <trkpt lat="42.41364" lon="2.04447">
    <ele>1849.0900000000001</ele>
   </trkpt>
   <trkpt lat="42.41357" lon="2.04468">
    <ele>1849.0900000000001</ele>
   </trkpt>
   <trkpt lat="42.4136" lon="2.04488">
    <ele>1847.91</ele>
   </trkpt>
   <trkpt lat="42.41378" lon="2.04503">
    <ele>1847.2800000000002</ele>
   </trkpt>
   <trkpt lat="42.41446333367108" lon="2.045226662381412">
    <ele>1842.3200000000002</ele>
   </trkpt>
   <trkpt lat="42.41514666700603" lon="2.0454233290484742">
    <ele>1838.5500000000002</ele>
   </trkpt>
   <trkpt lat="42.41583000000001" lon="2.04562">
    <ele>1834.78</ele>
   </trkpt>
   <trkpt lat="42.416230000000006" lon="2.04577">
    <ele>1829.32</ele>
   </trkpt>
   <trkpt lat="42.416920000476004" lon="2.046104996308294">
    <ele>1826.9</ele>
   </trkpt>
   <trkpt lat="42.41761" lon="2.04644">
    <ele>1824.07</ele>
   </trkpt>
   <trkpt lat="42.417950000000005" lon="2.04665">
    <ele>1819.2</ele>
   </trkpt>
   <trkpt lat="42.418380000000006" lon="2.04707">
    <ele>1817.98</ele>
   </trkpt>
   <trkpt lat="42.418740000574424" lon="2.047474997519185">
    <ele>1816.21</ele>
   </trkpt>
   <trkpt lat="42.4191" lon="2.04788">
    <ele>1814.46</ele>
   </trkpt>
   <trkpt lat="42.419230000000006" lon="2.0481700000000003">
    <ele>1813.94</ele>
   </trkpt>
   <trkpt lat="42.419250000000005" lon="2.04828">
    <ele>1813.0000000000002</ele>
   </trkpt>
   <trkpt lat="42.41924" lon="2.0485">
    <ele>1812.14</ele>
   </trkpt>
   <trkpt lat="42.41888000144438" lon="2.04908500342812">
    <ele>1810.0800000000002</ele>
   </trkpt>
   <trkpt lat="42.41852" lon="2.0496700000000003">
    <ele>1806.44</ele>
   </trkpt>
   <trkpt lat="42.41809500174908" lon="2.050320004538371">
    <ele>1803.71</ele>
   </trkpt>
   <trkpt lat="42.41767" lon="2.05097">
    <ele>1800.17</ele>
   </trkpt>
   <trkpt lat="42.4173550010226" lon="2.05149000286374">
    <ele>1796.44</ele>
   </trkpt>
   <trkpt lat="42.41704" lon="2.05201">
    <ele>1793.6100000000001</ele>
   </trkpt>
   <trkpt lat="42.41677000000001" lon="2.0523900000000004">
    <ele>1790.7100000000003</ele>
   </trkpt>
   <trkpt lat="42.416350000982405" lon="2.0528400029040985">
    <ele>1786.3300000000002</ele>
   </trkpt>
   <trkpt lat="42.41593" lon="2.05329">
    <ele>1782.6000000000001</ele>
   </trkpt>
   <trkpt lat="42.415440000000004" lon="2.0537300000000003">
    <ele>1781.8600000000001</ele>
   </trkpt>
   <trkpt lat="42.4153" lon="2.0539">
    <ele>1782.3600000000001</ele>
   </trkpt>
   <trkpt lat="42.41507" lon="2.0543400000000003">
    <ele>1783.91</ele>
   </trkpt>
   <trkpt lat="42.414910000000006" lon="2.0546100000000003">
    <ele>1784.7700000000002</ele>
   </trkpt>
   <trkpt lat="42.41469" lon="2.05487">
    <ele>1788.25</ele>
   </trkpt>
   <trkpt lat="42.41415000072024" lon="2.055295003710271">
    <ele>1794.88</ele>
   </trkpt>
   <trkpt lat="42.413610000000006" lon="2.05572">
    <ele>1798.34</ele>
   </trkpt>
   <trkpt lat="42.41331" lon="2.0560400000000003">
    <ele>1801.3300000000002</ele>
   </trkpt>
   <trkpt lat="42.412865001624255" lon="2.056650004318099">
    <ele>1807.4500000000003</ele>
   </trkpt>
   <trkpt lat="42.412420000000004" lon="2.0572600000000003">
    <ele>1814.41</ele>
   </trkpt>
   <trkpt lat="42.41203" lon="2.05771">
    <ele>1818.5900000000001</ele>
   </trkpt>
   <trkpt lat="42.411840000000005" lon="2.0579">
    <ele>1821.46</ele>
   </trkpt>
   <trkpt lat="42.41167" lon="2.0580600000000002">
    <ele>1822.75</ele>
   </trkpt>
   <trkpt lat="42.411480000000005" lon="2.05819">
    <ele>1825.46</ele>
   </trkpt>
   <trkpt lat="42.41105" lon="2.05833">
    <ele>1830.4600000000003</ele>
   </trkpt>
   <trkpt lat="42.410565000043704" lon="2.0584150006550916">
    <ele>1834.3200000000002</ele>
   </trkpt>
   <trkpt lat="42.41008" lon="2.0585">
    <ele>1843.0900000000001</ele>
   </trkpt>
   <trkpt lat="42.40951000044997" lon="2.0587600022914">
    <ele>1847.4500000000003</ele>
   </trkpt>
   <trkpt lat="42.40894" lon="2.0590200000000003">
    <ele>1851.9800000000002</ele>
   </trkpt>
   <trkpt lat="42.40874" lon="2.05907">
    <ele>1859.2100000000003</ele>
   </trkpt>
   <trkpt lat="42.40814" lon="2.05913">
    <ele>1862.65</ele>
   </trkpt>
   <trkpt lat="42.407970000000006" lon="2.0592">
    <ele>1864.54</ele>
   </trkpt>
   <trkpt lat="42.40787" lon="2.05934">
    <ele>1864.54</ele>
   </trkpt>
   <trkpt lat="42.4078" lon="2.05958">
    <ele>1868.38</ele>
   </trkpt>
   <trkpt lat="42.40771" lon="2.0597800000000004">
    <ele>1868.38</ele>
   </trkpt>
   <trkpt lat="42.407520000000005" lon="2.0599600000000002">
    <ele>1870.27</ele>
   </trkpt>
   <trkpt lat="42.40697" lon="2.06029">
    <ele>1873.4</ele>
   </trkpt>
   <trkpt lat="42.40664" lon="2.0606">
    <ele>1876.2200000000003</ele>
   </trkpt>
   <trkpt lat="42.40636000000001" lon="2.06096">
    <ele>1878.2900000000002</ele>
   </trkpt>
   <trkpt lat="42.406090000000006" lon="2.06141">
    <ele>1883.0300000000002</ele>
   </trkpt>
   <trkpt lat="42.405930000000005" lon="2.06172">
    <ele>1883.0300000000002</ele>
   </trkpt>
   <trkpt lat="42.40574" lon="2.06195">
    <ele>1885.13</ele>
   </trkpt>
   <trkpt lat="42.405150000000006" lon="2.06253">
    <ele>1891.16</ele>
   </trkpt>
   <trkpt lat="42.40462" lon="2.0632800000000002">
    <ele>1894.2500000000002</ele>
   </trkpt>
   <trkpt lat="42.40446" lon="2.0635600000000003">
    <ele>1896.3500000000001</ele>
   </trkpt>
   <trkpt lat="42.40421000249006" lon="2.0643100028513373">
    <ele>1898.4</ele>
   </trkpt>
   <trkpt lat="42.403960000000005" lon="2.0650600000000003">
    <ele>1901.8500000000001</ele>
   </trkpt>
   <trkpt lat="42.403590001701126" lon="2.0656700034586377">
    <ele>1904.13</ele>
   </trkpt>
   <trkpt lat="42.403220000000005" lon="2.0662800000000003">
    <ele>1906.4500000000003</ele>
   </trkpt>
   <trkpt lat="42.40296" lon="2.06677">
    <ele>1909.99</ele>
   </trkpt>
   <trkpt lat="42.402750000000005" lon="2.0670300000000004">
    <ele>1911.01</ele>
   </trkpt>
   <trkpt lat="42.40214" lon="2.06758">
    <ele>1913.94</ele>
   </trkpt>
   <trkpt lat="42.401860000000006" lon="2.06794">
    <ele>1917.2900000000002</ele>
   </trkpt>
   <trkpt lat="42.40164" lon="2.06827">
    <ele>1917.94</ele>
   </trkpt>
   <trkpt lat="42.40144" lon="2.06882">
    <ele>1919.5000000000002</ele>
   </trkpt>
   <trkpt lat="42.40115" lon="2.0693200000000003">
    <ele>1922.1100000000001</ele>
   </trkpt>
   <trkpt lat="42.40072000000001" lon="2.0697900000000002">
    <ele>1925.07</ele>
   </trkpt>
   <trkpt lat="42.40044" lon="2.0700600000000002">
    <ele>1926.9300000000003</ele>
   </trkpt>
   <trkpt lat="42.40000000130542" lon="2.070575003432363">
    <ele>1928.68</ele>
   </trkpt>
   <trkpt lat="42.39956" lon="2.0710900000000003">
    <ele>1931.9800000000002</ele>
   </trkpt>
   <trkpt lat="42.39936" lon="2.07144">
    <ele>1934.38</ele>
   </trkpt>
   <trkpt lat="42.39905000210083" lon="2.0721300033375774">
    <ele>1938.68</ele>
   </trkpt>
   <trkpt lat="42.398740000000004" lon="2.07282">
    <ele>1941.2900000000002</ele>
   </trkpt>
   <trkpt lat="42.398480000000006" lon="2.0732700000000004">
    <ele>1943.5600000000002</ele>
   </trkpt>
   <trkpt lat="42.39824" lon="2.07351">
    <ele>1947.51</ele>
   </trkpt>
   <trkpt lat="42.398070000000004" lon="2.07365">
    <ele>1948.5400000000002</ele>
   </trkpt>
   <trkpt lat="42.39728" lon="2.0741300000000003">
    <ele>1956.19</ele>
   </trkpt>
   <trkpt lat="42.397110000000005" lon="2.0742700000000003">
    <ele>1957.7700000000002</ele>
   </trkpt>
   <trkpt lat="42.396950000000004" lon="2.07444">
    <ele>1959.4000000000003</ele>
   </trkpt>
   <trkpt lat="42.39656" lon="2.0750100000000002">
    <ele>1962.98</ele>
   </trkpt>
   <trkpt lat="42.39627" lon="2.0752900000000003">
    <ele>1967.6100000000001</ele>
   </trkpt>
   <trkpt lat="42.39593000000001" lon="2.07567">
    <ele>1971.7400000000002</ele>
   </trkpt>
   <trkpt lat="42.395790000000005" lon="2.0760300000000003">
    <ele>1972.49</ele>
   </trkpt>
   <trkpt lat="42.39571" lon="2.07662">
    <ele>1977.0800000000002</ele>
   </trkpt>
   <trkpt lat="42.39557500203221" lon="2.077310001671299">
    <ele>1980.14</ele>
   </trkpt>
   <trkpt lat="42.39544" lon="2.0780000000000003">
    <ele>1984.25</ele>
   </trkpt>
   <trkpt lat="42.39529" lon="2.0784000000000002">
    <ele>1986.29</ele>
   </trkpt>
   <trkpt lat="42.39500500088609" lon="2.0788850024340237">
    <ele>1989.15</ele>
   </trkpt>
   <trkpt lat="42.39472000000001" lon="2.0793700000000004">
    <ele>1993.48</ele>
   </trkpt>
   <trkpt lat="42.394290000000005" lon="2.07988">
    <ele>1996.96</ele>
   </trkpt>
   <trkpt lat="42.393670000977906" lon="2.080375004959289">
    <ele>2002.9000000000003</ele>
   </trkpt>
   <trkpt lat="42.39305" lon="2.08087">
    <ele>2006.93</ele>
   </trkpt>
   <trkpt lat="42.39233000211832" lon="2.081565007953981">
    <ele>2012.21</ele>
   </trkpt>
   <trkpt lat="42.39161" lon="2.08226">
    <ele>2019.2300000000002</ele>
   </trkpt>
   <trkpt lat="42.391510000000004" lon="2.08246">
    <ele>2019.2300000000002</ele>
   </trkpt>
   <trkpt lat="42.391420000000004" lon="2.08283">
    <ele>2021.4100000000003</ele>
   </trkpt>
   <trkpt lat="42.3913" lon="2.08314">
    <ele>2024.27</ele>
   </trkpt>
   <trkpt lat="42.39088" lon="2.08381">
    <ele>2027.0800000000002</ele>
   </trkpt>
   <trkpt lat="42.39056500148103" lon="2.0844200033243343">
    <ele>2031.7600000000002</ele>
   </trkpt>
   <trkpt lat="42.39025" lon="2.08503">
    <ele>2037.16</ele>
   </trkpt>
   <trkpt lat="42.38998" lon="2.0857300000000003">
    <ele>2042.98</ele>
   </trkpt>
   <trkpt lat="42.38965" lon="2.0864200000000004">
    <ele>2047.8200000000002</ele>
   </trkpt>
   <trkpt lat="42.38913" lon="2.08733">
    <ele>2055.34</ele>
   </trkpt>
   <trkpt lat="42.38878500101383" lon="2.087815002677251">
    <ele>2061.2000000000003</ele>
   </trkpt>
   <trkpt lat="42.38844" lon="2.0883000000000003">
    <ele>2065.5400000000004</ele>
   </trkpt>
   <trkpt lat="42.388070000000006" lon="2.0889200000000003">
    <ele>2071.6200000000003</ele>
   </trkpt>
   <trkpt lat="42.38792" lon="2.08902">
    <ele>2071.9700000000003</ele>
   </trkpt>
   <trkpt lat="42.38787000000001" lon="2.08895">
    <ele>2072.14</ele>
   </trkpt>
   <trkpt lat="42.387890000000006" lon="2.0888">
    <ele>2072.15</ele>
   </trkpt>
   <trkpt lat="42.38808" lon="2.08855">
    <ele>2072.15</ele>
   </trkpt>
   <trkpt lat="42.388466672593225" lon="2.0877233435438423">
    <ele>2074.26</ele>
   </trkpt>
   <trkpt lat="42.388853339247696" lon="2.0868966769034105">
    <ele>2078.34</ele>
   </trkpt>
   <trkpt lat="42.38924" lon="2.0860700000000003">
    <ele>2081.9100000000003</ele>
   </trkpt>
   <trkpt lat="42.38946000000001" lon="2.0853300000000004">
    <ele>2086.1400000000003</ele>
   </trkpt>
   <trkpt lat="42.389625002718084" lon="2.0845350022257687">
    <ele>2090.01</ele>
   </trkpt>
   <trkpt lat="42.389790000000005" lon="2.08374">
    <ele>2096.41</ele>
   </trkpt>
   <trkpt lat="42.389770000000006" lon="2.08359">
    <ele>2096.41</ele>
   </trkpt>
   <trkpt lat="42.38969" lon="2.08359">
    <ele>2097.71</ele>
   </trkpt>
   <trkpt lat="42.38962" lon="2.08373">
    <ele>2097.71</ele>
   </trkpt>
   <trkpt lat="42.38951" lon="2.08428">
    <ele>2100.13</ele>
   </trkpt>
   <trkpt lat="42.38913" lon="2.08534">
    <ele>2108.15</ele>
   </trkpt>
   <trkpt lat="42.38888" lon="2.08578">
    <ele>2111.6200000000003</ele>
   </trkpt>
   <trkpt lat="42.38861000000001" lon="2.08612">
    <ele>2115.24</ele>
   </trkpt>
   <trkpt lat="42.388310000000004" lon="2.08645">
    <ele>2118.5400000000004</ele>
   </trkpt>
   <trkpt lat="42.38766667080565" lon="2.0871400141411587">
    <ele>2124.07</ele>
   </trkpt>
   <trkpt lat="42.38702333747371" lon="2.0878300141394246">
    <ele>2132.86</ele>
   </trkpt>
   <trkpt lat="42.38638" lon="2.0885200000000004">
    <ele>2140.7700000000004</ele>
   </trkpt>
   <trkpt lat="42.38582" lon="2.08915">
    <ele>2147.94</ele>
   </trkpt>
   <trkpt lat="42.38568" lon="2.08935">
    <ele>2149.5</ele>
   </trkpt>
   <trkpt lat="42.38532500325654" lon="2.0902200049987867">
    <ele>2154.91</ele>
   </trkpt>
   <trkpt lat="42.38497" lon="2.0910900000000003">
    <ele>2159.0800000000004</ele>
   </trkpt>
   <trkpt lat="42.384820000000005" lon="2.0914">
    <ele>2161.83</ele>
   </trkpt>
   <trkpt lat="42.38474" lon="2.0917700000000004">
    <ele>2163.84</ele>
   </trkpt>
   <trkpt lat="42.384690000000006" lon="2.0924300000000002">
    <ele>2167.9300000000003</ele>
   </trkpt>
   <trkpt lat="42.384750000000004" lon="2.0930500000000003">
    <ele>2173.29</ele>
   </trkpt>
   <trkpt lat="42.38481" lon="2.09329">
    <ele>2173.69</ele>
   </trkpt>
   <trkpt lat="42.384780000000006" lon="2.09343">
    <ele>2174.6800000000003</ele>
   </trkpt>
   <trkpt lat="42.384710000000005" lon="2.0934600000000003">
    <ele>2174.94</ele>
   </trkpt>
   <trkpt lat="42.38463" lon="2.09335">
    <ele>2175.17</ele>
   </trkpt>
   <trkpt lat="42.384530000000005" lon="2.0929200000000003">
    <ele>2177.2200000000003</ele>
   </trkpt>
   <trkpt lat="42.38448" lon="2.0926">
    <ele>2178.43</ele>
   </trkpt>
   <trkpt lat="42.384440000000005" lon="2.0921800000000004">
    <ele>2180.25</ele>
   </trkpt>
   <trkpt lat="42.384420000000006" lon="2.09165">
    <ele>2183.09</ele>
   </trkpt>
   <trkpt lat="42.384440000000005" lon="2.09141">
    <ele>2183.09</ele>
   </trkpt>
   <trkpt lat="42.3845" lon="2.09117">
    <ele>2184.9500000000003</ele>
   </trkpt>
   <trkpt lat="42.384640000000005" lon="2.09085">
    <ele>2187.26</ele>
   </trkpt>
   <trkpt lat="42.384780000000006" lon="2.0904100000000003">
    <ele>2189.83</ele>
   </trkpt>
   <trkpt lat="42.38506" lon="2.08936">
    <ele>2195.17</ele>
   </trkpt>
   <trkpt lat="42.38519" lon="2.0886500000000003">
    <ele>2199.67</ele>
   </trkpt>
   <trkpt lat="42.38528" lon="2.08833">
    <ele>2200.36</ele>
   </trkpt>
   <trkpt lat="42.385510000000004" lon="2.0879000000000003">
    <ele>2202.2000000000003</ele>
   </trkpt>
   <trkpt lat="42.38561000000001" lon="2.0874200000000003">
    <ele>2207.19</ele>
   </trkpt>
   <trkpt lat="42.385740000000006" lon="2.08699">
    <ele>2210.42</ele>
   </trkpt>
   <trkpt lat="42.38586" lon="2.0867">
    <ele>2212.65</ele>
   </trkpt>
   <trkpt lat="42.385870000000004" lon="2.08658">
    <ele>2213.0</ele>
   </trkpt>
   <trkpt lat="42.385830000000006" lon="2.08651">
    <ele>2213.66</ele>
   </trkpt>
   <trkpt lat="42.38577" lon="2.08649">
    <ele>2213.66</ele>
   </trkpt>
   <trkpt lat="42.3857" lon="2.08653">
    <ele>2214.17</ele>
   </trkpt>
   <trkpt lat="42.38540000197382" lon="2.087190002975551">
    <ele>2215.9600000000005</ele>
   </trkpt>
   <trkpt lat="42.3851" lon="2.08785">
    <ele>2219.8</ele>
   </trkpt>
   <trkpt lat="42.384910000000005" lon="2.08813">
    <ele>2222.08</ele>
   </trkpt>
   <trkpt lat="42.3851" lon="2.08785">
    <ele>2219.8</ele>
   </trkpt>
   <trkpt lat="42.38540000181168" lon="2.087190003332292">
    <ele>2215.9600000000005</ele>
   </trkpt>
   <trkpt lat="42.3857" lon="2.08653">
    <ele>2213.66</ele>
   </trkpt>
   <trkpt lat="42.38577" lon="2.08649">
    <ele>2213.66</ele>
   </trkpt>
   <trkpt lat="42.385830000000006" lon="2.08651">
    <ele>2213.0</ele>
   </trkpt>
   <trkpt lat="42.385870000000004" lon="2.08658">
    <ele>2212.65</ele>
   </trkpt>
   <trkpt lat="42.38586" lon="2.0867">
    <ele>2212.65</ele>
   </trkpt>
   <trkpt lat="42.385740000000006" lon="2.08699">
    <ele>2210.42</ele>
   </trkpt>
   <trkpt lat="42.38561000000001" lon="2.0874200000000003">
    <ele>2207.19</ele>
   </trkpt>
   <trkpt lat="42.385510000000004" lon="2.0879000000000003">
    <ele>2202.2000000000003</ele>
   </trkpt>
   <trkpt lat="42.38528" lon="2.08833">
    <ele>2200.36</ele>
   </trkpt>
   <trkpt lat="42.38519" lon="2.0886500000000003">
    <ele>2199.67</ele>
   </trkpt>
   <trkpt lat="42.38506" lon="2.08936">
    <ele>2195.17</ele>
   </trkpt>
   <trkpt lat="42.384780000000006" lon="2.0904100000000003">
    <ele>2189.21</ele>
   </trkpt>
   <trkpt lat="42.384640000000005" lon="2.09085">
    <ele>2187.26</ele>
   </trkpt>
   <trkpt lat="42.3845" lon="2.09117">
    <ele>2184.9500000000003</ele>
   </trkpt>
   <trkpt lat="42.384440000000005" lon="2.09141">
    <ele>2183.09</ele>
   </trkpt>
   <trkpt lat="42.384420000000006" lon="2.09165">
    <ele>2181.63</ele>
   </trkpt>
   <trkpt lat="42.384440000000005" lon="2.0921800000000004">
    <ele>2180.25</ele>
   </trkpt>
   <trkpt lat="42.38448" lon="2.0926">
    <ele>2178.43</ele>
   </trkpt>
   <trkpt lat="42.384530000000005" lon="2.0929200000000003">
    <ele>2176.79</ele>
   </trkpt>
   <trkpt lat="42.38463" lon="2.09335">
    <ele>2175.17</ele>
   </trkpt>
   <trkpt lat="42.384710000000005" lon="2.0934600000000003">
    <ele>2174.6800000000003</ele>
   </trkpt>
   <trkpt lat="42.384780000000006" lon="2.09343">
    <ele>2174.3900000000003</ele>
   </trkpt>
   <trkpt lat="42.38481" lon="2.09329">
    <ele>2173.29</ele>
   </trkpt>
   <trkpt lat="42.384750000000004" lon="2.0930500000000003">
    <ele>2173.29</ele>
   </trkpt>
   <trkpt lat="42.384690000000006" lon="2.0924300000000002">
    <ele>2167.9300000000003</ele>
   </trkpt>
   <trkpt lat="42.38474" lon="2.0917700000000004">
    <ele>2163.84</ele>
   </trkpt>
   <trkpt lat="42.384820000000005" lon="2.0914">
    <ele>2161.83</ele>
   </trkpt>
   <trkpt lat="42.38497" lon="2.0910900000000003">
    <ele>2159.0800000000004</ele>
   </trkpt>
   <trkpt lat="42.38532500332114" lon="2.090220004840464">
    <ele>2154.91</ele>
   </trkpt>
   <trkpt lat="42.38568" lon="2.08935">
    <ele>2149.5</ele>
   </trkpt>
   <trkpt lat="42.38582" lon="2.08915">
    <ele>2147.94</ele>
   </trkpt>
   <trkpt lat="42.38638" lon="2.0885200000000004">
    <ele>2140.7700000000004</ele>
   </trkpt>
   <trkpt lat="42.38702333746934" lon="2.0878300141441115">
    <ele>2132.86</ele>
   </trkpt>
   <trkpt lat="42.38766667080127" lon="2.0871400141458465">
    <ele>2124.07</ele>
   </trkpt>
   <trkpt lat="42.388310000000004" lon="2.08645">
    <ele>2118.5400000000004</ele>
   </trkpt>
   <trkpt lat="42.38861000000001" lon="2.08612">
    <ele>2115.24</ele>
   </trkpt>
   <trkpt lat="42.38888" lon="2.08578">
    <ele>2111.6200000000003</ele>
   </trkpt>
   <trkpt lat="42.38913" lon="2.08534">
    <ele>2108.15</ele>
   </trkpt>
   <trkpt lat="42.38951" lon="2.08428">
    <ele>2100.13</ele>
   </trkpt>
   <trkpt lat="42.38962" lon="2.08373">
    <ele>2097.71</ele>
   </trkpt>
   <trkpt lat="42.38969" lon="2.08359">
    <ele>2096.41</ele>
   </trkpt>
   <trkpt lat="42.389770000000006" lon="2.08359">
    <ele>2096.41</ele>
   </trkpt>
   <trkpt lat="42.389790000000005" lon="2.08374">
    <ele>2094.8700000000003</ele>
   </trkpt>
   <trkpt lat="42.389625002774515" lon="2.084535001953795">
    <ele>2090.01</ele>
   </trkpt>
   <trkpt lat="42.38946000000001" lon="2.0853300000000004">
    <ele>2086.1400000000003</ele>
   </trkpt>
   <trkpt lat="42.38924" lon="2.0860700000000003">
    <ele>2081.9100000000003</ele>
   </trkpt>
   <trkpt lat="42.38885333928446" lon="2.086896676824813">
    <ele>2078.34</ele>
   </trkpt>
   <trkpt lat="42.38846667262999" lon="2.0877233434652447">
    <ele>2074.26</ele>
   </trkpt>
   <trkpt lat="42.38808" lon="2.08855">
    <ele>2072.15</ele>
   </trkpt>
   <trkpt lat="42.387890000000006" lon="2.0888">
    <ele>2072.15</ele>
   </trkpt>
   <trkpt lat="42.38787000000001" lon="2.08895">
    <ele>2072.1000000000004</ele>
   </trkpt>
   <trkpt lat="42.38792" lon="2.08902">
    <ele>2071.9700000000003</ele>
   </trkpt>
   <trkpt lat="42.388070000000006" lon="2.0889200000000003">
    <ele>2071.6200000000003</ele>
   </trkpt>
   <trkpt lat="42.38844" lon="2.0883000000000003">
    <ele>2065.5400000000004</ele>
   </trkpt>
   <trkpt lat="42.38878500103038" lon="2.087815002653986">
    <ele>2058.55</ele>
   </trkpt>
   <trkpt lat="42.38913" lon="2.08733">
    <ele>2055.34</ele>
   </trkpt>
   <trkpt lat="42.38965" lon="2.0864200000000004">
    <ele>2047.8200000000002</ele>
   </trkpt>
   <trkpt lat="42.38998" lon="2.0857300000000003">
    <ele>2040.9800000000002</ele>
   </trkpt>
   <trkpt lat="42.39025" lon="2.08503">
    <ele>2037.16</ele>
   </trkpt>
   <trkpt lat="42.39056500175269" lon="2.0844200027982485">
    <ele>2031.7600000000002</ele>
   </trkpt>
   <trkpt lat="42.39088" lon="2.08381">
    <ele>2027.0800000000002</ele>
   </trkpt>
   <trkpt lat="42.3913" lon="2.08314">
    <ele>2024.27</ele>
   </trkpt>
   <trkpt lat="42.391420000000004" lon="2.08283">
    <ele>2021.4100000000003</ele>
   </trkpt>
   <trkpt lat="42.391510000000004" lon="2.08246">
    <ele>2019.2300000000002</ele>
   </trkpt>
   <trkpt lat="42.39161" lon="2.08226">
    <ele>2019.2300000000002</ele>
   </trkpt>
   <trkpt lat="42.392330002079426" lon="2.081565007991526">
    <ele>2012.21</ele>
   </trkpt>
   <trkpt lat="42.39305" lon="2.08087">
    <ele>2006.93</ele>
   </trkpt>
   <trkpt lat="42.39367000115149" lon="2.0803750048207004">
    <ele>2002.2600000000002</ele>
   </trkpt>
   <trkpt lat="42.394290000000005" lon="2.07988">
    <ele>1996.96</ele>
   </trkpt>
   <trkpt lat="42.39472000000001" lon="2.0793700000000004">
    <ele>1991.84</ele>
   </trkpt>
   <trkpt lat="42.39500500115816" lon="2.0788850019710012">
    <ele>1989.15</ele>
   </trkpt>
   <trkpt lat="42.39529" lon="2.0784000000000002">
    <ele>1986.29</ele>
   </trkpt>
   <trkpt lat="42.39544" lon="2.0780000000000003">
    <ele>1984.25</ele>
   </trkpt>
   <trkpt lat="42.39557500210538" lon="2.077310001297313">
    <ele>1980.14</ele>
   </trkpt>
   <trkpt lat="42.39571" lon="2.07662">
    <ele>1977.0800000000002</ele>
   </trkpt>
   <trkpt lat="42.395790000000005" lon="2.0760300000000003">
    <ele>1972.49</ele>
   </trkpt>
   <trkpt lat="42.39593000000001" lon="2.07567">
    <ele>1969.65</ele>
   </trkpt>
   <trkpt lat="42.39627" lon="2.0752900000000003">
    <ele>1967.6100000000001</ele>
   </trkpt>
   <trkpt lat="42.39656" lon="2.0750100000000002">
    <ele>1962.98</ele>
   </trkpt>
   <trkpt lat="42.396950000000004" lon="2.07444">
    <ele>1959.4000000000003</ele>
   </trkpt>
   <trkpt lat="42.397110000000005" lon="2.0742700000000003">
    <ele>1957.7700000000002</ele>
   </trkpt>
   <trkpt lat="42.39728" lon="2.0741300000000003">
    <ele>1955.42</ele>
   </trkpt>
   <trkpt lat="42.398070000000004" lon="2.07365">
    <ele>1948.5400000000002</ele>
   </trkpt>
   <trkpt lat="42.39824" lon="2.07351">
    <ele>1946.8600000000001</ele>
   </trkpt>
   <trkpt lat="42.398480000000006" lon="2.0732700000000004">
    <ele>1943.5600000000002</ele>
   </trkpt>
   <trkpt lat="42.398740000000004" lon="2.07282">
    <ele>1941.2900000000002</ele>
   </trkpt>
   <trkpt lat="42.399050002036816" lon="2.0721300034800643">
    <ele>1937.7000000000003</ele>
   </trkpt>
   <trkpt lat="42.39936" lon="2.07144">
    <ele>1934.38</ele>
   </trkpt>
   <trkpt lat="42.39956" lon="2.0710900000000003">
    <ele>1931.41</ele>
   </trkpt>
   <trkpt lat="42.4000000009996" lon="2.0705750037903066">
    <ele>1928.68</ele>
   </trkpt>
   <trkpt lat="42.40044" lon="2.0700600000000002">
    <ele>1926.9300000000003</ele>
   </trkpt>
   <trkpt lat="42.40072000000001" lon="2.0697900000000002">
    <ele>1925.07</ele>
   </trkpt>
   <trkpt lat="42.40115" lon="2.0693200000000003">
    <ele>1922.1100000000001</ele>
   </trkpt>
   <trkpt lat="42.40144" lon="2.06882">
    <ele>1919.5000000000002</ele>
   </trkpt>
   <trkpt lat="42.40164" lon="2.06827">
    <ele>1917.2900000000002</ele>
   </trkpt>
   <trkpt lat="42.401860000000006" lon="2.06794">
    <ele>1914.8300000000002</ele>
   </trkpt>
   <trkpt lat="42.40214" lon="2.06758">
    <ele>1913.94</ele>
   </trkpt>
   <trkpt lat="42.402750000000005" lon="2.0670300000000004">
    <ele>1909.99</ele>
   </trkpt>
   <trkpt lat="42.40296" lon="2.06677">
    <ele>1909.99</ele>
   </trkpt>
   <trkpt lat="42.403220000000005" lon="2.0662800000000003">
    <ele>1906.4500000000003</ele>
   </trkpt>
   <trkpt lat="42.40359000153274" lon="2.065670003736252">
    <ele>1904.13</ele>
   </trkpt>
   <trkpt lat="42.403960000000005" lon="2.0650600000000003">
    <ele>1900.27</ele>
   </trkpt>
   <trkpt lat="42.40421000239853" lon="2.064310003125938">
    <ele>1898.4</ele>
   </trkpt>
   <trkpt lat="42.40446" lon="2.0635600000000003">
    <ele>1895.14</ele>
   </trkpt>
   <trkpt lat="42.40462" lon="2.0632800000000002">
    <ele>1894.2500000000002</ele>
   </trkpt>
   <trkpt lat="42.405150000000006" lon="2.06253">
    <ele>1890.3100000000002</ele>
   </trkpt>
   <trkpt lat="42.40574" lon="2.06195">
    <ele>1885.13</ele>
   </trkpt>
   <trkpt lat="42.405930000000005" lon="2.06172">
    <ele>1883.0300000000002</ele>
   </trkpt>
   <trkpt lat="42.406090000000006" lon="2.06141">
    <ele>1880.43</ele>
   </trkpt>
   <trkpt lat="42.40636000000001" lon="2.06096">
    <ele>1878.2900000000002</ele>
   </trkpt>
   <trkpt lat="42.40664" lon="2.0606">
    <ele>1876.2200000000003</ele>
   </trkpt>
   <trkpt lat="42.40697" lon="2.06029">
    <ele>1873.4</ele>
   </trkpt>
   <trkpt lat="42.407520000000005" lon="2.0599600000000002">
    <ele>1869.3500000000001</ele>
   </trkpt>
   <trkpt lat="42.40771" lon="2.0597800000000004">
    <ele>1868.38</ele>
   </trkpt>
   <trkpt lat="42.4078" lon="2.05958">
    <ele>1868.38</ele>
   </trkpt>
   <trkpt lat="42.40787" lon="2.05934">
    <ele>1864.54</ele>
   </trkpt>
   <trkpt lat="42.407970000000006" lon="2.0592">
    <ele>1863.8100000000002</ele>
   </trkpt>
   <trkpt lat="42.40814" lon="2.05913">
    <ele>1862.65</ele>
   </trkpt>
   <trkpt lat="42.40874" lon="2.05907">
    <ele>1859.2100000000003</ele>
   </trkpt>
   <trkpt lat="42.40894" lon="2.0590200000000003">
    <ele>1851.9800000000002</ele>
   </trkpt>
   <trkpt lat="42.40951000013754" lon="2.0587600024339157">
    <ele>1847.4500000000003</ele>
   </trkpt>
   <trkpt lat="42.41008" lon="2.0585">
    <ele>1839.94</ele>
   </trkpt>
   <trkpt lat="42.41056500001909" lon="2.058415000659404">
    <ele>1834.3200000000002</ele>
   </trkpt>
   <trkpt lat="42.41105" lon="2.05833">
    <ele>1830.4600000000003</ele>
   </trkpt>
   <trkpt lat="42.411480000000005" lon="2.05819">
    <ele>1825.46</ele>
   </trkpt>
   <trkpt lat="42.41167" lon="2.0580600000000002">
    <ele>1822.75</ele>
   </trkpt>
   <trkpt lat="42.411840000000005" lon="2.0579">
    <ele>1821.46</ele>
   </trkpt>
   <trkpt lat="42.41203" lon="2.05771">
    <ele>1818.5900000000001</ele>
   </trkpt>
   <trkpt lat="42.412420000000004" lon="2.0572600000000003">
    <ele>1814.41</ele>
   </trkpt>
   <trkpt lat="42.412885001677886" lon="2.056625004809463">
    <ele>1807.4500000000003</ele>
   </trkpt>
   <trkpt lat="42.41335" lon="2.05599">
    <ele>1799.2</ele>
   </trkpt>
   <trkpt lat="42.413610000000006" lon="2.05572">
    <ele>1797.5400000000002</ele>
   </trkpt>
   <trkpt lat="42.4141500008496" lon="2.055295003608463">
    <ele>1790.7</ele>
   </trkpt>
   <trkpt lat="42.41469" lon="2.05487">
    <ele>1787.26</ele>
   </trkpt>
   <trkpt lat="42.414910000000006" lon="2.0546100000000003">
    <ele>1784.7700000000002</ele>
   </trkpt>
   <trkpt lat="42.41507" lon="2.0543400000000003">
    <ele>1783.91</ele>
   </trkpt>
   <trkpt lat="42.4153" lon="2.0539">
    <ele>1781.8600000000001</ele>
   </trkpt>
   <trkpt lat="42.415440000000004" lon="2.0537300000000003">
    <ele>1781.67</ele>
   </trkpt>
   <trkpt lat="42.41593" lon="2.05329">
    <ele>1783.71</ele>
   </trkpt>
   <trkpt lat="42.416350000777584" lon="2.0528400031235594">
    <ele>1787.3900000000003</ele>
   </trkpt>
   <trkpt lat="42.41677000000001" lon="2.0523900000000004">
    <ele>1791.74</ele>
   </trkpt>
   <trkpt lat="42.41704" lon="2.05201">
    <ele>1795.3300000000002</ele>
   </trkpt>
   <trkpt lat="42.4173550013275" lon="2.051490002360413">
    <ele>1798.5000000000002</ele>
   </trkpt>
   <trkpt lat="42.41767" lon="2.05097">
    <ele>1800.17</ele>
   </trkpt>
   <trkpt lat="42.41809500192295" lon="2.0503200042724337">
    <ele>1804.42</ele>
   </trkpt>
   <trkpt lat="42.41852" lon="2.0496700000000003">
    <ele>1806.44</ele>
   </trkpt>
   <trkpt lat="42.41888000152998" lon="2.0490850032890084">
    <ele>1810.0800000000002</ele>
   </trkpt>
   <trkpt lat="42.41924" lon="2.0485">
    <ele>1813.0000000000002</ele>
   </trkpt>
   <trkpt lat="42.419250000000005" lon="2.04828">
    <ele>1813.94</ele>
   </trkpt>
   <trkpt lat="42.419230000000006" lon="2.0481700000000003">
    <ele>1813.94</ele>
   </trkpt>
   <trkpt lat="42.4191" lon="2.04788">
    <ele>1814.69</ele>
   </trkpt>
   <trkpt lat="42.41874000085116" lon="2.0474749978305207">
    <ele>1816.21</ele>
   </trkpt>
   <trkpt lat="42.418380000000006" lon="2.04707">
    <ele>1819.2</ele>
   </trkpt>
   <trkpt lat="42.417950000000005" lon="2.04665">
    <ele>1824.07</ele>
   </trkpt>
   <trkpt lat="42.41761" lon="2.04644">
    <ele>1824.07</ele>
   </trkpt>
   <trkpt lat="42.416920000499374" lon="2.0461049963196394">
    <ele>1826.9</ele>
   </trkpt>
   <trkpt lat="42.416230000000006" lon="2.04577">
    <ele>1834.78</ele>
   </trkpt>
   <trkpt lat="42.41583000000001" lon="2.04562">
    <ele>1834.78</ele>
   </trkpt>
   <trkpt lat="42.415146667001224" lon="2.045423329047093">
    <ele>1838.5500000000002</ele>
   </trkpt>
   <trkpt lat="42.41446333366629" lon="2.045226662380031">
    <ele>1844.1600000000003</ele>
   </trkpt>
   <trkpt lat="42.41378" lon="2.04503">
    <ele>1847.2800000000002</ele>
   </trkpt>
   <trkpt lat="42.4136" lon="2.04488">
    <ele>1847.91</ele>
   </trkpt>
   <trkpt lat="42.41357" lon="2.04468">
    <ele>1849.0900000000001</ele>
   </trkpt>
   <trkpt lat="42.41364" lon="2.04447">
    <ele>1850.21</ele>
   </trkpt>
   <trkpt lat="42.414210000000004" lon="2.04355">
    <ele>1852.6100000000001</ele>
   </trkpt>
   <trkpt lat="42.41481" lon="2.04266">
    <ele>1856.47</ele>
   </trkpt>
   <trkpt lat="42.415240000000004" lon="2.04189">
    <ele>1859.6800000000003</ele>
   </trkpt>
   <trkpt lat="42.415290000000006" lon="2.0417">
    <ele>1860.47</ele>
   </trkpt>
   <trkpt lat="42.4153" lon="2.0412600000000003">
    <ele>1861.3000000000002</ele>
   </trkpt>
   <trkpt lat="42.415240000000004" lon="2.0408500000000003">
    <ele>1862.47</ele>
   </trkpt>
   <trkpt lat="42.41528" lon="2.04069">
    <ele>1862.7600000000002</ele>
   </trkpt>
   <trkpt lat="42.415350000000004" lon="2.0406">
    <ele>1863.0600000000002</ele>
   </trkpt>
   <trkpt lat="42.41541" lon="2.03987">
    <ele>1863.3300000000002</ele>
   </trkpt>
   <trkpt lat="42.415440000000004" lon="2.03925">
    <ele>1861.69</ele>
   </trkpt>
   <trkpt lat="42.41554" lon="2.03899">
    <ele>1859.6200000000001</ele>
   </trkpt>
   <trkpt lat="42.41565000000001" lon="2.0388900000000003">
    <ele>1858.95</ele>
   </trkpt>
   <trkpt lat="42.41583000000001" lon="2.03887">
    <ele>1858.23</ele>
   </trkpt>
   <trkpt lat="42.416290000000004" lon="2.03891">
    <ele>1852.68</ele>
   </trkpt>
   <trkpt lat="42.416540000000005" lon="2.03884">
    <ele>1850.8500000000001</ele>
   </trkpt>
   <trkpt lat="42.416920000000005" lon="2.0386100000000003">
    <ele>1847.44</ele>
   </trkpt>
   <trkpt lat="42.41716" lon="2.0385500000000003">
    <ele>1843.69</ele>
   </trkpt>
   <trkpt lat="42.41785" lon="2.03845">
    <ele>1834.54</ele>
   </trkpt>
   <trkpt lat="42.418710000000004" lon="2.0382100000000003">
    <ele>1828.0800000000002</ele>
   </trkpt>
   <trkpt lat="42.41928" lon="2.03817">
    <ele>1821.8500000000001</ele>
   </trkpt>
   <trkpt lat="42.41959000000001" lon="2.0380700000000003">
    <ele>1820.0800000000002</ele>
   </trkpt>
   <trkpt lat="42.420440000000006" lon="2.0377400000000003">
    <ele>1810.1</ele>
   </trkpt>
   <trkpt lat="42.421120001037856" lon="2.0374000073582086">
    <ele>1804.46</ele>
   </trkpt>
   <trkpt lat="42.42180000107102" lon="2.0370600073417426">
    <ele>1797.71</ele>
   </trkpt>
   <trkpt lat="42.42248" lon="2.0367200000000003">
    <ele>1790.51</ele>
   </trkpt>
   <trkpt lat="42.423195000920906" lon="2.03629000483323">
    <ele>1785.7600000000002</ele>
   </trkpt>
   <trkpt lat="42.42391000000001" lon="2.03586">
    <ele>1776.8600000000001</ele>
   </trkpt>
   <trkpt lat="42.42463" lon="2.03548">
    <ele>1771.2200000000003</ele>
   </trkpt>
   <trkpt lat="42.42517500027882" lon="2.0352400020738535">
    <ele>1766.7100000000003</ele>
   </trkpt>
   <trkpt lat="42.425720000000005" lon="2.035">
    <ele>1762.48</ele>
   </trkpt>
   <trkpt lat="42.425900000000006" lon="2.0348300000000004">
    <ele>1756.45</ele>
   </trkpt>
   <trkpt lat="42.426300000000005" lon="2.0343500000000003">
    <ele>1753.21</ele>
   </trkpt>
   <trkpt lat="42.42651" lon="2.0340700000000003">
    <ele>1751.66</ele>
   </trkpt>
   <trkpt lat="42.42680000085815" lon="2.033605002281828">
    <ele>1748.65</ele>
   </trkpt>
   <trkpt lat="42.42709000000001" lon="2.03314">
    <ele>1744.17</ele>
   </trkpt>
   <trkpt lat="42.42728" lon="2.03274">
    <ele>1739.5600000000002</ele>
   </trkpt>
   <trkpt lat="42.42736" lon="2.03242">
    <ele>1738.3500000000001</ele>
   </trkpt>
   <trkpt lat="42.42739" lon="2.03207">
    <ele>1736.7800000000002</ele>
   </trkpt>
   <trkpt lat="42.42739" lon="2.0308800000000002">
    <ele>1728.01</ele>
   </trkpt>
   <trkpt lat="42.427420000000005" lon="2.0301500000000003">
    <ele>1724.69</ele>
   </trkpt>
   <trkpt lat="42.427420000000005" lon="2.0295900000000002">
    <ele>1721.23</ele>
   </trkpt>
   <trkpt lat="42.427350000000004" lon="2.0293400000000004">
    <ele>1718.8900000000003</ele>
   </trkpt>
   <trkpt lat="42.42725" lon="2.02922">
    <ele>1718.8900000000003</ele>
   </trkpt>
   <trkpt lat="42.42667" lon="2.02887">
    <ele>1711.69</ele>
   </trkpt>
   <trkpt lat="42.42647" lon="2.02868">
    <ele>1708.98</ele>
   </trkpt>
   <trkpt lat="42.42629" lon="2.02847">
    <ele>1707.3300000000002</ele>
   </trkpt>
   <trkpt lat="42.42611" lon="2.0281900000000004">
    <ele>1705.5000000000002</ele>
   </trkpt>
   <trkpt lat="42.426010000000005" lon="2.02813">
    <ele>1704.7</ele>
   </trkpt>
   <trkpt lat="42.42588000000001" lon="2.0281100000000003">
    <ele>1704.7</ele>
   </trkpt>
   <trkpt lat="42.425380000000004" lon="2.02823">
    <ele>1702.08</ele>
   </trkpt>
   <trkpt lat="42.425000000000004" lon="2.0281000000000002">
    <ele>1700.1200000000001</ele>
   </trkpt>
   <trkpt lat="42.424690000000005" lon="2.02793">
    <ele>1698.52</ele>
   </trkpt>
   <trkpt lat="42.42452" lon="2.02786">
    <ele>1698.52</ele>
   </trkpt>
   <trkpt lat="42.424060000000004" lon="2.0278400000000003">
    <ele>1696.17</ele>
   </trkpt>
   <trkpt lat="42.423930000000006" lon="2.0277800000000004">
    <ele>1695.4900000000002</ele>
   </trkpt>
   <trkpt lat="42.42385" lon="2.0277000000000003">
    <ele>1694.76</ele>
   </trkpt>
   <trkpt lat="42.423550000000006" lon="2.02704">
    <ele>1690.98</ele>
   </trkpt>
   <trkpt lat="42.423390000000005" lon="2.0268">
    <ele>1689.81</ele>
   </trkpt>
   <trkpt lat="42.42322" lon="2.02665">
    <ele>1688.5700000000002</ele>
   </trkpt>
   <trkpt lat="42.422795000198626" lon="2.0263949982210656">
    <ele>1684.6000000000001</ele>
   </trkpt>
   <trkpt lat="42.42237" lon="2.0261400000000003">
    <ele>1681.95</ele>
   </trkpt>
   <trkpt lat="42.4221" lon="2.0259400000000003">
    <ele>1680.17</ele>
   </trkpt>
   <trkpt lat="42.42197" lon="2.0257400000000003">
    <ele>1678.46</ele>
   </trkpt>
   <trkpt lat="42.42197" lon="2.0256100000000004">
    <ele>1677.64</ele>
   </trkpt>
   <trkpt lat="42.42204" lon="2.02548">
    <ele>1676.7500000000002</ele>
   </trkpt>
   <trkpt lat="42.422180000000004" lon="2.0254000000000003">
    <ele>1674.4800000000002</ele>
   </trkpt>
   <trkpt lat="42.422940000000004" lon="2.0252000000000003">
    <ele>1667.99</ele>
   </trkpt>
   <trkpt lat="42.42381" lon="2.02491">
    <ele>1661.3000000000002</ele>
   </trkpt>
   <trkpt lat="42.42447000000001" lon="2.0247100000000002">
    <ele>1655.7</ele>
   </trkpt>
   <trkpt lat="42.42475" lon="2.0245900000000003">
    <ele>1654.9300000000003</ele>
   </trkpt>
   <trkpt lat="42.42546" lon="2.0242">
    <ele>1651.63</ele>
   </trkpt>
   <trkpt lat="42.425580000000004" lon="2.0242">
    <ele>1651.45</ele>
   </trkpt>
   <trkpt lat="42.42568000000001" lon="2.02416">
    <ele>1651.16</ele>
   </trkpt>
   <trkpt lat="42.42589" lon="2.02394">
    <ele>1650.41</ele>
   </trkpt>
   <trkpt lat="42.426365000459924" lon="2.0236100025097064">
    <ele>1647.55</ele>
   </trkpt>
   <trkpt lat="42.426840000000006" lon="2.02328">
    <ele>1642.8300000000002</ele>
   </trkpt>
   <trkpt lat="42.42701" lon="2.02307">
    <ele>1642.26</ele>
   </trkpt>
   <trkpt lat="42.42709000000001" lon="2.0228800000000002">
    <ele>1641.1700000000003</ele>
   </trkpt>
   <trkpt lat="42.427130000000005" lon="2.02266">
    <ele>1640.2800000000002</ele>
   </trkpt>
   <trkpt lat="42.42712" lon="2.0223400000000002">
    <ele>1639.0200000000002</ele>
   </trkpt>
   <trkpt lat="42.42707" lon="2.0219">
    <ele>1636.4</ele>
   </trkpt>
   <trkpt lat="42.42696" lon="2.0213300000000003">
    <ele>1634.03</ele>
   </trkpt>
   <trkpt lat="42.42683" lon="2.02077">
    <ele>1629.7800000000002</ele>
   </trkpt>
   <trkpt lat="42.42653000000001" lon="2.0200500000000003">
    <ele>1624.15</ele>
   </trkpt>
   <trkpt lat="42.4262" lon="2.01938">
    <ele>1620.63</ele>
   </trkpt>
   <trkpt lat="42.42604" lon="2.01919">
    <ele>1618.41</ele>
   </trkpt>
   <trkpt lat="42.425650000000005" lon="2.0188300000000003">
    <ele>1616.1900000000003</ele>
   </trkpt>
   <trkpt lat="42.424980000000005" lon="2.01811">
    <ele>1610.5500000000002</ele>
   </trkpt>
   <trkpt lat="42.424690000000005" lon="2.01783">
    <ele>1609.38</ele>
   </trkpt>
   <trkpt lat="42.424600000000005" lon="2.01763">
    <ele>1608.2900000000002</ele>
   </trkpt>
   <trkpt lat="42.42456000000001" lon="2.0174100000000004">
    <ele>1608.2900000000002</ele>
   </trkpt>
   <trkpt lat="42.42455" lon="2.01716">
    <ele>1606.3</ele>
   </trkpt>
   <trkpt lat="42.42463" lon="2.01633">
    <ele>1602.95</ele>
   </trkpt>
   <trkpt lat="42.42478000227622" lon="2.015610001610331">
    <ele>1599.42</ele>
   </trkpt>
   <trkpt lat="42.42493" lon="2.0148900000000003">
    <ele>1594.8600000000001</ele>
   </trkpt>
   <trkpt lat="42.42497" lon="2.0144900000000003">
    <ele>1593.88</ele>
   </trkpt>
   <trkpt lat="42.42492" lon="2.01413">
    <ele>1590.78</ele>
   </trkpt>
   <trkpt lat="42.424820000000004" lon="2.01379">
    <ele>1588.06</ele>
   </trkpt>
   <trkpt lat="42.424730000000004" lon="2.01365">
    <ele>1588.06</ele>
   </trkpt>
   <trkpt lat="42.424490000000006" lon="2.01344">
    <ele>1585.64</ele>
   </trkpt>
   <trkpt lat="42.42432" lon="2.01331">
    <ele>1584.72</ele>
   </trkpt>
   <trkpt lat="42.42396" lon="2.01318">
    <ele>1581.9900000000002</ele>
   </trkpt>
   <trkpt lat="42.423550000000006" lon="2.0131">
    <ele>1580.2900000000002</ele>
   </trkpt>
   <trkpt lat="42.423320000000004" lon="2.01311">
    <ele>1579.76</ele>
   </trkpt>
   <trkpt lat="42.42309" lon="2.01323">
    <ele>1579.86</ele>
   </trkpt>
   <trkpt lat="42.42286" lon="2.01338">
    <ele>1580.51</ele>
   </trkpt>
   <trkpt lat="42.42278" lon="2.0133900000000002">
    <ele>1580.51</ele>
   </trkpt>
   <trkpt lat="42.422740000000005" lon="2.01331">
    <ele>1578.8200000000002</ele>
   </trkpt>
   <trkpt lat="42.42275" lon="2.0132000000000003">
    <ele>1578.8200000000002</ele>
   </trkpt>
   <trkpt lat="42.42282" lon="2.0131">
    <ele>1578.3300000000002</ele>
   </trkpt>
   <trkpt lat="42.423210000000005" lon="2.0129">
    <ele>1576.47</ele>
   </trkpt>
   <trkpt lat="42.42344000000001" lon="2.01284">
    <ele>1575.44</ele>
   </trkpt>
   <trkpt lat="42.4239" lon="2.01282">
    <ele>1571.89</ele>
   </trkpt>
   <trkpt lat="42.424330000000005" lon="2.01284">
    <ele>1571.89</ele>
   </trkpt>
   <trkpt lat="42.42466" lon="2.01291">
    <ele>1568.92</ele>
   </trkpt>
   <trkpt lat="42.42494000000001" lon="2.01303">
    <ele>1567.5400000000002</ele>
   </trkpt>
   <trkpt lat="42.42548" lon="2.01352">
    <ele>1564.0800000000002</ele>
   </trkpt>
   <trkpt lat="42.425650000000005" lon="2.01377">
    <ele>1563.23</ele>
   </trkpt>
   <trkpt lat="42.42586" lon="2.0142200000000003">
    <ele>1561.5800000000002</ele>
   </trkpt>
   <trkpt lat="42.42591" lon="2.0144100000000003">
    <ele>1561.0400000000002</ele>
   </trkpt>
   <trkpt lat="42.42589" lon="2.0150900000000003">
    <ele>1557.7500000000002</ele>
   </trkpt>
   <trkpt lat="42.425920000000005" lon="2.01554">
    <ele>1556.6200000000001</ele>
   </trkpt>
   <trkpt lat="42.42593" lon="2.01641">
    <ele>1553.8100000000002</ele>
   </trkpt>
   <trkpt lat="42.42597000000001" lon="2.01662">
    <ele>1552.95</ele>
   </trkpt>
   <trkpt lat="42.426050000000004" lon="2.0167900000000003">
    <ele>1552.22</ele>
   </trkpt>
   <trkpt lat="42.426570000000005" lon="2.01743">
    <ele>1547.19</ele>
   </trkpt>
   <trkpt lat="42.426790000000004" lon="2.01759">
    <ele>1547.19</ele>
   </trkpt>
   <trkpt lat="42.427200000000006" lon="2.01784">
    <ele>1543.0000000000002</ele>
   </trkpt>
   <trkpt lat="42.42786" lon="2.01817">
    <ele>1538.34</ele>
   </trkpt>
   <trkpt lat="42.42806" lon="2.01833">
    <ele>1536.54</ele>
   </trkpt>
   <trkpt lat="42.428230000000006" lon="2.0185600000000004">
    <ele>1534.1100000000001</ele>
   </trkpt>
   <trkpt lat="42.42837" lon="2.01885">
    <ele>1532.44</ele>
   </trkpt>
   <trkpt lat="42.428450000000005" lon="2.01911">
    <ele>1531.74</ele>
   </trkpt>
   <trkpt lat="42.42855" lon="2.0196400000000003">
    <ele>1527.44</ele>
   </trkpt>
   <trkpt lat="42.42866" lon="2.01993">
    <ele>1526.31</ele>
   </trkpt>
   <trkpt lat="42.42907" lon="2.0207200000000003">
    <ele>1518.79</ele>
   </trkpt>
   <trkpt lat="42.42942" lon="2.02131">
    <ele>1516.3000000000002</ele>
   </trkpt>
   <trkpt lat="42.42956" lon="2.0216600000000002">
    <ele>1514.82</ele>
   </trkpt>
   <trkpt lat="42.429880000000004" lon="2.0226">
    <ele>1510.15</ele>
   </trkpt>
   <trkpt lat="42.429950000000005" lon="2.02294">
    <ele>1509.63</ele>
   </trkpt>
   <trkpt lat="42.42994" lon="2.0231700000000004">
    <ele>1509.16</ele>
   </trkpt>
   <trkpt lat="42.42989" lon="2.02346">
    <ele>1508.6200000000001</ele>
   </trkpt>
   <trkpt lat="42.42965" lon="2.02408">
    <ele>1508.2300000000002</ele>
   </trkpt>
   <trkpt lat="42.429610000000004" lon="2.02429">
    <ele>1507.68</ele>
   </trkpt>
   <trkpt lat="42.429640000000006" lon="2.02448">
    <ele>1506.92</ele>
   </trkpt>
   <trkpt lat="42.42972" lon="2.0246600000000003">
    <ele>1505.94</ele>
   </trkpt>
   <trkpt lat="42.429880000000004" lon="2.0248000000000004">
    <ele>1504.67</ele>
   </trkpt>
   <trkpt lat="42.430350000000004" lon="2.0251400000000004">
    <ele>1500.5100000000002</ele>
   </trkpt>
   <trkpt lat="42.43110000108064" lon="2.025624994234336">
    <ele>1493.8600000000001</ele>
   </trkpt>
   <trkpt lat="42.431850000000004" lon="2.02611">
    <ele>1485.97</ele>
   </trkpt>
   <trkpt lat="42.43242" lon="2.0264">
    <ele>1479.0400000000002</ele>
   </trkpt>
   <trkpt lat="42.43265" lon="2.0265400000000002">
    <ele>1477.75</ele>
   </trkpt>
   <trkpt lat="42.43304500052871" lon="2.026879997879845">
    <ele>1473.5200000000002</ele>
   </trkpt>
   <trkpt lat="42.433440000000004" lon="2.0272200000000002">
    <ele>1470.21</ele>
   </trkpt>
   <trkpt lat="42.433620000000005" lon="2.0274300000000003">
    <ele>1469.71</ele>
   </trkpt>
   <trkpt lat="42.433800000000005" lon="2.0278300000000002">
    <ele>1467.0800000000002</ele>
   </trkpt>
   <trkpt lat="42.43388" lon="2.02788">
    <ele>1467.0800000000002</ele>
   </trkpt>
   <trkpt lat="42.433980000000005" lon="2.0278300000000002">
    <ele>1467.0800000000002</ele>
   </trkpt>
   <trkpt lat="42.43401" lon="2.02773">
    <ele>1467.0800000000002</ele>
   </trkpt>
   <trkpt lat="42.43399" lon="2.0276">
    <ele>1463.2800000000002</ele>
   </trkpt>
   <trkpt lat="42.43372" lon="2.02706">
    <ele>1462.0000000000002</ele>
   </trkpt>
   <trkpt lat="42.433640000000004" lon="2.0268200000000003">
    <ele>1459.74</ele>
   </trkpt>
   <trkpt lat="42.433550000000004" lon="2.02596">
    <ele>1453.8600000000001</ele>
   </trkpt>
   <trkpt lat="42.43356" lon="2.0250600000000003">
    <ele>1448.38</ele>
   </trkpt>
   <trkpt lat="42.43366" lon="2.02414">
    <ele>1442.9900000000002</ele>
   </trkpt>
   <trkpt lat="42.433780000000006" lon="2.02332">
    <ele>1439.6100000000001</ele>
   </trkpt>
   <trkpt lat="42.433800000000005" lon="2.0229700000000004">
    <ele>1437.15</ele>
   </trkpt>
   <trkpt lat="42.43379" lon="2.02266">
    <ele>1436.29</ele>
   </trkpt>
   <trkpt lat="42.43363500212708" lon="2.021964998406454">
    <ele>1434.93</ele>
   </trkpt>
   <trkpt lat="42.43348" lon="2.0212700000000003">
    <ele>1433.0900000000001</ele>
   </trkpt>
   <trkpt lat="42.43345" lon="2.02101">
    <ele>1431.14</ele>
   </trkpt>
   <trkpt lat="42.43341" lon="2.0201900000000004">
    <ele>1426.92</ele>
   </trkpt>
   <trkpt lat="42.433350000000004" lon="2.0195700000000003">
    <ele>1423.24</ele>
   </trkpt>
   <trkpt lat="42.43328" lon="2.01932">
    <ele>1420.7900000000002</ele>
   </trkpt>
   <trkpt lat="42.432945002656886" lon="2.018519995426776">
    <ele>1415.73</ele>
   </trkpt>
   <trkpt lat="42.432610000000004" lon="2.01772">
    <ele>1412.0300000000002</ele>
   </trkpt>
   <trkpt lat="42.43251" lon="2.0175300000000003">
    <ele>1411.5900000000001</ele>
   </trkpt>
   <trkpt lat="42.43224" lon="2.01728">
    <ele>1410.8</ele>
   </trkpt>
   <trkpt lat="42.43218" lon="2.0171400000000004">
    <ele>1410.38</ele>
   </trkpt>
   <trkpt lat="42.43222" lon="2.0170000000000003">
    <ele>1409.3200000000002</ele>
   </trkpt>
   <trkpt lat="42.432300000000005" lon="2.01696">
    <ele>1408.71</ele>
   </trkpt>
   <trkpt lat="42.43238" lon="2.0170000000000003">
    <ele>1408.0700000000002</ele>
   </trkpt>
   <trkpt lat="42.43251" lon="2.0171300000000003">
    <ele>1407.4</ele>
   </trkpt>
   <trkpt lat="42.43263" lon="2.01718">
    <ele>1406.68</ele>
   </trkpt>
   <trkpt lat="42.43278" lon="2.01716">
    <ele>1406.68</ele>
   </trkpt>
   <trkpt lat="42.43354" lon="2.0168500000000003">
    <ele>1396.44</ele>
   </trkpt>
   <trkpt lat="42.434160000000006" lon="2.01647">
    <ele>1393.5600000000002</ele>
   </trkpt>
   <trkpt lat="42.434520000000006" lon="2.01635">
    <ele>1389.97</ele>
   </trkpt>
   <trkpt lat="42.43521000010661" lon="2.016220001425071">
    <ele>1384.97</ele>
   </trkpt>
   <trkpt lat="42.435900000000004" lon="2.01609">
    <ele>1380.8</ele>
   </trkpt>
   <trkpt lat="42.43607" lon="2.01615">
    <ele>1379.8100000000002</ele>
   </trkpt>
   <trkpt lat="42.436220000000006" lon="2.01623">
    <ele>1379.2600000000002</ele>
   </trkpt>
   <trkpt lat="42.436800000000005" lon="2.01681">
    <ele>1377.7700000000002</ele>
   </trkpt>
   <trkpt lat="42.437050000000006" lon="2.0169300000000003">
    <ele>1375.5700000000002</ele>
   </trkpt>
   <trkpt lat="42.43744" lon="2.0170500000000002">
    <ele>1373.64</ele>
   </trkpt>
   <trkpt lat="42.437720000000006" lon="2.0170700000000004">
    <ele>1371.8400000000001</ele>
   </trkpt>
   <trkpt lat="42.43789" lon="2.01703">
    <ele>1370.8200000000002</ele>
   </trkpt>
   <trkpt lat="42.43822" lon="2.0168500000000003">
    <ele>1367.65</ele>
   </trkpt>
   <trkpt lat="42.43858" lon="2.0165">
    <ele>1363.69</ele>
   </trkpt>
   <trkpt lat="42.43906250642752" lon="2.015797516237858">
    <ele>1358.41</ele>
   </trkpt>
   <trkpt lat="42.439545008565716" lon="2.015095021657062">
    <ele>1350.03</ele>
   </trkpt>
   <trkpt lat="42.44002750641443" lon="2.0143925162573586">
    <ele>1345.0000000000002</ele>
   </trkpt>
   <trkpt lat="42.44051" lon="2.01369">
    <ele>1338.33</ele>
   </trkpt>
   <trkpt lat="42.440670000000004" lon="2.01338">
    <ele>1337.28</ele>
   </trkpt>
   <trkpt lat="42.44075" lon="2.0131300000000003">
    <ele>1334.93</ele>
   </trkpt>
   <trkpt lat="42.4408" lon="2.0129300000000003">
    <ele>1333.97</ele>
   </trkpt>
   <trkpt lat="42.440830000000005" lon="2.01268">
    <ele>1333.0900000000001</ele>
   </trkpt>
   <trkpt lat="42.44082" lon="2.0119700000000003">
    <ele>1329.73</ele>
   </trkpt>
   <trkpt lat="42.44084" lon="2.01176">
    <ele>1327.69</ele>
   </trkpt>
   <trkpt lat="42.44091" lon="2.01148">
    <ele>1327.69</ele>
   </trkpt>
   <trkpt lat="42.441030000000005" lon="2.0112300000000003">
    <ele>1326.03</ele>
   </trkpt>
   <trkpt lat="42.44138" lon="2.0106800000000002">
    <ele>1323.4</ele>
   </trkpt>
   <trkpt lat="42.441940003568895" lon="2.0097700081821794">
    <ele>1315.47</ele>
   </trkpt>
   <trkpt lat="42.4425" lon="2.0088600000000003">
    <ele>1312.6200000000001</ele>
   </trkpt>
   <trkpt lat="42.44267000000001" lon="2.0088000000000004">
    <ele>1313.11</ele>
   </trkpt>
   <trkpt lat="42.44295500167757" lon="2.0093899976571725">
    <ele>1314.8000000000002</ele>
   </trkpt>
   <trkpt lat="42.44324" lon="2.00998">
    <ele>1315.6000000000001</ele>
   </trkpt>
   <trkpt lat="42.44371001815798" lon="2.011001969333998">
    <ele>1316.9700000000003</ele>
   </trkpt>
   <trkpt lat="42.44418002723779" lon="2.01202395400197">
    <ele>1320.15</ele>
   </trkpt>
   <trkpt lat="42.444650027239156" lon="2.0130459540041015">
    <ele>1326.3600000000001</ele>
   </trkpt>
   <trkpt lat="42.44512001816175" lon="2.0140679693405805">
    <ele>1331.3000000000002</ele>
   </trkpt>
   <trkpt lat="42.44559" lon="2.0150900000000003">
    <ele>1336.44</ele>
   </trkpt>
   <trkpt lat="42.44567000000001" lon="2.0153600000000003">
    <ele>1336.54</ele>
   </trkpt>
   <trkpt lat="42.44572" lon="2.0155600000000002">
    <ele>1335.89</ele>
   </trkpt>
   <trkpt lat="42.44574" lon="2.01574">
    <ele>1335.47</ele>
   </trkpt>
   <trkpt lat="42.44572" lon="2.01613">
    <ele>1334.03</ele>
   </trkpt>
   <trkpt lat="42.44568" lon="2.01633">
    <ele>1334.03</ele>
   </trkpt>
   <trkpt lat="42.44536" lon="2.01731">
    <ele>1329.16</ele>
   </trkpt>
   <trkpt lat="42.44525" lon="2.01758">
    <ele>1326.7600000000002</ele>
   </trkpt>
   <trkpt lat="42.44469000337141" lon="2.0184650079620976">
    <ele>1323.0300000000002</ele>
   </trkpt>
   <trkpt lat="42.44413" lon="2.01935">
    <ele>1318.0900000000001</ele>
   </trkpt>
   <trkpt lat="42.443960000000004" lon="2.01969">
    <ele>1316.2800000000002</ele>
   </trkpt>
   <trkpt lat="42.44391" lon="2.01989">
    <ele>1315.3100000000002</ele>
   </trkpt>
   <trkpt lat="42.44389" lon="2.02008">
    <ele>1314.51</ele>
   </trkpt>
   <trkpt lat="42.44389" lon="2.02028">
    <ele>1314.51</ele>
   </trkpt>
   <trkpt lat="42.44397" lon="2.02067">
    <ele>1311.79</ele>
   </trkpt>
   <trkpt lat="42.444050000000004" lon="2.02087">
    <ele>1311.05</ele>
   </trkpt>
   <trkpt lat="42.444140000000004" lon="2.02104">
    <ele>1310.1</ele>
   </trkpt>
   <trkpt lat="42.44456667166922" lon="2.0217966564063405">
    <ele>1308.15</ele>
   </trkpt>
   <trkpt lat="42.44499333836197" lon="2.0225533231191313">
    <ele>1309.43</ele>
   </trkpt>
   <trkpt lat="42.445420000000006" lon="2.0233100000000004">
    <ele>1312.54</ele>
   </trkpt>
   <trkpt lat="42.44561" lon="2.02348">
    <ele>1315.1200000000001</ele>
   </trkpt>
   <trkpt lat="42.445800000000006" lon="2.0236">
    <ele>1316.0500000000002</ele>
   </trkpt>
   <trkpt lat="42.44595" lon="2.02366">
    <ele>1316.0500000000002</ele>
   </trkpt>
   <trkpt lat="42.446540000000006" lon="2.02367">
    <ele>1320.72</ele>
   </trkpt>
   <trkpt lat="42.44671" lon="2.02373">
    <ele>1322.93</ele>
   </trkpt>
   <trkpt lat="42.44689" lon="2.02382">
    <ele>1322.93</ele>
   </trkpt>
   <trkpt lat="42.447100000000006" lon="2.02399">
    <ele>1324.5200000000002</ele>
   </trkpt>
   <trkpt lat="42.44764250394535" lon="2.0245399857117783">
    <ele>1325.05</ele>
   </trkpt>
   <trkpt lat="42.44818500526144" lon="2.0250899809497636">
    <ele>1324.89</ele>
   </trkpt>
   <trkpt lat="42.448727503948184" lon="2.025639985714256">
    <ele>1324.5</ele>
   </trkpt>
   <trkpt lat="42.449270000000006" lon="2.02619">
    <ele>1324.17</ele>
   </trkpt>
   <trkpt lat="42.449885001570415" lon="2.026799993964374">
    <ele>1323.32</ele>
   </trkpt>
   <trkpt lat="42.450500000000005" lon="2.02741">
    <ele>1322.14</ele>
   </trkpt>
   <trkpt lat="42.450880000000005" lon="2.02786">
    <ele>1321.93</ele>
   </trkpt>
   <trkpt lat="42.45144500153122" lon="2.028439994839042">
    <ele>1320.99</ele>
   </trkpt>
   <trkpt lat="42.45201" lon="2.02902">
    <ele>1320.51</ele>
   </trkpt>
   <trkpt lat="42.4523" lon="2.02938">
    <ele>1320.16</ele>
   </trkpt>
   <trkpt lat="42.45260000097789" lon="2.0298599976633027">
    <ele>1319.8</ele>
   </trkpt>
   <trkpt lat="42.45290000000001" lon="2.0303400000000003">
    <ele>1319.63</ele>
   </trkpt>
   <trkpt lat="42.453120000000006" lon="2.0308200000000003">
    <ele>1319.13</ele>
   </trkpt>
   <trkpt lat="42.453160000000004" lon="2.0309600000000003">
    <ele>1319.13</ele>
   </trkpt>
   <trkpt lat="42.453250000000004" lon="2.03113">
    <ele>1319.13</ele>
   </trkpt>
   <trkpt lat="42.45336" lon="2.0312900000000003">
    <ele>1318.48</ele>
   </trkpt>
   <trkpt lat="42.45347" lon="2.03139">
    <ele>1318.48</ele>
   </trkpt>
   <trkpt lat="42.454280000000004" lon="2.03182">
    <ele>1317.65</ele>
   </trkpt>
   <trkpt lat="42.454420000000006" lon="2.03196">
    <ele>1317.65</ele>
   </trkpt>
   <trkpt lat="42.45456" lon="2.03214">
    <ele>1317.25</ele>
   </trkpt>
   <trkpt lat="42.45474" lon="2.03249">
    <ele>1316.7600000000002</ele>
   </trkpt>
   <trkpt lat="42.45518500448511" lon="2.0335049928050566">
    <ele>1315.67</ele>
   </trkpt>
   <trkpt lat="42.455630000000006" lon="2.03452">
    <ele>1314.66</ele>
   </trkpt>
   <trkpt lat="42.45601000695737" lon="2.0354133225402324">
    <ele>1311.68</ele>
   </trkpt>
   <trkpt lat="42.45639000697804" lon="2.0363066559219516">
    <ele>1309.05</ele>
   </trkpt>
   <trkpt lat="42.456770000000006" lon="2.0372000000000003">
    <ele>1305.13</ele>
   </trkpt>
   <trkpt lat="42.45714" lon="2.03799">
    <ele>1303.29</ele>
   </trkpt>
   <trkpt lat="42.457370000000004" lon="2.03824">
    <ele>1302.46</ele>
   </trkpt>
   <trkpt lat="42.45758" lon="2.03837">
    <ele>1302.2</ele>
   </trkpt>
   <trkpt lat="42.45841" lon="2.0387">
    <ele>1303.39</ele>
   </trkpt>
   <trkpt lat="42.458560000000006" lon="2.03873">
    <ele>1304.17</ele>
   </trkpt>
   <trkpt lat="42.45924" lon="2.03866">
    <ele>1305.2700000000002</ele>
   </trkpt>
   <trkpt lat="42.45933" lon="2.03873">
    <ele>1308.3</ele>
   </trkpt>
   <trkpt lat="42.4594" lon="2.03891">
    <ele>1308.3</ele>
   </trkpt>
   <trkpt lat="42.459480000000006" lon="2.03965">
    <ele>1311.11</ele>
   </trkpt>
   <trkpt lat="42.45957000000001" lon="2.04001">
    <ele>1312.24</ele>
   </trkpt>
   <trkpt lat="42.459680000000006" lon="2.0402500000000003">
    <ele>1312.7700000000002</ele>
   </trkpt>
   <trkpt lat="42.45978" lon="2.04043">
    <ele>1314.74</ele>
   </trkpt>
   <trkpt lat="42.459900000000005" lon="2.0406">
    <ele>1314.74</ele>
   </trkpt>
   <trkpt lat="42.46003" lon="2.04074">
    <ele>1315.43</ele>
   </trkpt>
   <trkpt lat="42.460575000896185" lon="2.0411749962725776">
    <ele>1319.59</ele>
   </trkpt>
   <trkpt lat="42.46112" lon="2.0416100000000004">
    <ele>1322.2600000000002</ele>
   </trkpt>
   <trkpt lat="42.461270000000006" lon="2.0416100000000004">
    <ele>1323.16</ele>
   </trkpt>
   <trkpt lat="42.46134000000001" lon="2.04157">
    <ele>1323.16</ele>
   </trkpt>
   <trkpt lat="42.46143" lon="2.04149">
    <ele>1324.23</ele>
   </trkpt>
   <trkpt lat="42.46152" lon="2.0413200000000002">
    <ele>1325.68</ele>
   </trkpt>
   <trkpt lat="42.46157" lon="2.04116">
    <ele>1325.68</ele>
   </trkpt>
   <trkpt lat="42.46159" lon="2.0410000000000004">
    <ele>1327.0000000000002</ele>
   </trkpt>
   <trkpt lat="42.46146" lon="2.04007">
    <ele>1330.95</ele>
   </trkpt>
   <trkpt lat="42.46148" lon="2.0398400000000003">
    <ele>1331.5700000000002</ele>
   </trkpt>
   <trkpt lat="42.461510000000004" lon="2.03973">
    <ele>1332.2500000000002</ele>
   </trkpt>
   <trkpt lat="42.46163000000001" lon="2.03954">
    <ele>1333.3300000000002</ele>
   </trkpt>
   <trkpt lat="42.461800000000004" lon="2.03934">
    <ele>1334.0</ele>
   </trkpt>
   <trkpt lat="42.461940000000006" lon="2.03907">
    <ele>1336.26</ele>
   </trkpt>
   <trkpt lat="42.462" lon="2.0388900000000003">
    <ele>1336.26</ele>
   </trkpt>
   <trkpt lat="42.462210000000006" lon="2.03776">
    <ele>1339.76</ele>
   </trkpt>
   <trkpt lat="42.46250000219656" lon="2.037055003176999">
    <ele>1343.5600000000002</ele>
   </trkpt>
   <trkpt lat="42.462790000000005" lon="2.03635">
    <ele>1346.81</ele>
   </trkpt>
   <trkpt lat="42.46289" lon="2.03607">
    <ele>1348.47</ele>
   </trkpt>
   <trkpt lat="42.463135003419666" lon="2.0351850034068684">
    <ele>1351.9500000000003</ele>
   </trkpt>
   <trkpt lat="42.46338" lon="2.0343">
    <ele>1356.18</ele>
   </trkpt>
   <trkpt lat="42.46347" lon="2.03424">
    <ele>1357.5100000000002</ele>
   </trkpt>
   <trkpt lat="42.463680000000004" lon="2.03398">
    <ele>1358.54</ele>
   </trkpt>
   <trkpt lat="42.46378000000001" lon="2.03396">
    <ele>1358.54</ele>
   </trkpt>
   <trkpt lat="42.46439" lon="2.0340000000000003">
    <ele>1362.0500000000002</ele>
   </trkpt>
   <trkpt lat="42.464490000000005" lon="2.03399">
    <ele>1363.92</ele>
   </trkpt>
   <trkpt lat="42.46473" lon="2.0338800000000004">
    <ele>1365.6100000000001</ele>
   </trkpt>
   <trkpt lat="42.46482" lon="2.0338600000000002">
    <ele>1365.6100000000001</ele>
   </trkpt>
   <trkpt lat="42.464890000000004" lon="2.0338700000000003">
    <ele>1365.6100000000001</ele>
   </trkpt>
   <trkpt lat="42.46499" lon="2.0339500000000004">
    <ele>1366.2</ele>
   </trkpt>
   <trkpt lat="42.465160000000004" lon="2.03431">
    <ele>1368.29</ele>
   </trkpt>
   <trkpt lat="42.46524" lon="2.03439">
    <ele>1368.2800000000002</ele>
   </trkpt>
   <trkpt lat="42.46537" lon="2.03444">
    <ele>1369.31</ele>
   </trkpt>
   <trkpt lat="42.46549" lon="2.03446">
    <ele>1369.31</ele>
   </trkpt>
   <trkpt lat="42.465680000000006" lon="2.03446">
    <ele>1370.5200000000002</ele>
   </trkpt>
   <trkpt lat="42.46591" lon="2.0344200000000003">
    <ele>1372.3500000000001</ele>
   </trkpt>
   <trkpt lat="42.46604000000001" lon="2.0343500000000003">
    <ele>1372.3500000000001</ele>
   </trkpt>
   <trkpt lat="42.466480000000004" lon="2.03403">
    <ele>1374.69</ele>
   </trkpt>
   <trkpt lat="42.46660000000001" lon="2.03398">
    <ele>1376.4</ele>
   </trkpt>
   <trkpt lat="42.46674" lon="2.03396">
    <ele>1377.9</ele>
   </trkpt>
   <trkpt lat="42.467000000000006" lon="2.03397">
    <ele>1378.8600000000001</ele>
   </trkpt>
   <trkpt lat="42.46708" lon="2.0339400000000003">
    <ele>1378.8600000000001</ele>
   </trkpt>
   <trkpt lat="42.46734" lon="2.03378">
    <ele>1381.0500000000002</ele>
   </trkpt>
   <trkpt lat="42.46743" lon="2.03376">
    <ele>1381.0500000000002</ele>
   </trkpt>
   <trkpt lat="42.467510000000004" lon="2.0338000000000003">
    <ele>1381.0500000000002</ele>
   </trkpt>
   <trkpt lat="42.467600000000004" lon="2.0339">
    <ele>1382.5800000000002</ele>
   </trkpt>
   <trkpt lat="42.467650000000006" lon="2.0342000000000002">
    <ele>1383.5300000000002</ele>
   </trkpt>
   <trkpt lat="42.46772000000001" lon="2.0352200000000003">
    <ele>1388.17</ele>
   </trkpt>
   <trkpt lat="42.46775" lon="2.03533">
    <ele>1388.17</ele>
   </trkpt>
   <trkpt lat="42.46781" lon="2.03545">
    <ele>1388.17</ele>
   </trkpt>
   <trkpt lat="42.4679" lon="2.03554">
    <ele>1390.09</ele>
   </trkpt>
   <trkpt lat="42.467980000000004" lon="2.03558">
    <ele>1390.09</ele>
   </trkpt>
   <trkpt lat="42.46811" lon="2.03558">
    <ele>1390.09</ele>
   </trkpt>
   <trkpt lat="42.468560000000004" lon="2.0353700000000003">
    <ele>1393.8300000000002</ele>
   </trkpt>
   <trkpt lat="42.469" lon="2.03527">
    <ele>1396.17</ele>
   </trkpt>
   <trkpt lat="42.46914" lon="2.0352200000000003">
    <ele>1396.74</ele>
   </trkpt>
   <trkpt lat="42.469260000000006" lon="2.03513">
    <ele>1396.74</ele>
   </trkpt>
   <trkpt lat="42.46934" lon="2.0350300000000003">
    <ele>1399.1100000000001</ele>
   </trkpt>
   <trkpt lat="42.46943" lon="2.03487">
    <ele>1399.1100000000001</ele>
   </trkpt>
   <trkpt lat="42.46960000000001" lon="2.03444">
    <ele>1400.76</ele>
   </trkpt>
   <trkpt lat="42.46967" lon="2.03432">
    <ele>1402.88</ele>
   </trkpt>
   <trkpt lat="42.46974" lon="2.03425">
    <ele>1402.88</ele>
   </trkpt>
   <trkpt lat="42.469820000000006" lon="2.03423">
    <ele>1403.45</ele>
   </trkpt>
   <trkpt lat="42.46992" lon="2.03425">
    <ele>1403.99</ele>
   </trkpt>
   <trkpt lat="42.46999" lon="2.03432">
    <ele>1403.99</ele>
   </trkpt>
   <trkpt lat="42.470060000000004" lon="2.0344700000000002">
    <ele>1403.99</ele>
   </trkpt>
   <trkpt lat="42.47014" lon="2.03472">
    <ele>1407.14</ele>
   </trkpt>
   <trkpt lat="42.47014" lon="2.03498">
    <ele>1407.14</ele>
   </trkpt>
   <trkpt lat="42.4701" lon="2.03513">
    <ele>1408.2700000000002</ele>
   </trkpt>
   <trkpt lat="42.46979667107109" lon="2.0358433402912404">
    <ele>1411.91</ele>
   </trkpt>
   <trkpt lat="42.46949333771893" lon="2.03655667366876">
    <ele>1414.6900000000003</ele>
   </trkpt>
   <trkpt lat="42.469190000000005" lon="2.0372700000000004">
    <ele>1417.75</ele>
   </trkpt>
   <trkpt lat="42.46907" lon="2.03752">
    <ele>1417.75</ele>
   </trkpt>
   <trkpt lat="42.4686" lon="2.03813">
    <ele>1423.24</ele>
   </trkpt>
   <trkpt lat="42.468450000000004" lon="2.03838">
    <ele>1424.0000000000002</ele>
   </trkpt>
   <trkpt lat="42.4684" lon="2.03851">
    <ele>1424.5400000000002</ele>
   </trkpt>
   <trkpt lat="42.468360000000004" lon="2.0387600000000003">
    <ele>1425.2900000000002</ele>
   </trkpt>
   <trkpt lat="42.468430000000005" lon="2.0394900000000002">
    <ele>1428.3300000000002</ele>
   </trkpt>
   <trkpt lat="42.468430000000005" lon="2.03972">
    <ele>1429.69</ele>
   </trkpt>
   <trkpt lat="42.46839000000001" lon="2.03993">
    <ele>1430.29</ele>
   </trkpt>
   <trkpt lat="42.468250000000005" lon="2.04034">
    <ele>1432.7200000000003</ele>
   </trkpt>
   <trkpt lat="42.468210000000006" lon="2.0405">
    <ele>1433.51</ele>
   </trkpt>
   <trkpt lat="42.4682" lon="2.04063">
    <ele>1433.51</ele>
   </trkpt>
   <trkpt lat="42.468230000000005" lon="2.04097">
    <ele>1435.31</ele>
   </trkpt>
   <trkpt lat="42.46848000000001" lon="2.0417">
    <ele>1437.8000000000002</ele>
   </trkpt>
   <trkpt lat="42.46851" lon="2.0419400000000003">
    <ele>1440.1000000000001</ele>
   </trkpt>
   <trkpt lat="42.468500000000006" lon="2.0421500000000004">
    <ele>1440.89</ele>
   </trkpt>
   <trkpt lat="42.46842" lon="2.0427400000000002">
    <ele>1443.07</ele>
   </trkpt>
   <trkpt lat="42.46844" lon="2.04325">
    <ele>1445.5300000000002</ele>
   </trkpt>
   <trkpt lat="42.46848000000001" lon="2.0435000000000003">
    <ele>1447.18</ele>
   </trkpt>
   <trkpt lat="42.46857000000001" lon="2.0437700000000003">
    <ele>1447.7000000000003</ele>
   </trkpt>
   <trkpt lat="42.46875" lon="2.04413">
    <ele>1449.7700000000002</ele>
   </trkpt>
   <trkpt lat="42.469350000000006" lon="2.0449900000000003">
    <ele>1455.0100000000002</ele>
   </trkpt>
   <trkpt lat="42.46956" lon="2.04537">
    <ele>1457.0800000000002</ele>
   </trkpt>
   <trkpt lat="42.46978" lon="2.04584">
    <ele>1459.06</ele>
   </trkpt>
   <trkpt lat="42.47012" lon="2.04686">
    <ele>1465.4900000000002</ele>
   </trkpt>
   <trkpt lat="42.47019" lon="2.04718">
    <ele>1466.63</ele>
   </trkpt>
   <trkpt lat="42.47032" lon="2.0481700000000003">
    <ele>1471.14</ele>
   </trkpt>
   <trkpt lat="42.470400005448624" lon="2.049289998520828">
    <ele>1476.63</ele>
   </trkpt>
   <trkpt lat="42.47048" lon="2.0504100000000003">
    <ele>1482.1399999999999</ele>
   </trkpt>
   <trkpt lat="42.47052" lon="2.05077">
    <ele>1482.49</ele>
   </trkpt>
   <trkpt lat="42.470580000000005" lon="2.05099">
    <ele>1483.5900000000001</ele>
   </trkpt>
   <trkpt lat="42.470990007156495" lon="2.0518966548122375">
    <ele>1485.21</ele>
   </trkpt>
   <trkpt lat="42.47140000716733" lon="2.05280332150268">
    <ele>1484.38</ele>
   </trkpt>
   <trkpt lat="42.471810000000005" lon="2.05371">
    <ele>1483.5900000000001</ele>
   </trkpt>
   <trkpt lat="42.472060000000006" lon="2.05412">
    <ele>1483.8200000000002</ele>
   </trkpt>
   <trkpt lat="42.4722" lon="2.05426">
    <ele>1483.9</ele>
   </trkpt>
   <trkpt lat="42.472350000000006" lon="2.05437">
    <ele>1484.13</ele>
   </trkpt>
   <trkpt lat="42.47252" lon="2.05445">
    <ele>1484.19</ele>
   </trkpt>
   <trkpt lat="42.47280000000001" lon="2.05453">
    <ele>1484.21</ele>
   </trkpt>
   <trkpt lat="42.4735600000451" lon="2.054569998544051">
    <ele>1483.8000000000002</ele>
   </trkpt>
   <trkpt lat="42.47432000007629" lon="2.054609998059552">
    <ele>1484.1000000000001</ele>
   </trkpt>
   <trkpt lat="42.47508000009356" lon="2.0546499985465525">
    <ele>1485.3500000000001</ele>
   </trkpt>
   <trkpt lat="42.475840000000005" lon="2.0546900000000003">
    <ele>1486.8500000000001</ele>
   </trkpt>
   <trkpt lat="42.476000000000006" lon="2.05472">
    <ele>1487.2800000000002</ele>
   </trkpt>
   <trkpt lat="42.47618000000001" lon="2.05479">
    <ele>1487.2800000000002</ele>
   </trkpt>
   <trkpt lat="42.476200000000006" lon="2.0548100000000002">
    <ele>1487.2800000000002</ele>
   </trkpt>
   <trkpt lat="42.476200000000006" lon="2.0548">
    <ele>1487.2500000000002</ele>
   </trkpt>
   <trkpt lat="42.476330000000004" lon="2.05492">
    <ele>1487.2500000000002</ele>
   </trkpt>
   <trkpt lat="42.47646" lon="2.05507">
    <ele>1488.2</ele>
   </trkpt>
   <trkpt lat="42.47674500157515" lon="2.0556699972893995">
    <ele>1488.46</ele>
   </trkpt>
   <trkpt lat="42.477030000000006" lon="2.05627">
    <ele>1488.6000000000001</ele>
   </trkpt>
   <trkpt lat="42.4771" lon="2.0563900000000004">
    <ele>1488.6200000000001</ele>
   </trkpt>
   <trkpt lat="42.47730000000001" lon="2.05662">
    <ele>1488.58</ele>
   </trkpt>
   <trkpt lat="42.477500000000006" lon="2.05675">
    <ele>1488.72</ele>
   </trkpt>
   <trkpt lat="42.477650000000004" lon="2.0567900000000003">
    <ele>1488.72</ele>
   </trkpt>
   <trkpt lat="42.477850000000004" lon="2.05681">
    <ele>1489.03</ele>
   </trkpt>
   <trkpt lat="42.478636666660165" lon="2.056783334004259">
    <ele>1490.3000000000002</ele>
   </trkpt>
   <trkpt lat="42.47942333331413" lon="2.056756667338035">
    <ele>1491.92</ele>
   </trkpt>
   <trkpt lat="42.48021000000001" lon="2.05673">
    <ele>1492.9800000000002</ele>
   </trkpt>
   <trkpt lat="42.48086000000001" lon="2.05675">
    <ele>1492.6800000000003</ele>
   </trkpt>
   <trkpt lat="42.48113" lon="2.0568">
    <ele>1492.0700000000002</ele>
   </trkpt>
   <trkpt lat="42.481480000000005" lon="2.0569300000000004">
    <ele>1489.96</ele>
   </trkpt>
   <trkpt lat="42.48172" lon="2.05708">
    <ele>1488.45</ele>
   </trkpt>
   <trkpt lat="42.481950000000005" lon="2.0573">
    <ele>1487.0400000000002</ele>
   </trkpt>
   <trkpt lat="42.48232" lon="2.05775">
    <ele>1484.23</ele>
   </trkpt>
   <trkpt lat="42.48241" lon="2.05782">
    <ele>1484.23</ele>
   </trkpt>
   <trkpt lat="42.48254" lon="2.05789">
    <ele>1483.5800000000002</ele>
   </trkpt>
   <trkpt lat="42.4827" lon="2.0579300000000003">
    <ele>1482.4100000000003</ele>
   </trkpt>
   <trkpt lat="42.48284" lon="2.05791">
    <ele>1481.7600000000002</ele>
   </trkpt>
   <trkpt lat="42.482960000000006" lon="2.05785">
    <ele>1481.7600000000002</ele>
   </trkpt>
   <trkpt lat="42.483090000000004" lon="2.05772">
    <ele>1480.5000000000002</ele>
   </trkpt>
   <trkpt lat="42.4834" lon="2.0572700000000004">
    <ele>1479.4</ele>
   </trkpt>
   <trkpt lat="42.48351" lon="2.05717">
    <ele>1478.3300000000002</ele>
   </trkpt>
   <trkpt lat="42.4836" lon="2.0571200000000003">
    <ele>1478.3300000000002</ele>
   </trkpt>
   <trkpt lat="42.483720000000005" lon="2.0571">
    <ele>1477.67</ele>
   </trkpt>
   <trkpt lat="42.48387" lon="2.0571">
    <ele>1476.7500000000002</ele>
   </trkpt>
   <trkpt lat="42.484010000000005" lon="2.05716">
    <ele>1476.7500000000002</ele>
   </trkpt>
   <trkpt lat="42.484120000000004" lon="2.0572700000000004">
    <ele>1474.8500000000001</ele>
   </trkpt>
   <trkpt lat="42.484230000000004" lon="2.05743">
    <ele>1474.8500000000001</ele>
   </trkpt>
   <trkpt lat="42.48429" lon="2.0576100000000004">
    <ele>1473.47</ele>
   </trkpt>
   <trkpt lat="42.48433" lon="2.0579500000000004">
    <ele>1472.3700000000001</ele>
   </trkpt>
   <trkpt lat="42.48433" lon="2.05819">
    <ele>1471.2200000000003</ele>
   </trkpt>
   <trkpt lat="42.48429" lon="2.05844">
    <ele>1471.2200000000003</ele>
   </trkpt>
   <trkpt lat="42.484140000000004" lon="2.0590900000000003">
    <ele>1467.8200000000002</ele>
   </trkpt>
   <trkpt lat="42.48415000000001" lon="2.05926">
    <ele>1467.8200000000002</ele>
   </trkpt>
   <trkpt lat="42.48425" lon="2.0596400000000004">
    <ele>1465.77</ele>
   </trkpt>
   <trkpt lat="42.484280000000005" lon="2.05986">
    <ele>1464.26</ele>
   </trkpt>
   <trkpt lat="42.484210000000004" lon="2.0608">
    <ele>1461.51</ele>
   </trkpt>
   <trkpt lat="42.484230000000004" lon="2.0611200000000003">
    <ele>1461.23</ele>
   </trkpt>
   <trkpt lat="42.484260000000006" lon="2.0612600000000003">
    <ele>1461.0500000000002</ele>
   </trkpt>
   <trkpt lat="42.48433" lon="2.06138">
    <ele>1461.0</ele>
   </trkpt>
   <trkpt lat="42.484440000000006" lon="2.06148">
    <ele>1461.0700000000002</ele>
   </trkpt>
   <trkpt lat="42.48472" lon="2.06162">
    <ele>1461.03</ele>
   </trkpt>
   <trkpt lat="42.484820000000006" lon="2.06164">
    <ele>1460.96</ele>
   </trkpt>
   <trkpt lat="42.484910000000006" lon="2.06163">
    <ele>1460.74</ele>
   </trkpt>
   <trkpt lat="42.48501" lon="2.0615900000000003">
    <ele>1460.74</ele>
   </trkpt>
   <trkpt lat="42.48509000000001" lon="2.06151">
    <ele>1461.2600000000002</ele>
   </trkpt>
   <trkpt lat="42.48516" lon="2.06138">
    <ele>1461.65</ele>
   </trkpt>
   <trkpt lat="42.485310000000005" lon="2.06095">
    <ele>1463.39</ele>
   </trkpt>
   <trkpt lat="42.48541" lon="2.0607800000000003">
    <ele>1465.4</ele>
   </trkpt>
   <trkpt lat="42.48552" lon="2.0607200000000003">
    <ele>1466.8700000000001</ele>
   </trkpt>
   <trkpt lat="42.48561" lon="2.0607200000000003">
    <ele>1466.8700000000001</ele>
   </trkpt>
   <trkpt lat="42.4857" lon="2.06076">
    <ele>1467.91</ele>
   </trkpt>
   <trkpt lat="42.48579" lon="2.0608400000000002">
    <ele>1468.89</ele>
   </trkpt>
   <trkpt lat="42.485910000000004" lon="2.06108">
    <ele>1470.08</ele>
   </trkpt>
   <trkpt lat="42.48594000000001" lon="2.06122">
    <ele>1470.5800000000002</ele>
   </trkpt>
   <trkpt lat="42.48595" lon="2.0621300000000002">
    <ele>1473.78</ele>
   </trkpt>
   <trkpt lat="42.486000000000004" lon="2.0624200000000004">
    <ele>1475.43</ele>
   </trkpt>
   <trkpt lat="42.486180000000004" lon="2.06277">
    <ele>1476.92</ele>
   </trkpt>
   <trkpt lat="42.486250000000005" lon="2.06297">
    <ele>1477.66</ele>
   </trkpt>
   <trkpt lat="42.486360000000005" lon="2.06365">
    <ele>1478.55</ele>
   </trkpt>
   <trkpt lat="42.48637" lon="2.06382">
    <ele>1478.55</ele>
   </trkpt>
   <trkpt lat="42.486340000000006" lon="2.0641800000000003">
    <ele>1478.6800000000003</ele>
   </trkpt>
   <trkpt lat="42.486360000000005" lon="2.0643800000000003">
    <ele>1478.9500000000003</ele>
   </trkpt>
   <trkpt lat="42.48641000000001" lon="2.0645700000000002">
    <ele>1479.38</ele>
   </trkpt>
   <trkpt lat="42.486630000000005" lon="2.0651800000000002">
    <ele>1480.97</ele>
   </trkpt>
   <trkpt lat="42.48673" lon="2.0653200000000003">
    <ele>1481.3</ele>
   </trkpt>
   <trkpt lat="42.487010000000005" lon="2.06563">
    <ele>1482.6200000000001</ele>
   </trkpt>
   <trkpt lat="42.487120000000004" lon="2.06578">
    <ele>1483.84</ele>
   </trkpt>
   <trkpt lat="42.487190000000005" lon="2.0659300000000003">
    <ele>1483.84</ele>
   </trkpt>
   <trkpt lat="42.487230000000004" lon="2.0660600000000002">
    <ele>1483.84</ele>
   </trkpt>
   <trkpt lat="42.48729" lon="2.06646">
    <ele>1485.13</ele>
   </trkpt>
   <trkpt lat="42.487350000000006" lon="2.06663">
    <ele>1486.16</ele>
   </trkpt>
   <trkpt lat="42.487480000000005" lon="2.0668100000000003">
    <ele>1486.52</ele>
   </trkpt>
   <trkpt lat="42.48803000120808" lon="2.0673549951258923">
    <ele>1487.68</ele>
   </trkpt>
   <trkpt lat="42.488580000000006" lon="2.0679000000000003">
    <ele>1489.16</ele>
   </trkpt>
   <trkpt lat="42.488820000000004" lon="2.06816">
    <ele>1491.03</ele>
   </trkpt>
   <trkpt lat="42.488910000000004" lon="2.0683100000000003">
    <ele>1491.03</ele>
   </trkpt>
   <trkpt lat="42.48921000000001" lon="2.06937">
    <ele>1496.13</ele>
   </trkpt>
   <trkpt lat="42.48931" lon="2.06956">
    <ele>1496.13</ele>
   </trkpt>
   <trkpt lat="42.489630000000005" lon="2.06998">
    <ele>1498.73</ele>
   </trkpt>
   <trkpt lat="42.48975" lon="2.07019">
    <ele>1499.43</ele>
   </trkpt>
   <trkpt lat="42.4898" lon="2.07031">
    <ele>1500.3700000000001</ele>
   </trkpt>
   <trkpt lat="42.48986" lon="2.07066">
    <ele>1501.0400000000002</ele>
   </trkpt>
   <trkpt lat="42.48987" lon="2.0715500000000002">
    <ele>1506.2900000000002</ele>
   </trkpt>
   <trkpt lat="42.489900000000006" lon="2.0717600000000003">
    <ele>1506.2900000000002</ele>
   </trkpt>
   <trkpt lat="42.490050000000004" lon="2.07214">
    <ele>1507.5</ele>
   </trkpt>
   <trkpt lat="42.49016" lon="2.07229">
    <ele>1509.24</ele>
   </trkpt>
   <trkpt lat="42.49047" lon="2.07263">
    <ele>1510.67</ele>
   </trkpt>
   <trkpt lat="42.49069" lon="2.07297">
    <ele>1512.04</ele>
   </trkpt>
   <trkpt lat="42.490770000000005" lon="2.07316">
    <ele>1513.29</ele>
   </trkpt>
   <trkpt lat="42.490930000000006" lon="2.07368">
    <ele>1515.23</ele>
   </trkpt>
   <trkpt lat="42.491215004521365" lon="2.0746999953492447">
    <ele>1517.3400000000001</ele>
   </trkpt>
   <trkpt lat="42.4915" lon="2.07572">
    <ele>1521.7</ele>
   </trkpt>
   <trkpt lat="42.49157" lon="2.07595">
    <ele>1523.22</ele>
   </trkpt>
   <trkpt lat="42.4917" lon="2.0762300000000002">
    <ele>1524.1200000000001</ele>
   </trkpt>
   <trkpt lat="42.49186" lon="2.07646">
    <ele>1524.1200000000001</ele>
   </trkpt>
   <trkpt lat="42.49199" lon="2.07661">
    <ele>1526.68</ele>
   </trkpt>
   <trkpt lat="42.492340000000006" lon="2.07689">
    <ele>1527.5200000000002</ele>
   </trkpt>
   <trkpt lat="42.492560000000005" lon="2.0771800000000002">
    <ele>1529.26</ele>
   </trkpt>
   <trkpt lat="42.492910001799366" lon="2.0778199964531834">
    <ele>1532.31</ele>
   </trkpt>
   <trkpt lat="42.49326000000001" lon="2.07846">
    <ele>1533.9600000000003</ele>
   </trkpt>
   <trkpt lat="42.493520000000004" lon="2.07884">
    <ele>1535.5700000000002</ele>
   </trkpt>
   <trkpt lat="42.493950000000005" lon="2.0792100000000002">
    <ele>1537.95</ele>
   </trkpt>
   <trkpt lat="42.49423" lon="2.07953">
    <ele>1538.44</ele>
   </trkpt>
   <trkpt lat="42.49437" lon="2.0798">
    <ele>1538.8700000000001</ele>
   </trkpt>
   <trkpt lat="42.494440000000004" lon="2.0799800000000004">
    <ele>1539.9900000000002</ele>
   </trkpt>
   <trkpt lat="42.49452" lon="2.08036">
    <ele>1540.8700000000001</ele>
   </trkpt>
   <trkpt lat="42.4946250141734" lon="2.0814024947642">
    <ele>1541.71</ele>
   </trkpt>
   <trkpt lat="42.49473001889894" lon="2.0824449930293105">
    <ele>1544.5600000000002</ele>
   </trkpt>
   <trkpt lat="42.494835014176545" lon="2.0834874947950413">
    <ele>1549.0700000000002</ele>
   </trkpt>
   <trkpt lat="42.49494000000001" lon="2.08453">
    <ele>1552.96</ele>
   </trkpt>
   <trkpt lat="42.494960000000006" lon="2.0849900000000003">
    <ele>1554.01</ele>
   </trkpt>
   <trkpt lat="42.49496500200884" lon="2.0856699998029566">
    <ele>1556.1100000000001</ele>
   </trkpt>
   <trkpt lat="42.49497" lon="2.0863500000000004">
    <ele>1559.86</ele>
   </trkpt>
   <trkpt lat="42.495050000000006" lon="2.08691">
    <ele>1561.6000000000001</ele>
   </trkpt>
   <trkpt lat="42.4951" lon="2.0871">
    <ele>1562.3300000000002</ele>
   </trkpt>
   <trkpt lat="42.495090000000005" lon="2.0871">
    <ele>1562.3300000000002</ele>
   </trkpt>
   <trkpt lat="42.49536201851142" lon="2.088131982024018">
    <ele>1565.14</ele>
   </trkpt>
   <trkpt lat="42.495634027764495" lon="2.0891639730255136">
    <ele>1569.71</ele>
   </trkpt>
   <trkpt lat="42.495906027759034" lon="2.0901959730043456">
    <ele>1574.68</ele>
   </trkpt>
   <trkpt lat="42.4961780184949" lon="2.091227981960371">
    <ele>1577.59</ele>
   </trkpt>
   <trkpt lat="42.49645" lon="2.09226">
    <ele>1581.64</ele>
   </trkpt>
   <trkpt lat="42.49666500272547" lon="2.0930499973306276">
    <ele>1582.1100000000001</ele>
   </trkpt>
   <trkpt lat="42.496880000000004" lon="2.09384">
    <ele>1580.57</ele>
   </trkpt>
   <trkpt lat="42.49694" lon="2.09395">
    <ele>1580.57</ele>
   </trkpt>
   <trkpt lat="42.497020000000006" lon="2.09404">
    <ele>1580.57</ele>
   </trkpt>
   <trkpt lat="42.49712" lon="2.09411">
    <ele>1579.2700000000002</ele>
   </trkpt>
   <trkpt lat="42.497260000000004" lon="2.09416">
    <ele>1579.2700000000002</ele>
   </trkpt>
   <trkpt lat="42.49743" lon="2.09417">
    <ele>1578.96</ele>
   </trkpt>
   <trkpt lat="42.49792" lon="2.09403">
    <ele>1577.7200000000003</ele>
   </trkpt>
   <trkpt lat="42.49804" lon="2.09402">
    <ele>1576.5800000000002</ele>
   </trkpt>
   <trkpt lat="42.49828" lon="2.0940600000000003">
    <ele>1576.1100000000001</ele>
   </trkpt>
   <trkpt lat="42.498520000000006" lon="2.09417">
    <ele>1575.2700000000002</ele>
   </trkpt>
   <trkpt lat="42.498740000000005" lon="2.0943300000000002">
    <ele>1575.0700000000002</ele>
   </trkpt>
   <trkpt lat="42.49886" lon="2.09444">
    <ele>1574.91</ele>
   </trkpt>
   <trkpt lat="42.498990000000006" lon="2.0946000000000002">
    <ele>1574.96</ele>
   </trkpt>
   <trkpt lat="42.49925" lon="2.09505">
    <ele>1575.65</ele>
   </trkpt>
   <trkpt lat="42.49951" lon="2.09553">
    <ele>1576.39</ele>
   </trkpt>
   <trkpt lat="42.499590000000005" lon="2.09571">
    <ele>1576.5600000000002</ele>
   </trkpt>
   <trkpt lat="42.49965" lon="2.09592">
    <ele>1576.64</ele>
   </trkpt>
   <trkpt lat="42.499700000000004" lon="2.0962300000000003">
    <ele>1576.8700000000001</ele>
   </trkpt>
   <trkpt lat="42.49973000000001" lon="2.09661">
    <ele>1577.18</ele>
   </trkpt>
   <trkpt lat="42.499790000000004" lon="2.09693">
    <ele>1577.39</ele>
   </trkpt>
   <trkpt lat="42.499930000000006" lon="2.0973300000000004">
    <ele>1577.65</ele>
   </trkpt>
   <trkpt lat="42.500020000000006" lon="2.0975">
    <ele>1577.65</ele>
   </trkpt>
   <trkpt lat="42.50062500234888" lon="2.0982449927130022">
    <ele>1580.3100000000002</ele>
   </trkpt>
   <trkpt lat="42.50123000000001" lon="2.09899">
    <ele>1581.95</ele>
   </trkpt>
   <trkpt lat="42.50135" lon="2.0991">
    <ele>1582.0500000000002</ele>
   </trkpt>
   <trkpt lat="42.501650000000005" lon="2.09926">
    <ele>1581.8500000000001</ele>
   </trkpt>
   <trkpt lat="42.50233" lon="2.0994300000000004">
    <ele>1580.15</ele>
   </trkpt>
   <trkpt lat="42.50255000000001" lon="2.09953">
    <ele>1580.0</ele>
   </trkpt>
   <trkpt lat="42.50274" lon="2.09966">
    <ele>1579.79</ele>
   </trkpt>
   <trkpt lat="42.502900000000004" lon="2.0998300000000003">
    <ele>1579.7800000000002</ele>
   </trkpt>
   <trkpt lat="42.5031" lon="2.10012">
    <ele>1579.98</ele>
   </trkpt>
   <trkpt lat="42.50321" lon="2.1003800000000004">
    <ele>1580.0</ele>
   </trkpt>
   <trkpt lat="42.50356333940611" lon="2.101216657179389">
    <ele>1580.4600000000003</ele>
   </trkpt>
   <trkpt lat="42.503916672726696" lon="2.1020533238157557">
    <ele>1580.6000000000001</ele>
   </trkpt>
   <trkpt lat="42.504270000000005" lon="2.1028900000000004">
    <ele>1579.8500000000001</ele>
   </trkpt>
   <trkpt lat="42.50435" lon="2.10312">
    <ele>1579.79</ele>
   </trkpt>
   <trkpt lat="42.504430000000006" lon="2.1034800000000002">
    <ele>1579.67</ele>
   </trkpt>
   <trkpt lat="42.5045" lon="2.10448">
    <ele>1579.0600000000002</ele>
   </trkpt>
   <trkpt lat="42.504690000000004" lon="2.1052">
    <ele>1578.18</ele>
   </trkpt>
   <trkpt lat="42.50479000000001" lon="2.1057300000000003">
    <ele>1578.01</ele>
   </trkpt>
   <trkpt lat="42.50479000000001" lon="2.10623">
    <ele>1578.63</ele>
   </trkpt>
   <trkpt lat="42.50471" lon="2.10707">
    <ele>1578.8700000000001</ele>
   </trkpt>
   <trkpt lat="42.504720000000006" lon="2.10752">
    <ele>1578.7600000000002</ele>
   </trkpt>
   <trkpt lat="42.504810000000006" lon="2.10814">
    <ele>1578.3500000000001</ele>
   </trkpt>
   <trkpt lat="42.504830000000005" lon="2.10846">
    <ele>1578.2600000000002</ele>
   </trkpt>
   <trkpt lat="42.50484" lon="2.1087800000000003">
    <ele>1578.13</ele>
   </trkpt>
   <trkpt lat="42.5048" lon="2.1094000000000004">
    <ele>1577.7500000000002</ele>
   </trkpt>
   <trkpt lat="42.50486" lon="2.10981">
    <ele>1577.23</ele>
   </trkpt>
   <trkpt lat="42.504940000000005" lon="2.1100000000000003">
    <ele>1577.23</ele>
   </trkpt>
   <trkpt lat="42.50522" lon="2.11044">
    <ele>1576.84</ele>
   </trkpt>
   <trkpt lat="42.505300000000005" lon="2.1106200000000004">
    <ele>1576.8500000000001</ele>
   </trkpt>
   <trkpt lat="42.50547" lon="2.1115000000000004">
    <ele>1577.96</ele>
   </trkpt>
   <trkpt lat="42.50564000000001" lon="2.11187">
    <ele>1578.03</ele>
   </trkpt>
   <trkpt lat="42.50574" lon="2.11201">
    <ele>1578.21</ele>
   </trkpt>
   <trkpt lat="42.50603" lon="2.1122900000000002">
    <ele>1578.27</ele>
   </trkpt>
   <trkpt lat="42.50643" lon="2.11282">
    <ele>1578.3200000000002</ele>
   </trkpt>
   <trkpt lat="42.50661" lon="2.11313">
    <ele>1578.2900000000002</ele>
   </trkpt>
   <trkpt lat="42.506730000000005" lon="2.1135300000000004">
    <ele>1578.1600000000003</ele>
   </trkpt>
   <trkpt lat="42.506780000000006" lon="2.1141300000000003">
    <ele>1577.77</ele>
   </trkpt>
   <trkpt lat="42.506820000000005" lon="2.1144000000000003">
    <ele>1577.8100000000002</ele>
   </trkpt>
   <trkpt lat="42.50704" lon="2.1152">
    <ele>1577.5400000000002</ele>
   </trkpt>
   <trkpt lat="42.50705000000001" lon="2.1152900000000003">
    <ele>1577.5800000000002</ele>
   </trkpt>
   <trkpt lat="42.507090000000005" lon="2.11539">
    <ele>1577.7</ele>
   </trkpt>
   <trkpt lat="42.50721" lon="2.1155700000000004">
    <ele>1577.7</ele>
   </trkpt>
   <trkpt lat="42.507290000000005" lon="2.1158">
    <ele>1577.52</ele>
   </trkpt>
   <trkpt lat="42.507380000000005" lon="2.11585">
    <ele>1577.52</ele>
   </trkpt>
   <trkpt lat="42.50753" lon="2.11601">
    <ele>1577.68</ele>
   </trkpt>
   <trkpt lat="42.507740000000005" lon="2.11613">
    <ele>1577.71</ele>
   </trkpt>
   <trkpt lat="42.50790000000001" lon="2.1161800000000004">
    <ele>1576.15</ele>
   </trkpt>
   <trkpt lat="42.508070000000004" lon="2.1161800000000004">
    <ele>1575.39</ele>
   </trkpt>
   <trkpt lat="42.50838" lon="2.11626">
    <ele>1574.3200000000002</ele>
   </trkpt>
   <trkpt lat="42.50854" lon="2.1163600000000002">
    <ele>1573.5700000000002</ele>
   </trkpt>
   <trkpt lat="42.50864000000001" lon="2.11647">
    <ele>1573.38</ele>
   </trkpt>
   <trkpt lat="42.508700000000005" lon="2.1166">
    <ele>1573.22</ele>
   </trkpt>
   <trkpt lat="42.50874" lon="2.1168">
    <ele>1573.19</ele>
   </trkpt>
   <trkpt lat="42.508720000000004" lon="2.117">
    <ele>1572.8500000000001</ele>
   </trkpt>
   <trkpt lat="42.50844" lon="2.11777">
    <ele>1571.6100000000001</ele>
   </trkpt>
   <trkpt lat="42.50824" lon="2.11817">
    <ele>1571.0400000000002</ele>
   </trkpt>
   <trkpt lat="42.50813" lon="2.1183400000000003">
    <ele>1570.3700000000001</ele>
   </trkpt>
   <trkpt lat="42.507850000000005" lon="2.11864">
    <ele>1569.47</ele>
   </trkpt>
   <trkpt lat="42.50768" lon="2.1188900000000004">
    <ele>1568.93</ele>
   </trkpt>
   <trkpt lat="42.50764" lon="2.119">
    <ele>1568.93</ele>
   </trkpt>
   <trkpt lat="42.5075" lon="2.11958">
    <ele>1567.22</ele>
   </trkpt>
   <trkpt lat="42.50732" lon="2.1199700000000004">
    <ele>1566.7600000000002</ele>
   </trkpt>
   <trkpt lat="42.507160000000006" lon="2.12022">
    <ele>1566.3500000000001</ele>
   </trkpt>
   <trkpt lat="42.50672" lon="2.1207700000000003">
    <ele>1566.0800000000002</ele>
   </trkpt>
   <trkpt lat="42.506640000000004" lon="2.1209800000000003">
    <ele>1566.1299999999999</ele>
   </trkpt>
   <trkpt lat="42.506620000000005" lon="2.12122">
    <ele>1566.25</ele>
   </trkpt>
   <trkpt lat="42.50672" lon="2.12191">
    <ele>1566.8200000000002</ele>
   </trkpt>
  </trkseg>
 </trk>
</gpx>
