<?xml version="1.0" encoding="UTF-8"?>
<gpx creator="StravaGPX" version="1.1" xmlns="http://www.topografix.com/GPX/1/1" xmlns:xsi="http://www.w3.org/2001/XMLSchema-instance" xsi:schemaLocation="http://www.topografix.com/GPX/1/1 http://www.topografix.com/GPX/1/1/gpx.xsd">
 <metadata>
  <name>Olette - Railleu - Caudiès-de-Conflent - Col de la Llose - La Llagonne - Mont-Louis</name>
  <author>
   <name>Chris Hancock</name>
   <link href="https://www.strava.com/athletes/2519062"/>
  </author>
  <copyright author="OpenStreetMap contributors">
   <year>2020</year>
   <license>https://www.openstreetmap.org/copyright</license>
  </copyright>
  <link href="https://www.strava.com/routes/3517223432032257950"/>
 </metadata>
 <trk>
  <name>Olette - Railleu - Caudiès-de-Conflent - Col de la Llose - La Llagonne - Mont-Louis</name>
  <link href="https://www.strava.com/routes/3517223432032257950"/>
  <type>cycling</type>
  <trkseg>
   <trkpt lat="42.561640000000004" lon="2.2889600000000003">
    <ele>605.04</ele>
   </trkpt>
   <trkpt lat="42.561580000000006" lon="2.28874">
    <ele>605.02</ele>
   </trkpt>
   <trkpt lat="42.561320001023695" lon="2.2882299976646774">
    <ele>604.5600000000001</ele>
   </trkpt>
   <trkpt lat="42.561060000000005" lon="2.28772">
    <ele>605.02</ele>
   </trkpt>
   <trkpt lat="42.56091000000001" lon="2.2873900000000003">
    <ele>606.16</ele>
   </trkpt>
   <trkpt lat="42.56047" lon="2.28669">
    <ele>609.44</ele>
   </trkpt>
   <trkpt lat="42.5602" lon="2.28614">
    <ele>609.44</ele>
   </trkpt>
   <trkpt lat="42.56009" lon="2.28596">
    <ele>613.0699999999999</ele>
   </trkpt>
   <trkpt lat="42.559850000000004" lon="2.28561">
    <ele>613.68</ele>
   </trkpt>
   <trkpt lat="42.559630000000006" lon="2.28533">
    <ele>615.1600000000001</ele>
   </trkpt>
   <trkpt lat="42.55926500061288" lon="2.2849499977616516">
    <ele>616.82</ele>
   </trkpt>
   <trkpt lat="42.5589" lon="2.28457">
    <ele>618.9499999999999</ele>
   </trkpt>
   <trkpt lat="42.558420000000005" lon="2.28397">
    <ele>621.02</ele>
   </trkpt>
   <trkpt lat="42.55821" lon="2.2836100000000004">
    <ele>622.2700000000001</ele>
   </trkpt>
   <trkpt lat="42.558110000000006" lon="2.28331">
    <ele>622.9</ele>
   </trkpt>
   <trkpt lat="42.558060000000005" lon="2.28296">
    <ele>623.86</ele>
   </trkpt>
   <trkpt lat="42.55807" lon="2.2828000000000004">
    <ele>624.71</ele>
   </trkpt>
   <trkpt lat="42.55814" lon="2.2824600000000004">
    <ele>625.3000000000001</ele>
   </trkpt>
   <trkpt lat="42.55814" lon="2.28228">
    <ele>626.21</ele>
   </trkpt>
   <trkpt lat="42.55807" lon="2.2819800000000003">
    <ele>626.69</ele>
   </trkpt>
   <trkpt lat="42.557990000000004" lon="2.2817600000000002">
    <ele>626.69</ele>
   </trkpt>
   <trkpt lat="42.55773000000001" lon="2.2813100000000004">
    <ele>628.47</ele>
   </trkpt>
   <trkpt lat="42.55763" lon="2.28119">
    <ele>629.61</ele>
   </trkpt>
   <trkpt lat="42.557300000000005" lon="2.2808900000000003">
    <ele>630.7600000000001</ele>
   </trkpt>
   <trkpt lat="42.557170000000006" lon="2.28071">
    <ele>630.7600000000001</ele>
   </trkpt>
   <trkpt lat="42.55707" lon="2.28052">
    <ele>631.4000000000001</ele>
   </trkpt>
   <trkpt lat="42.55678333810528" lon="2.27977999322853">
    <ele>632.53</ele>
   </trkpt>
   <trkpt lat="42.55649667144915" lon="2.2790399932558425">
    <ele>632.9200000000001</ele>
   </trkpt>
   <trkpt lat="42.55621" lon="2.2783">
    <ele>633.23</ele>
   </trkpt>
   <trkpt lat="42.55613" lon="2.2780400000000003">
    <ele>633.4399999999999</ele>
   </trkpt>
   <trkpt lat="42.556090000000005" lon="2.2776400000000003">
    <ele>633.7900000000001</ele>
   </trkpt>
   <trkpt lat="42.556200000000004" lon="2.2765500000000003">
    <ele>634.4399999999999</ele>
   </trkpt>
   <trkpt lat="42.556020001939366" lon="2.275879998021979">
    <ele>634.7700000000001</ele>
   </trkpt>
   <trkpt lat="42.55584" lon="2.2752100000000004">
    <ele>635.38</ele>
   </trkpt>
   <trkpt lat="42.55572" lon="2.27407">
    <ele>636.3000000000001</ele>
   </trkpt>
   <trkpt lat="42.55566" lon="2.27312">
    <ele>635.8100000000001</ele>
   </trkpt>
   <trkpt lat="42.55568" lon="2.2724800000000003">
    <ele>632.47</ele>
   </trkpt>
   <trkpt lat="42.55554" lon="2.2718800000000003">
    <ele>630.3000000000001</ele>
   </trkpt>
   <trkpt lat="42.555490000000006" lon="2.2716700000000003">
    <ele>630.09</ele>
   </trkpt>
   <trkpt lat="42.55538000000001" lon="2.2714000000000003">
    <ele>629.9300000000001</ele>
   </trkpt>
   <trkpt lat="42.55521" lon="2.2707800000000002">
    <ele>629.51</ele>
   </trkpt>
   <trkpt lat="42.55481" lon="2.2697200000000004">
    <ele>631.22</ele>
   </trkpt>
   <trkpt lat="42.55471" lon="2.2694">
    <ele>631.5400000000001</ele>
   </trkpt>
   <trkpt lat="42.554640000000006" lon="2.26892">
    <ele>632.1500000000001</ele>
   </trkpt>
   <trkpt lat="42.554610000000004" lon="2.2688300000000003">
    <ele>632.1500000000001</ele>
   </trkpt>
   <trkpt lat="42.55444000000001" lon="2.26865">
    <ele>632.53</ele>
   </trkpt>
   <trkpt lat="42.554100000000005" lon="2.2683400000000002">
    <ele>633.1300000000001</ele>
   </trkpt>
   <trkpt lat="42.554030000000004" lon="2.26824">
    <ele>633.1300000000001</ele>
   </trkpt>
   <trkpt lat="42.55393" lon="2.26803">
    <ele>633.36</ele>
   </trkpt>
   <trkpt lat="42.55387" lon="2.26796">
    <ele>633.58</ele>
   </trkpt>
   <trkpt lat="42.553810000000006" lon="2.2679300000000002">
    <ele>633.58</ele>
   </trkpt>
   <trkpt lat="42.553830000000005" lon="2.26804">
    <ele>632.5</ele>
   </trkpt>
   <trkpt lat="42.553940000000004" lon="2.26824">
    <ele>632.5</ele>
   </trkpt>
   <trkpt lat="42.55409" lon="2.26844">
    <ele>629.82</ele>
   </trkpt>
   <trkpt lat="42.55434" lon="2.26866">
    <ele>626.12</ele>
   </trkpt>
   <trkpt lat="42.55444000000001" lon="2.26878">
    <ele>626.12</ele>
   </trkpt>
   <trkpt lat="42.55449" lon="2.2688900000000003">
    <ele>626.12</ele>
   </trkpt>
   <trkpt lat="42.55456" lon="2.2693600000000003">
    <ele>621.0500000000001</ele>
   </trkpt>
   <trkpt lat="42.554660000000005" lon="2.2697200000000004">
    <ele>619.5</ele>
   </trkpt>
   <trkpt lat="42.554700000000004" lon="2.27048">
    <ele>615.89</ele>
   </trkpt>
   <trkpt lat="42.554750000000006" lon="2.27091">
    <ele>614.7800000000001</ele>
   </trkpt>
   <trkpt lat="42.55496" lon="2.27177">
    <ele>614.3000000000001</ele>
   </trkpt>
   <trkpt lat="42.554750000000006" lon="2.27091">
    <ele>614.7800000000001</ele>
   </trkpt>
   <trkpt lat="42.554700000000004" lon="2.27048">
    <ele>615.89</ele>
   </trkpt>
   <trkpt lat="42.554660000000005" lon="2.2697200000000004">
    <ele>619.5</ele>
   </trkpt>
   <trkpt lat="42.55456" lon="2.2693600000000003">
    <ele>621.0500000000001</ele>
   </trkpt>
   <trkpt lat="42.55449" lon="2.2688900000000003">
    <ele>626.12</ele>
   </trkpt>
   <trkpt lat="42.55444000000001" lon="2.26878">
    <ele>626.12</ele>
   </trkpt>
   <trkpt lat="42.55434" lon="2.26866">
    <ele>626.12</ele>
   </trkpt>
   <trkpt lat="42.55409" lon="2.26844">
    <ele>629.82</ele>
   </trkpt>
   <trkpt lat="42.553940000000004" lon="2.26824">
    <ele>632.5</ele>
   </trkpt>
   <trkpt lat="42.553830000000005" lon="2.26804">
    <ele>632.5</ele>
   </trkpt>
   <trkpt lat="42.553810000000006" lon="2.2679300000000002">
    <ele>633.58</ele>
   </trkpt>
   <trkpt lat="42.553540000000005" lon="2.26779">
    <ele>634.32</ele>
   </trkpt>
   <trkpt lat="42.55332000000001" lon="2.2675500000000004">
    <ele>636.4399999999999</ele>
   </trkpt>
   <trkpt lat="42.55335" lon="2.26735">
    <ele>637.4300000000001</ele>
   </trkpt>
   <trkpt lat="42.553520000000006" lon="2.2667300000000004">
    <ele>640.29</ele>
   </trkpt>
   <trkpt lat="42.55357" lon="2.26656">
    <ele>640.3000000000001</ele>
   </trkpt>
   <trkpt lat="42.55366" lon="2.26596">
    <ele>642.1800000000001</ele>
   </trkpt>
   <trkpt lat="42.55371" lon="2.2658">
    <ele>642.4300000000001</ele>
   </trkpt>
   <trkpt lat="42.55387" lon="2.26555">
    <ele>643.11</ele>
   </trkpt>
   <trkpt lat="42.554" lon="2.2650200000000003">
    <ele>642.6700000000001</ele>
   </trkpt>
   <trkpt lat="42.55406000000001" lon="2.2644800000000003">
    <ele>641.29</ele>
   </trkpt>
   <trkpt lat="42.554080000000006" lon="2.2641400000000003">
    <ele>640.75</ele>
   </trkpt>
   <trkpt lat="42.55411" lon="2.2639500000000004">
    <ele>640.78</ele>
   </trkpt>
   <trkpt lat="42.55416" lon="2.26379">
    <ele>641.08</ele>
   </trkpt>
   <trkpt lat="42.55434" lon="2.2635500000000004">
    <ele>642.6</ele>
   </trkpt>
   <trkpt lat="42.554570000000005" lon="2.2633">
    <ele>645.02</ele>
   </trkpt>
   <trkpt lat="42.55463" lon="2.2632100000000004">
    <ele>645.6500000000001</ele>
   </trkpt>
   <trkpt lat="42.554660000000005" lon="2.26311">
    <ele>645.94</ele>
   </trkpt>
   <trkpt lat="42.554730000000006" lon="2.26248">
    <ele>648.46</ele>
   </trkpt>
   <trkpt lat="42.554790000000004" lon="2.2623200000000003">
    <ele>649.21</ele>
   </trkpt>
   <trkpt lat="42.55496" lon="2.26215">
    <ele>650.5500000000001</ele>
   </trkpt>
   <trkpt lat="42.555170000000004" lon="2.26208">
    <ele>651.0400000000001</ele>
   </trkpt>
   <trkpt lat="42.55539" lon="2.2620400000000003">
    <ele>652.8000000000001</ele>
   </trkpt>
   <trkpt lat="42.55557" lon="2.26196">
    <ele>652.8000000000001</ele>
   </trkpt>
   <trkpt lat="42.55583" lon="2.26176">
    <ele>655.3000000000001</ele>
   </trkpt>
   <trkpt lat="42.55612" lon="2.2615800000000004">
    <ele>656.9200000000001</ele>
   </trkpt>
   <trkpt lat="42.55642" lon="2.2613100000000004">
    <ele>658.25</ele>
   </trkpt>
   <trkpt lat="42.55653" lon="2.2612400000000004">
    <ele>659.7400000000001</ele>
   </trkpt>
   <trkpt lat="42.556810000000006" lon="2.26119">
    <ele>661.1700000000001</ele>
   </trkpt>
   <trkpt lat="42.557050000000004" lon="2.261">
    <ele>662.5000000000001</ele>
   </trkpt>
   <trkpt lat="42.557190000000006" lon="2.2609600000000003">
    <ele>663.1400000000001</ele>
   </trkpt>
   <trkpt lat="42.55734" lon="2.2609700000000004">
    <ele>665.1800000000001</ele>
   </trkpt>
   <trkpt lat="42.55745" lon="2.26094">
    <ele>665.78</ele>
   </trkpt>
   <trkpt lat="42.55778" lon="2.26071">
    <ele>668.1600000000001</ele>
   </trkpt>
   <trkpt lat="42.558080000000004" lon="2.26032">
    <ele>670.07</ele>
   </trkpt>
   <trkpt lat="42.55832" lon="2.26004">
    <ele>671.0600000000001</ele>
   </trkpt>
   <trkpt lat="42.558620000000005" lon="2.2598800000000003">
    <ele>673.44</ele>
   </trkpt>
   <trkpt lat="42.55872" lon="2.25985">
    <ele>674.8400000000001</ele>
   </trkpt>
   <trkpt lat="42.558800000000005" lon="2.2598700000000003">
    <ele>674.8400000000001</ele>
   </trkpt>
   <trkpt lat="42.558890000000005" lon="2.25993">
    <ele>675.37</ele>
   </trkpt>
   <trkpt lat="42.55901" lon="2.2599500000000003">
    <ele>676.36</ele>
   </trkpt>
   <trkpt lat="42.559290000000004" lon="2.25984">
    <ele>677.4</ele>
   </trkpt>
   <trkpt lat="42.55962" lon="2.25959">
    <ele>680.12</ele>
   </trkpt>
   <trkpt lat="42.55979000000001" lon="2.2595400000000003">
    <ele>680.71</ele>
   </trkpt>
   <trkpt lat="42.559990000000006" lon="2.2595500000000004">
    <ele>682.6000000000001</ele>
   </trkpt>
   <trkpt lat="42.56026000000001" lon="2.2595">
    <ele>685.39</ele>
   </trkpt>
   <trkpt lat="42.560590000000005" lon="2.2594100000000004">
    <ele>685.98</ele>
   </trkpt>
   <trkpt lat="42.560840000000006" lon="2.25937">
    <ele>688.2600000000001</ele>
   </trkpt>
   <trkpt lat="42.561020000000006" lon="2.2592800000000004">
    <ele>690.0400000000001</ele>
   </trkpt>
   <trkpt lat="42.56118" lon="2.2591400000000004">
    <ele>690.0400000000001</ele>
   </trkpt>
   <trkpt lat="42.56141" lon="2.25909">
    <ele>692.7500000000001</ele>
   </trkpt>
   <trkpt lat="42.56161" lon="2.2589200000000003">
    <ele>693.35</ele>
   </trkpt>
   <trkpt lat="42.561780000000006" lon="2.2585300000000004">
    <ele>696.1700000000001</ele>
   </trkpt>
   <trkpt lat="42.561870000000006" lon="2.25843">
    <ele>696.1700000000001</ele>
   </trkpt>
   <trkpt lat="42.56217" lon="2.25828">
    <ele>698.95</ele>
   </trkpt>
   <trkpt lat="42.56246" lon="2.25809">
    <ele>701.88</ele>
   </trkpt>
   <trkpt lat="42.562780000000004" lon="2.2579800000000003">
    <ele>704.11</ele>
   </trkpt>
   <trkpt lat="42.562900000000006" lon="2.2579100000000003">
    <ele>704.84</ele>
   </trkpt>
   <trkpt lat="42.563230000000004" lon="2.25759">
    <ele>708.5</ele>
   </trkpt>
   <trkpt lat="42.56344" lon="2.25734">
    <ele>709.94</ele>
   </trkpt>
   <trkpt lat="42.56353" lon="2.25727">
    <ele>709.94</ele>
   </trkpt>
   <trkpt lat="42.563750000000006" lon="2.2572">
    <ele>712.08</ele>
   </trkpt>
   <trkpt lat="42.56383" lon="2.25715">
    <ele>712.5600000000001</ele>
   </trkpt>
   <trkpt lat="42.563880000000005" lon="2.257">
    <ele>712.96</ele>
   </trkpt>
   <trkpt lat="42.563880000000005" lon="2.25687">
    <ele>713.2900000000001</ele>
   </trkpt>
   <trkpt lat="42.56383" lon="2.25681">
    <ele>713.2900000000001</ele>
   </trkpt>
   <trkpt lat="42.563660000000006" lon="2.25672">
    <ele>713.65</ele>
   </trkpt>
   <trkpt lat="42.563590000000005" lon="2.25672">
    <ele>713.7800000000001</ele>
   </trkpt>
   <trkpt lat="42.56329" lon="2.2569500000000002">
    <ele>714.2700000000001</ele>
   </trkpt>
   <trkpt lat="42.562900000000006" lon="2.25721">
    <ele>716.07</ele>
   </trkpt>
   <trkpt lat="42.56266" lon="2.25728">
    <ele>717.9200000000001</ele>
   </trkpt>
   <trkpt lat="42.56248" lon="2.2574">
    <ele>717.9200000000001</ele>
   </trkpt>
   <trkpt lat="42.56237" lon="2.2574400000000003">
    <ele>719.1500000000001</ele>
   </trkpt>
   <trkpt lat="42.56199" lon="2.25752">
    <ele>720.8100000000001</ele>
   </trkpt>
   <trkpt lat="42.56174" lon="2.2576500000000004">
    <ele>722.0600000000001</ele>
   </trkpt>
   <trkpt lat="42.561490000000006" lon="2.25762">
    <ele>723.09</ele>
   </trkpt>
   <trkpt lat="42.561400000000006" lon="2.25766">
    <ele>723.69</ele>
   </trkpt>
   <trkpt lat="42.56103" lon="2.25795">
    <ele>727.2400000000001</ele>
   </trkpt>
   <trkpt lat="42.560950000000005" lon="2.2579800000000003">
    <ele>727.2400000000001</ele>
   </trkpt>
   <trkpt lat="42.560430000000004" lon="2.2579800000000003">
    <ele>730.71</ele>
   </trkpt>
   <trkpt lat="42.56024" lon="2.25793">
    <ele>732.6300000000001</ele>
   </trkpt>
   <trkpt lat="42.56011" lon="2.2578400000000003">
    <ele>734.36</ele>
   </trkpt>
   <trkpt lat="42.559990000000006" lon="2.25773">
    <ele>735.35</ele>
   </trkpt>
   <trkpt lat="42.55988000000001" lon="2.25769">
    <ele>735.95</ele>
   </trkpt>
   <trkpt lat="42.55979000000001" lon="2.25769">
    <ele>736.7</ele>
   </trkpt>
   <trkpt lat="42.559720000000006" lon="2.25774">
    <ele>736.7</ele>
   </trkpt>
   <trkpt lat="42.559580000000004" lon="2.2579200000000004">
    <ele>737.83</ele>
   </trkpt>
   <trkpt lat="42.55951" lon="2.25796">
    <ele>738.4200000000001</ele>
   </trkpt>
   <trkpt lat="42.559430000000006" lon="2.25795">
    <ele>739.14</ele>
   </trkpt>
   <trkpt lat="42.55923000000001" lon="2.25779">
    <ele>741.5600000000001</ele>
   </trkpt>
   <trkpt lat="42.559140000000006" lon="2.2577700000000003">
    <ele>741.5600000000001</ele>
   </trkpt>
   <trkpt lat="42.559000000000005" lon="2.2578400000000003">
    <ele>743.46</ele>
   </trkpt>
   <trkpt lat="42.55892" lon="2.25796">
    <ele>744.1200000000001</ele>
   </trkpt>
   <trkpt lat="42.55886" lon="2.2581100000000003">
    <ele>744.4200000000001</ele>
   </trkpt>
   <trkpt lat="42.558820000000004" lon="2.2581700000000002">
    <ele>745.5200000000001</ele>
   </trkpt>
   <trkpt lat="42.55876000000001" lon="2.25822">
    <ele>745.5200000000001</ele>
   </trkpt>
   <trkpt lat="42.55857" lon="2.2582500000000003">
    <ele>746.3700000000001</ele>
   </trkpt>
   <trkpt lat="42.5585" lon="2.2583">
    <ele>748.1800000000001</ele>
   </trkpt>
   <trkpt lat="42.55839" lon="2.2584600000000004">
    <ele>748.74</ele>
   </trkpt>
   <trkpt lat="42.55832" lon="2.2585200000000003">
    <ele>748.74</ele>
   </trkpt>
   <trkpt lat="42.557900000000004" lon="2.2585900000000003">
    <ele>750.3700000000001</ele>
   </trkpt>
   <trkpt lat="42.55783" lon="2.25863">
    <ele>750.3700000000001</ele>
   </trkpt>
   <trkpt lat="42.557680000000005" lon="2.25881">
    <ele>754.5500000000001</ele>
   </trkpt>
   <trkpt lat="42.557500000000005" lon="2.2589">
    <ele>754.5500000000001</ele>
   </trkpt>
   <trkpt lat="42.55735000000001" lon="2.25889">
    <ele>755.19</ele>
   </trkpt>
   <trkpt lat="42.55713" lon="2.25881">
    <ele>756.9200000000001</ele>
   </trkpt>
   <trkpt lat="42.55688000000001" lon="2.2587900000000003">
    <ele>759.85</ele>
   </trkpt>
   <trkpt lat="42.556740000000005" lon="2.25882">
    <ele>760.48</ele>
   </trkpt>
   <trkpt lat="42.55668" lon="2.2588600000000003">
    <ele>761.0300000000001</ele>
   </trkpt>
   <trkpt lat="42.556610000000006" lon="2.2590000000000003">
    <ele>761.0300000000001</ele>
   </trkpt>
   <trkpt lat="42.556520000000006" lon="2.2591300000000003">
    <ele>762.57</ele>
   </trkpt>
   <trkpt lat="42.55635" lon="2.25922">
    <ele>762.57</ele>
   </trkpt>
   <trkpt lat="42.55624" lon="2.25922">
    <ele>764.4200000000001</ele>
   </trkpt>
   <trkpt lat="42.55597" lon="2.2591300000000003">
    <ele>765.5500000000001</ele>
   </trkpt>
   <trkpt lat="42.55581" lon="2.25915">
    <ele>767.32</ele>
   </trkpt>
   <trkpt lat="42.555670000000006" lon="2.2592000000000003">
    <ele>767.99</ele>
   </trkpt>
   <trkpt lat="42.55552" lon="2.25922">
    <ele>769.23</ele>
   </trkpt>
   <trkpt lat="42.55539" lon="2.2592000000000003">
    <ele>769.23</ele>
   </trkpt>
   <trkpt lat="42.555310000000006" lon="2.25911">
    <ele>770.82</ele>
   </trkpt>
   <trkpt lat="42.555060000000005" lon="2.2587">
    <ele>773.4100000000001</ele>
   </trkpt>
   <trkpt lat="42.55501" lon="2.25854">
    <ele>774.5000000000001</ele>
   </trkpt>
   <trkpt lat="42.554970000000004" lon="2.25808">
    <ele>778.2500000000001</ele>
   </trkpt>
   <trkpt lat="42.55491000000001" lon="2.25767">
    <ele>780.9</ele>
   </trkpt>
   <trkpt lat="42.5549" lon="2.2574500000000004">
    <ele>780.9</ele>
   </trkpt>
   <trkpt lat="42.55487" lon="2.2573000000000003">
    <ele>780.9</ele>
   </trkpt>
   <trkpt lat="42.55481" lon="2.25715">
    <ele>784.5000000000001</ele>
   </trkpt>
   <trkpt lat="42.55462000000001" lon="2.25688">
    <ele>786.2500000000001</ele>
   </trkpt>
   <trkpt lat="42.55451" lon="2.25678">
    <ele>786.2500000000001</ele>
   </trkpt>
   <trkpt lat="42.55436" lon="2.2567000000000004">
    <ele>787.0100000000001</ele>
   </trkpt>
   <trkpt lat="42.554080000000006" lon="2.25664">
    <ele>790.4700000000001</ele>
   </trkpt>
   <trkpt lat="42.55402" lon="2.25658">
    <ele>790.82</ele>
   </trkpt>
   <trkpt lat="42.55395" lon="2.2562900000000004">
    <ele>792.98</ele>
   </trkpt>
   <trkpt lat="42.55384" lon="2.25606">
    <ele>793.95</ele>
   </trkpt>
   <trkpt lat="42.5536" lon="2.2558900000000004">
    <ele>795.76</ele>
   </trkpt>
   <trkpt lat="42.55357" lon="2.25583">
    <ele>796.46</ele>
   </trkpt>
   <trkpt lat="42.55355" lon="2.2557300000000002">
    <ele>797.07</ele>
   </trkpt>
   <trkpt lat="42.553560000000004" lon="2.2554600000000002">
    <ele>798.48</ele>
   </trkpt>
   <trkpt lat="42.55359000000001" lon="2.2552700000000003">
    <ele>799.4000000000001</ele>
   </trkpt>
   <trkpt lat="42.55364" lon="2.2551200000000002">
    <ele>800.0600000000001</ele>
   </trkpt>
   <trkpt lat="42.55377" lon="2.25488">
    <ele>801.7800000000001</ele>
   </trkpt>
   <trkpt lat="42.5538" lon="2.25469">
    <ele>801.7800000000001</ele>
   </trkpt>
   <trkpt lat="42.55369" lon="2.25428">
    <ele>804.45</ele>
   </trkpt>
   <trkpt lat="42.553490000000004" lon="2.2539800000000003">
    <ele>808.0</ele>
   </trkpt>
   <trkpt lat="42.553340000000006" lon="2.2536500000000004">
    <ele>808.69</ele>
   </trkpt>
   <trkpt lat="42.55332000000001" lon="2.25354">
    <ele>811.19</ele>
   </trkpt>
   <trkpt lat="42.55332000000001" lon="2.25327">
    <ele>811.8900000000001</ele>
   </trkpt>
   <trkpt lat="42.5533" lon="2.25315">
    <ele>811.8900000000001</ele>
   </trkpt>
   <trkpt lat="42.553110000000004" lon="2.25272">
    <ele>815.35</ele>
   </trkpt>
   <trkpt lat="42.55306" lon="2.25245">
    <ele>817.34</ele>
   </trkpt>
   <trkpt lat="42.55306" lon="2.25226">
    <ele>818.08</ele>
   </trkpt>
   <trkpt lat="42.5531" lon="2.25199">
    <ele>819.6700000000001</ele>
   </trkpt>
   <trkpt lat="42.55321" lon="2.2516700000000003">
    <ele>821.45</ele>
   </trkpt>
   <trkpt lat="42.553230000000006" lon="2.25151">
    <ele>821.45</ele>
   </trkpt>
   <trkpt lat="42.553230000000006" lon="2.25056">
    <ele>826.5</ele>
   </trkpt>
   <trkpt lat="42.553250000000006" lon="2.25043">
    <ele>826.5</ele>
   </trkpt>
   <trkpt lat="42.553290000000004" lon="2.2503800000000003">
    <ele>826.5</ele>
   </trkpt>
   <trkpt lat="42.55333" lon="2.2503">
    <ele>827.01</ele>
   </trkpt>
   <trkpt lat="42.55350000000001" lon="2.24981">
    <ele>829.52</ele>
   </trkpt>
   <trkpt lat="42.55357" lon="2.2495800000000004">
    <ele>831.33</ele>
   </trkpt>
   <trkpt lat="42.553630000000005" lon="2.2484300000000004">
    <ele>837.0600000000001</ele>
   </trkpt>
   <trkpt lat="42.55369" lon="2.2479600000000004">
    <ele>840.1200000000001</ele>
   </trkpt>
   <trkpt lat="42.553670000000004" lon="2.2471200000000002">
    <ele>844.0400000000001</ele>
   </trkpt>
   <trkpt lat="42.553700000000006" lon="2.24704">
    <ele>845.49</ele>
   </trkpt>
   <trkpt lat="42.55375" lon="2.2470000000000003">
    <ele>845.49</ele>
   </trkpt>
   <trkpt lat="42.55395" lon="2.24698">
    <ele>846.16</ele>
   </trkpt>
   <trkpt lat="42.55411" lon="2.24689">
    <ele>847.7800000000001</ele>
   </trkpt>
   <trkpt lat="42.55424" lon="2.2468500000000002">
    <ele>849.1800000000001</ele>
   </trkpt>
   <trkpt lat="42.554590000000005" lon="2.24677">
    <ele>851.1200000000001</ele>
   </trkpt>
   <trkpt lat="42.554840000000006" lon="2.24662">
    <ele>853.07</ele>
   </trkpt>
   <trkpt lat="42.554970000000004" lon="2.2465100000000002">
    <ele>854.5200000000001</ele>
   </trkpt>
   <trkpt lat="42.55503" lon="2.2462500000000003">
    <ele>855.86</ele>
   </trkpt>
   <trkpt lat="42.55507" lon="2.2461900000000004">
    <ele>856.6100000000001</ele>
   </trkpt>
   <trkpt lat="42.55512" lon="2.24615">
    <ele>856.6100000000001</ele>
   </trkpt>
   <trkpt lat="42.55532" lon="2.2461100000000003">
    <ele>859.32</ele>
   </trkpt>
   <trkpt lat="42.55541" lon="2.2460500000000003">
    <ele>859.32</ele>
   </trkpt>
   <trkpt lat="42.555490000000006" lon="2.24603">
    <ele>859.32</ele>
   </trkpt>
   <trkpt lat="42.555930000000004" lon="2.2460400000000003">
    <ele>862.74</ele>
   </trkpt>
   <trkpt lat="42.5561" lon="2.2460600000000004">
    <ele>864.11</ele>
   </trkpt>
   <trkpt lat="42.556230000000006" lon="2.2461">
    <ele>865.6300000000001</ele>
   </trkpt>
   <trkpt lat="42.556490000000004" lon="2.2462500000000003">
    <ele>866.3700000000001</ele>
   </trkpt>
   <trkpt lat="42.5566" lon="2.2462500000000003">
    <ele>866.3700000000001</ele>
   </trkpt>
   <trkpt lat="42.556810000000006" lon="2.24621">
    <ele>871.38</ele>
   </trkpt>
   <trkpt lat="42.55702" lon="2.2461200000000003">
    <ele>871.7</ele>
   </trkpt>
   <trkpt lat="42.557080000000006" lon="2.24602">
    <ele>872.2400000000001</ele>
   </trkpt>
   <trkpt lat="42.55711" lon="2.24588">
    <ele>872.6600000000001</ele>
   </trkpt>
   <trkpt lat="42.55709" lon="2.2457700000000003">
    <ele>873.4000000000001</ele>
   </trkpt>
   <trkpt lat="42.55688000000001" lon="2.24535">
    <ele>874.6100000000001</ele>
   </trkpt>
   <trkpt lat="42.55686" lon="2.24527">
    <ele>875.08</ele>
   </trkpt>
   <trkpt lat="42.556850000000004" lon="2.2451000000000003">
    <ele>875.62</ele>
   </trkpt>
   <trkpt lat="42.55689" lon="2.2448200000000003">
    <ele>876.9100000000001</ele>
   </trkpt>
   <trkpt lat="42.55687" lon="2.24425">
    <ele>881.6700000000001</ele>
   </trkpt>
   <trkpt lat="42.55688000000001" lon="2.2440100000000003">
    <ele>881.6700000000001</ele>
   </trkpt>
   <trkpt lat="42.55697000000001" lon="2.24323">
    <ele>886.32</ele>
   </trkpt>
   <trkpt lat="42.55697000000001" lon="2.24309">
    <ele>886.32</ele>
   </trkpt>
   <trkpt lat="42.556900000000006" lon="2.24255">
    <ele>889.1000000000001</ele>
   </trkpt>
   <trkpt lat="42.55669" lon="2.24166">
    <ele>893.72</ele>
   </trkpt>
   <trkpt lat="42.556670000000004" lon="2.24142">
    <ele>895.9100000000001</ele>
   </trkpt>
   <trkpt lat="42.55659000000001" lon="2.24112">
    <ele>897.2800000000001</ele>
   </trkpt>
   <trkpt lat="42.55659000000001" lon="2.24054">
    <ele>900.99</ele>
   </trkpt>
   <trkpt lat="42.55651" lon="2.2401">
    <ele>903.97</ele>
   </trkpt>
   <trkpt lat="42.55642" lon="2.2399500000000003">
    <ele>903.97</ele>
   </trkpt>
   <trkpt lat="42.556400000000004" lon="2.23985">
    <ele>905.6800000000001</ele>
   </trkpt>
   <trkpt lat="42.55642" lon="2.2396200000000004">
    <ele>907.0</ele>
   </trkpt>
   <trkpt lat="42.55648" lon="2.2395">
    <ele>907.0</ele>
   </trkpt>
   <trkpt lat="42.556920000000005" lon="2.23889">
    <ele>910.5000000000001</ele>
   </trkpt>
   <trkpt lat="42.557010000000005" lon="2.2386600000000003">
    <ele>913.08</ele>
   </trkpt>
   <trkpt lat="42.55715" lon="2.2381800000000003">
    <ele>915.61</ele>
   </trkpt>
   <trkpt lat="42.55735000000001" lon="2.2377700000000003">
    <ele>917.9800000000001</ele>
   </trkpt>
   <trkpt lat="42.55742" lon="2.2377200000000004">
    <ele>918.6400000000001</ele>
   </trkpt>
   <trkpt lat="42.557570000000005" lon="2.23767">
    <ele>919.34</ele>
   </trkpt>
   <trkpt lat="42.55763" lon="2.23761">
    <ele>921.0200000000001</ele>
   </trkpt>
   <trkpt lat="42.557680000000005" lon="2.2375100000000003">
    <ele>921.0200000000001</ele>
   </trkpt>
   <trkpt lat="42.55774" lon="2.23705">
    <ele>923.12</ele>
   </trkpt>
   <trkpt lat="42.557700000000004" lon="2.2369100000000004">
    <ele>923.12</ele>
   </trkpt>
   <trkpt lat="42.557610000000004" lon="2.23674">
    <ele>924.83</ele>
   </trkpt>
   <trkpt lat="42.55753000000001" lon="2.2364300000000004">
    <ele>924.83</ele>
   </trkpt>
   <trkpt lat="42.557370000000006" lon="2.2359600000000004">
    <ele>928.2800000000001</ele>
   </trkpt>
   <trkpt lat="42.55736" lon="2.23571">
    <ele>930.2800000000001</ele>
   </trkpt>
   <trkpt lat="42.55744000000001" lon="2.23558">
    <ele>931.25</ele>
   </trkpt>
   <trkpt lat="42.557750000000006" lon="2.2352700000000003">
    <ele>933.5000000000001</ele>
   </trkpt>
   <trkpt lat="42.55794" lon="2.23502">
    <ele>934.3500000000001</ele>
   </trkpt>
   <trkpt lat="42.55809" lon="2.2348700000000004">
    <ele>936.45</ele>
   </trkpt>
   <trkpt lat="42.55838000000001" lon="2.2347400000000004">
    <ele>938.0400000000001</ele>
   </trkpt>
   <trkpt lat="42.55857" lon="2.23471">
    <ele>939.7500000000001</ele>
   </trkpt>
   <trkpt lat="42.55865" lon="2.2346700000000004">
    <ele>940.7500000000001</ele>
   </trkpt>
   <trkpt lat="42.55874" lon="2.2345900000000003">
    <ele>940.7500000000001</ele>
   </trkpt>
   <trkpt lat="42.55885000000001" lon="2.23442">
    <ele>943.3100000000001</ele>
   </trkpt>
   <trkpt lat="42.558980000000005" lon="2.2343">
    <ele>944.3</ele>
   </trkpt>
   <trkpt lat="42.5591" lon="2.23427">
    <ele>945.37</ele>
   </trkpt>
   <trkpt lat="42.559290000000004" lon="2.2342600000000004">
    <ele>945.37</ele>
   </trkpt>
   <trkpt lat="42.559400000000004" lon="2.23422">
    <ele>947.7</ele>
   </trkpt>
   <trkpt lat="42.55944" lon="2.23416">
    <ele>948.0600000000001</ele>
   </trkpt>
   <trkpt lat="42.559450000000005" lon="2.23408">
    <ele>948.74</ele>
   </trkpt>
   <trkpt lat="42.55933" lon="2.2336400000000003">
    <ele>951.09</ele>
   </trkpt>
   <trkpt lat="42.55932000000001" lon="2.2335200000000004">
    <ele>951.09</ele>
   </trkpt>
   <trkpt lat="42.559340000000006" lon="2.2333700000000003">
    <ele>952.91</ele>
   </trkpt>
   <trkpt lat="42.559450000000005" lon="2.23299">
    <ele>954.86</ele>
   </trkpt>
   <trkpt lat="42.559380000000004" lon="2.2326400000000004">
    <ele>955.46</ele>
   </trkpt>
   <trkpt lat="42.559380000000004" lon="2.23254">
    <ele>956.13</ele>
   </trkpt>
   <trkpt lat="42.55942" lon="2.23227">
    <ele>957.6000000000001</ele>
   </trkpt>
   <trkpt lat="42.559400000000004" lon="2.2321600000000004">
    <ele>958.3100000000001</ele>
   </trkpt>
   <trkpt lat="42.55932000000001" lon="2.23205">
    <ele>958.3100000000001</ele>
   </trkpt>
   <trkpt lat="42.5593" lon="2.23197">
    <ele>961.0500000000001</ele>
   </trkpt>
   <trkpt lat="42.559290000000004" lon="2.2316700000000003">
    <ele>961.7</ele>
   </trkpt>
   <trkpt lat="42.55923000000001" lon="2.2310800000000004">
    <ele>963.59</ele>
   </trkpt>
   <trkpt lat="42.55912" lon="2.23054">
    <ele>967.22</ele>
   </trkpt>
   <trkpt lat="42.55912" lon="2.2303900000000003">
    <ele>968.3800000000001</ele>
   </trkpt>
   <trkpt lat="42.55915" lon="2.23029">
    <ele>968.3800000000001</ele>
   </trkpt>
   <trkpt lat="42.559200000000004" lon="2.23021">
    <ele>969.46</ele>
   </trkpt>
   <trkpt lat="42.559270000000005" lon="2.23017">
    <ele>969.46</ele>
   </trkpt>
   <trkpt lat="42.559360000000005" lon="2.23017">
    <ele>970.19</ele>
   </trkpt>
   <trkpt lat="42.55944" lon="2.2302000000000004">
    <ele>970.19</ele>
   </trkpt>
   <trkpt lat="42.55953" lon="2.23027">
    <ele>971.7800000000001</ele>
   </trkpt>
   <trkpt lat="42.56002" lon="2.23082">
    <ele>976.0900000000001</ele>
   </trkpt>
   <trkpt lat="42.56007" lon="2.23085">
    <ele>976.0900000000001</ele>
   </trkpt>
   <trkpt lat="42.56013" lon="2.2308600000000003">
    <ele>976.7800000000001</ele>
   </trkpt>
   <trkpt lat="42.560390000000005" lon="2.2307">
    <ele>978.6</ele>
   </trkpt>
   <trkpt lat="42.560500000000005" lon="2.2306700000000004">
    <ele>978.6</ele>
   </trkpt>
   <trkpt lat="42.560590000000005" lon="2.23068">
    <ele>980.5600000000001</ele>
   </trkpt>
   <trkpt lat="42.56071" lon="2.2307300000000003">
    <ele>980.5600000000001</ele>
   </trkpt>
   <trkpt lat="42.56076" lon="2.2307300000000003">
    <ele>980.5600000000001</ele>
   </trkpt>
   <trkpt lat="42.56094" lon="2.2306500000000002">
    <ele>981.0300000000001</ele>
   </trkpt>
   <trkpt lat="42.56116" lon="2.23064">
    <ele>982.07</ele>
   </trkpt>
   <trkpt lat="42.561640000000004" lon="2.2306700000000004">
    <ele>984.0900000000001</ele>
   </trkpt>
   <trkpt lat="42.561780000000006" lon="2.23063">
    <ele>984.0900000000001</ele>
   </trkpt>
   <trkpt lat="42.561980000000005" lon="2.23049">
    <ele>985.44</ele>
   </trkpt>
   <trkpt lat="42.56213" lon="2.2303">
    <ele>986.38</ele>
   </trkpt>
   <trkpt lat="42.56219" lon="2.23028">
    <ele>986.38</ele>
   </trkpt>
   <trkpt lat="42.56226" lon="2.23029">
    <ele>986.38</ele>
   </trkpt>
   <trkpt lat="42.562670000000004" lon="2.23051">
    <ele>989.04</ele>
   </trkpt>
   <trkpt lat="42.56273" lon="2.23051">
    <ele>989.04</ele>
   </trkpt>
   <trkpt lat="42.562780000000004" lon="2.2304700000000004">
    <ele>989.04</ele>
   </trkpt>
   <trkpt lat="42.56282" lon="2.2303900000000003">
    <ele>989.04</ele>
   </trkpt>
   <trkpt lat="42.562870000000004" lon="2.22961">
    <ele>992.89</ele>
   </trkpt>
   <trkpt lat="42.56293" lon="2.2294400000000003">
    <ele>992.89</ele>
   </trkpt>
   <trkpt lat="42.562990000000006" lon="2.2293700000000003">
    <ele>992.89</ele>
   </trkpt>
   <trkpt lat="42.563250000000004" lon="2.22932">
    <ele>994.5</ele>
   </trkpt>
   <trkpt lat="42.563370000000006" lon="2.22922">
    <ele>995.08</ele>
   </trkpt>
   <trkpt lat="42.56344" lon="2.22922">
    <ele>995.08</ele>
   </trkpt>
   <trkpt lat="42.56353" lon="2.22928">
    <ele>995.94</ele>
   </trkpt>
   <trkpt lat="42.56372" lon="2.22932">
    <ele>997.1</ele>
   </trkpt>
   <trkpt lat="42.56396" lon="2.22927">
    <ele>997.8000000000001</ele>
   </trkpt>
   <trkpt lat="42.56409" lon="2.2292">
    <ele>998.1800000000001</ele>
   </trkpt>
   <trkpt lat="42.564310000000006" lon="2.2290200000000002">
    <ele>999.92</ele>
   </trkpt>
   <trkpt lat="42.56434" lon="2.2289700000000003">
    <ele>999.92</ele>
   </trkpt>
   <trkpt lat="42.56434" lon="2.22892">
    <ele>999.92</ele>
   </trkpt>
   <trkpt lat="42.56429000000001" lon="2.2288200000000002">
    <ele>999.98</ele>
   </trkpt>
   <trkpt lat="42.563950000000006" lon="2.22874">
    <ele>1000.72</ele>
   </trkpt>
   <trkpt lat="42.56367" lon="2.22852">
    <ele>1001.63</ele>
   </trkpt>
   <trkpt lat="42.563550000000006" lon="2.22833">
    <ele>1001.63</ele>
   </trkpt>
   <trkpt lat="42.56333" lon="2.2282">
    <ele>1003.5500000000002</ele>
   </trkpt>
   <trkpt lat="42.56324" lon="2.22813">
    <ele>1003.8599999999999</ele>
   </trkpt>
   <trkpt lat="42.56311" lon="2.22785">
    <ele>1004.4399999999999</ele>
   </trkpt>
   <trkpt lat="42.563050000000004" lon="2.22778">
    <ele>1004.4399999999999</ele>
   </trkpt>
   <trkpt lat="42.56298" lon="2.22773">
    <ele>1005.0799999999999</ele>
   </trkpt>
   <trkpt lat="42.5626" lon="2.2277">
    <ele>1005.9600000000002</ele>
   </trkpt>
   <trkpt lat="42.56246" lon="2.2276700000000003">
    <ele>1005.9600000000002</ele>
   </trkpt>
   <trkpt lat="42.56183" lon="2.2273300000000003">
    <ele>1007.71</ele>
   </trkpt>
   <trkpt lat="42.56172" lon="2.2273">
    <ele>1007.71</ele>
   </trkpt>
   <trkpt lat="42.561440000000005" lon="2.22731">
    <ele>1009.29</ele>
   </trkpt>
   <trkpt lat="42.561280000000004" lon="2.22725">
    <ele>1010.35</ele>
   </trkpt>
   <trkpt lat="42.56121" lon="2.22717">
    <ele>1010.82</ele>
   </trkpt>
   <trkpt lat="42.561130000000006" lon="2.2270100000000004">
    <ele>1011.2100000000002</ele>
   </trkpt>
   <trkpt lat="42.56107" lon="2.2267400000000004">
    <ele>1011.5400000000001</ele>
   </trkpt>
   <trkpt lat="42.5611" lon="2.2265200000000003">
    <ele>1012.4699999999999</ele>
   </trkpt>
   <trkpt lat="42.56103" lon="2.2261100000000003">
    <ele>1012.4699999999999</ele>
   </trkpt>
   <trkpt lat="42.56103" lon="2.2259700000000002">
    <ele>1014.14</ele>
   </trkpt>
   <trkpt lat="42.561060000000005" lon="2.2257700000000002">
    <ele>1014.14</ele>
   </trkpt>
   <trkpt lat="42.561150000000005" lon="2.22548">
    <ele>1014.4000000000002</ele>
   </trkpt>
   <trkpt lat="42.56134" lon="2.2253000000000003">
    <ele>1016.07</ele>
   </trkpt>
   <trkpt lat="42.56138000000001" lon="2.22521">
    <ele>1016.07</ele>
   </trkpt>
   <trkpt lat="42.56138000000001" lon="2.22512">
    <ele>1016.07</ele>
   </trkpt>
   <trkpt lat="42.56136" lon="2.22505">
    <ele>1016.07</ele>
   </trkpt>
   <trkpt lat="42.561310000000006" lon="2.2249700000000003">
    <ele>1016.07</ele>
   </trkpt>
   <trkpt lat="42.56120000000001" lon="2.22485">
    <ele>1016.07</ele>
   </trkpt>
   <trkpt lat="42.561130000000006" lon="2.22474">
    <ele>1017.1000000000001</ele>
   </trkpt>
   <trkpt lat="42.560990000000004" lon="2.22445">
    <ele>1017.6</ele>
   </trkpt>
   <trkpt lat="42.560970000000005" lon="2.22434">
    <ele>1017.6</ele>
   </trkpt>
   <trkpt lat="42.56098" lon="2.2242100000000002">
    <ele>1018.1999999999999</ele>
   </trkpt>
   <trkpt lat="42.561110000000006" lon="2.2238700000000002">
    <ele>1019.02</ele>
   </trkpt>
   <trkpt lat="42.56112" lon="2.22379">
    <ele>1019.02</ele>
   </trkpt>
   <trkpt lat="42.5611" lon="2.22373">
    <ele>1019.02</ele>
   </trkpt>
   <trkpt lat="42.561060000000005" lon="2.2236700000000003">
    <ele>1019.2700000000001</ele>
   </trkpt>
   <trkpt lat="42.560860000000005" lon="2.2234700000000003">
    <ele>1019.7500000000001</ele>
   </trkpt>
   <trkpt lat="42.560750000000006" lon="2.22332">
    <ele>1020.9000000000001</ele>
   </trkpt>
   <trkpt lat="42.560700000000004" lon="2.2232100000000004">
    <ele>1020.9000000000001</ele>
   </trkpt>
   <trkpt lat="42.560660000000006" lon="2.2230600000000003">
    <ele>1020.9000000000001</ele>
   </trkpt>
   <trkpt lat="42.56069" lon="2.2224700000000004">
    <ele>1023.29</ele>
   </trkpt>
   <trkpt lat="42.56083" lon="2.22209">
    <ele>1023.7700000000001</ele>
   </trkpt>
   <trkpt lat="42.560810000000004" lon="2.22194">
    <ele>1024.01</ele>
   </trkpt>
   <trkpt lat="42.56076" lon="2.22187">
    <ele>1024.01</ele>
   </trkpt>
   <trkpt lat="42.560680000000005" lon="2.22181">
    <ele>1024.39</ele>
   </trkpt>
   <trkpt lat="42.560570000000006" lon="2.22168">
    <ele>1024.61</ele>
   </trkpt>
   <trkpt lat="42.559990000000006" lon="2.22135">
    <ele>1028.07</ele>
   </trkpt>
   <trkpt lat="42.559920000000005" lon="2.22129">
    <ele>1028.07</ele>
   </trkpt>
   <trkpt lat="42.55978" lon="2.22105">
    <ele>1028.07</ele>
   </trkpt>
   <trkpt lat="42.559760000000004" lon="2.2209700000000003">
    <ele>1028.07</ele>
   </trkpt>
   <trkpt lat="42.55979000000001" lon="2.22074">
    <ele>1029.08</ele>
   </trkpt>
   <trkpt lat="42.55988000000001" lon="2.22059">
    <ele>1029.08</ele>
   </trkpt>
   <trkpt lat="42.55991" lon="2.2204300000000003">
    <ele>1029.08</ele>
   </trkpt>
   <trkpt lat="42.559900000000006" lon="2.2203500000000003">
    <ele>1029.08</ele>
   </trkpt>
   <trkpt lat="42.55973" lon="2.21991">
    <ele>1030.54</ele>
   </trkpt>
   <trkpt lat="42.55971" lon="2.2195500000000004">
    <ele>1031.8400000000001</ele>
   </trkpt>
   <trkpt lat="42.55973" lon="2.21943">
    <ele>1031.8400000000001</ele>
   </trkpt>
   <trkpt lat="42.559870000000004" lon="2.21923">
    <ele>1032.38</ele>
   </trkpt>
   <trkpt lat="42.55993" lon="2.21917">
    <ele>1033.15</ele>
   </trkpt>
   <trkpt lat="42.560100000000006" lon="2.2190800000000004">
    <ele>1033.15</ele>
   </trkpt>
   <trkpt lat="42.560190000000006" lon="2.21895">
    <ele>1035.05</ele>
   </trkpt>
   <trkpt lat="42.56036" lon="2.2184500000000003">
    <ele>1036.22</ele>
   </trkpt>
   <trkpt lat="42.560410000000005" lon="2.21837">
    <ele>1036.22</ele>
   </trkpt>
   <trkpt lat="42.56051" lon="2.21827">
    <ele>1037.47</ele>
   </trkpt>
   <trkpt lat="42.560750000000006" lon="2.2181200000000003">
    <ele>1038.3999999999999</ele>
   </trkpt>
   <trkpt lat="42.560950000000005" lon="2.2181100000000002">
    <ele>1039.08</ele>
   </trkpt>
   <trkpt lat="42.561330000000005" lon="2.21815">
    <ele>1040.24</ele>
   </trkpt>
   <trkpt lat="42.56154" lon="2.21802">
    <ele>1040.24</ele>
   </trkpt>
   <trkpt lat="42.56176000000001" lon="2.21808">
    <ele>1040.89</ele>
   </trkpt>
   <trkpt lat="42.56185000000001" lon="2.2180600000000004">
    <ele>1040.89</ele>
   </trkpt>
   <trkpt lat="42.56195" lon="2.21797">
    <ele>1041.4800000000002</ele>
   </trkpt>
   <trkpt lat="42.56223000000001" lon="2.21762">
    <ele>1042.0900000000001</ele>
   </trkpt>
   <trkpt lat="42.5623" lon="2.2175800000000003">
    <ele>1042.0900000000001</ele>
   </trkpt>
   <trkpt lat="42.56242" lon="2.21756">
    <ele>1042.0900000000001</ele>
   </trkpt>
   <trkpt lat="42.56251" lon="2.2175000000000002">
    <ele>1043.3400000000001</ele>
   </trkpt>
   <trkpt lat="42.56270000000001" lon="2.21734">
    <ele>1043.3400000000001</ele>
   </trkpt>
   <trkpt lat="42.562760000000004" lon="2.2172500000000004">
    <ele>1043.7800000000002</ele>
   </trkpt>
   <trkpt lat="42.562780000000004" lon="2.21719">
    <ele>1043.7800000000002</ele>
   </trkpt>
   <trkpt lat="42.562760000000004" lon="2.2171100000000004">
    <ele>1043.7800000000002</ele>
   </trkpt>
   <trkpt lat="42.562520000000006" lon="2.21667">
    <ele>1044.8600000000001</ele>
   </trkpt>
   <trkpt lat="42.562380000000005" lon="2.21645">
    <ele>1045.11</ele>
   </trkpt>
   <trkpt lat="42.56226" lon="2.2161600000000004">
    <ele>1045.5800000000002</ele>
   </trkpt>
   <trkpt lat="42.56213" lon="2.216">
    <ele>1046.23</ele>
   </trkpt>
   <trkpt lat="42.56204" lon="2.2159500000000003">
    <ele>1046.23</ele>
   </trkpt>
   <trkpt lat="42.561980000000005" lon="2.2158900000000004">
    <ele>1046.23</ele>
   </trkpt>
   <trkpt lat="42.56194000000001" lon="2.2157500000000003">
    <ele>1046.93</ele>
   </trkpt>
   <trkpt lat="42.56195" lon="2.2156900000000004">
    <ele>1046.93</ele>
   </trkpt>
   <trkpt lat="42.562380000000005" lon="2.21529">
    <ele>1048.5500000000002</ele>
   </trkpt>
   <trkpt lat="42.56259" lon="2.21516">
    <ele>1049.28</ele>
   </trkpt>
   <trkpt lat="42.562740000000005" lon="2.21502">
    <ele>1049.74</ele>
   </trkpt>
   <trkpt lat="42.56302" lon="2.21461">
    <ele>1050.18</ele>
   </trkpt>
   <trkpt lat="42.56313" lon="2.2141800000000003">
    <ele>1051.0300000000002</ele>
   </trkpt>
   <trkpt lat="42.56315" lon="2.2137800000000003">
    <ele>1051.39</ele>
   </trkpt>
   <trkpt lat="42.56327" lon="2.21339">
    <ele>1052.01</ele>
   </trkpt>
   <trkpt lat="42.56329" lon="2.21322">
    <ele>1052.92</ele>
   </trkpt>
   <trkpt lat="42.563280000000006" lon="2.21306">
    <ele>1053.6100000000001</ele>
   </trkpt>
   <trkpt lat="42.563210000000005" lon="2.21278">
    <ele>1054.15</ele>
   </trkpt>
   <trkpt lat="42.563230000000004" lon="2.21259">
    <ele>1054.27</ele>
   </trkpt>
   <trkpt lat="42.563210000000005" lon="2.21247">
    <ele>1054.72</ele>
   </trkpt>
   <trkpt lat="42.56308000000001" lon="2.21225">
    <ele>1055.6000000000001</ele>
   </trkpt>
   <trkpt lat="42.563010000000006" lon="2.21207">
    <ele>1056.44</ele>
   </trkpt>
   <trkpt lat="42.56298" lon="2.2119600000000004">
    <ele>1056.44</ele>
   </trkpt>
   <trkpt lat="42.56298" lon="2.2118700000000002">
    <ele>1056.8000000000002</ele>
   </trkpt>
   <trkpt lat="42.563010000000006" lon="2.2118200000000003">
    <ele>1056.8000000000002</ele>
   </trkpt>
   <trkpt lat="42.56315" lon="2.21172">
    <ele>1057.1200000000001</ele>
   </trkpt>
   <trkpt lat="42.563250000000004" lon="2.2116100000000003">
    <ele>1057.43</ele>
   </trkpt>
   <trkpt lat="42.563320000000004" lon="2.2115">
    <ele>1057.6100000000001</ele>
   </trkpt>
   <trkpt lat="42.56338" lon="2.2113300000000002">
    <ele>1057.6100000000001</ele>
   </trkpt>
   <trkpt lat="42.5634" lon="2.2112100000000003">
    <ele>1058.3</ele>
   </trkpt>
   <trkpt lat="42.56338" lon="2.2104700000000004">
    <ele>1059.46</ele>
   </trkpt>
   <trkpt lat="42.563300000000005" lon="2.20987">
    <ele>1060.92</ele>
   </trkpt>
   <trkpt lat="42.563320000000004" lon="2.2098">
    <ele>1061.1200000000001</ele>
   </trkpt>
   <trkpt lat="42.56354" lon="2.2095100000000003">
    <ele>1061.53</ele>
   </trkpt>
   <trkpt lat="42.56356" lon="2.2094300000000002">
    <ele>1061.53</ele>
   </trkpt>
   <trkpt lat="42.56354" lon="2.20909">
    <ele>1061.82</ele>
   </trkpt>
   <trkpt lat="42.563610000000004" lon="2.2086300000000003">
    <ele>1062.4600000000003</ele>
   </trkpt>
   <trkpt lat="42.563610000000004" lon="2.20844">
    <ele>1062.72</ele>
   </trkpt>
   <trkpt lat="42.56356" lon="2.2079">
    <ele>1064.88</ele>
   </trkpt>
   <trkpt lat="42.563590000000005" lon="2.20771">
    <ele>1064.88</ele>
   </trkpt>
   <trkpt lat="42.56365" lon="2.2075400000000003">
    <ele>1066.15</ele>
   </trkpt>
   <trkpt lat="42.56378" lon="2.2074200000000004">
    <ele>1067.41</ele>
   </trkpt>
   <trkpt lat="42.563860000000005" lon="2.2074100000000003">
    <ele>1067.7</ele>
   </trkpt>
   <trkpt lat="42.563930000000006" lon="2.2074200000000004">
    <ele>1068.2</ele>
   </trkpt>
   <trkpt lat="42.564" lon="2.20751">
    <ele>1068.2</ele>
   </trkpt>
   <trkpt lat="42.564240000000005" lon="2.20805">
    <ele>1071.9</ele>
   </trkpt>
   <trkpt lat="42.564440000000005" lon="2.20872">
    <ele>1075.11</ele>
   </trkpt>
   <trkpt lat="42.564510000000006" lon="2.2089000000000003">
    <ele>1075.66</ele>
   </trkpt>
   <trkpt lat="42.56466" lon="2.20907">
    <ele>1076.53</ele>
   </trkpt>
   <trkpt lat="42.564820000000005" lon="2.20919">
    <ele>1078.5</ele>
   </trkpt>
   <trkpt lat="42.564960000000006" lon="2.2092300000000002">
    <ele>1078.5</ele>
   </trkpt>
   <trkpt lat="42.565220000000004" lon="2.2092400000000003">
    <ele>1082.3100000000002</ele>
   </trkpt>
   <trkpt lat="42.565310000000004" lon="2.20922">
    <ele>1082.3100000000002</ele>
   </trkpt>
   <trkpt lat="42.565380000000005" lon="2.2091700000000003">
    <ele>1083.0000000000002</ele>
   </trkpt>
   <trkpt lat="42.56542" lon="2.20908">
    <ele>1083.0300000000002</ele>
   </trkpt>
   <trkpt lat="42.56537" lon="2.2087700000000003">
    <ele>1083.79</ele>
   </trkpt>
   <trkpt lat="42.565380000000005" lon="2.20866">
    <ele>1083.79</ele>
   </trkpt>
   <trkpt lat="42.56557" lon="2.2078">
    <ele>1085.0900000000001</ele>
   </trkpt>
   <trkpt lat="42.56561000000001" lon="2.2074100000000003">
    <ele>1086.0700000000002</ele>
   </trkpt>
   <trkpt lat="42.56570000000001" lon="2.2071">
    <ele>1087.3799999999999</ele>
   </trkpt>
   <trkpt lat="42.56575" lon="2.20704">
    <ele>1087.3799999999999</ele>
   </trkpt>
   <trkpt lat="42.565810000000006" lon="2.2070000000000003">
    <ele>1087.3799999999999</ele>
   </trkpt>
   <trkpt lat="42.56597" lon="2.2070100000000004">
    <ele>1088.09</ele>
   </trkpt>
   <trkpt lat="42.566100000000006" lon="2.20705">
    <ele>1088.69</ele>
   </trkpt>
   <trkpt lat="42.566430000000004" lon="2.20722">
    <ele>1090.8600000000001</ele>
   </trkpt>
   <trkpt lat="42.566500000000005" lon="2.20723">
    <ele>1091.26</ele>
   </trkpt>
   <trkpt lat="42.56656" lon="2.2072100000000003">
    <ele>1091.26</ele>
   </trkpt>
   <trkpt lat="42.566810000000004" lon="2.2070700000000003">
    <ele>1091.68</ele>
   </trkpt>
   <trkpt lat="42.567" lon="2.2070100000000004">
    <ele>1092.1100000000001</ele>
   </trkpt>
   <trkpt lat="42.56736" lon="2.20682">
    <ele>1093.08</ele>
   </trkpt>
   <trkpt lat="42.56763" lon="2.20677">
    <ele>1094.71</ele>
   </trkpt>
   <trkpt lat="42.56776000000001" lon="2.20664">
    <ele>1094.71</ele>
   </trkpt>
   <trkpt lat="42.56785" lon="2.2064000000000004">
    <ele>1095.55</ele>
   </trkpt>
   <trkpt lat="42.56792" lon="2.2063">
    <ele>1096.74</ele>
   </trkpt>
   <trkpt lat="42.567980000000006" lon="2.2062600000000003">
    <ele>1096.74</ele>
   </trkpt>
   <trkpt lat="42.56806" lon="2.2062500000000003">
    <ele>1096.74</ele>
   </trkpt>
   <trkpt lat="42.568450000000006" lon="2.20631">
    <ele>1098.1000000000001</ele>
   </trkpt>
   <trkpt lat="42.569010000000006" lon="2.2063300000000003">
    <ele>1100.0700000000002</ele>
   </trkpt>
   <trkpt lat="42.569050000000004" lon="2.20629">
    <ele>1100.0700000000002</ele>
   </trkpt>
   <trkpt lat="42.569140000000004" lon="2.20581">
    <ele>1100.6299999999999</ele>
   </trkpt>
   <trkpt lat="42.5692" lon="2.20568">
    <ele>1101.2900000000002</ele>
   </trkpt>
   <trkpt lat="42.56927" lon="2.2056">
    <ele>1101.5300000000002</ele>
   </trkpt>
   <trkpt lat="42.56938" lon="2.2054300000000002">
    <ele>1102.19</ele>
   </trkpt>
   <trkpt lat="42.56951" lon="2.20527">
    <ele>1102.19</ele>
   </trkpt>
   <trkpt lat="42.569880000000005" lon="2.20499">
    <ele>1103.7400000000002</ele>
   </trkpt>
   <trkpt lat="42.57020000000001" lon="2.20465">
    <ele>1105.19</ele>
   </trkpt>
   <trkpt lat="42.570310000000006" lon="2.20459">
    <ele>1105.4400000000003</ele>
   </trkpt>
   <trkpt lat="42.570440000000005" lon="2.2045600000000003">
    <ele>1106.02</ele>
   </trkpt>
   <trkpt lat="42.570620000000005" lon="2.2046400000000004">
    <ele>1106.02</ele>
   </trkpt>
   <trkpt lat="42.57077" lon="2.20485">
    <ele>1107.38</ele>
   </trkpt>
   <trkpt lat="42.570890000000006" lon="2.20506">
    <ele>1107.38</ele>
   </trkpt>
   <trkpt lat="42.57094" lon="2.20509">
    <ele>1107.38</ele>
   </trkpt>
   <trkpt lat="42.57103" lon="2.20507">
    <ele>1108.0800000000002</ele>
   </trkpt>
   <trkpt lat="42.57141" lon="2.20488">
    <ele>1108.26</ele>
   </trkpt>
   <trkpt lat="42.57157" lon="2.2047600000000003">
    <ele>1109.01</ele>
   </trkpt>
   <trkpt lat="42.571740000000005" lon="2.20426">
    <ele>1109.52</ele>
   </trkpt>
   <trkpt lat="42.5718" lon="2.2041600000000003">
    <ele>1109.52</ele>
   </trkpt>
   <trkpt lat="42.57186" lon="2.20411">
    <ele>1109.52</ele>
   </trkpt>
   <trkpt lat="42.57211" lon="2.2040200000000003">
    <ele>1110.72</ele>
   </trkpt>
   <trkpt lat="42.57222" lon="2.2040300000000004">
    <ele>1110.72</ele>
   </trkpt>
   <trkpt lat="42.572320000000005" lon="2.2040800000000003">
    <ele>1110.72</ele>
   </trkpt>
   <trkpt lat="42.572480000000006" lon="2.2042200000000003">
    <ele>1111.31</ele>
   </trkpt>
   <trkpt lat="42.57256" lon="2.20426">
    <ele>1111.31</ele>
   </trkpt>
   <trkpt lat="42.572660000000006" lon="2.2042800000000002">
    <ele>1112.15</ele>
   </trkpt>
   <trkpt lat="42.57284000000001" lon="2.2042800000000002">
    <ele>1112.15</ele>
   </trkpt>
   <trkpt lat="42.57298" lon="2.20431">
    <ele>1112.15</ele>
   </trkpt>
   <trkpt lat="42.573170000000005" lon="2.20439">
    <ele>1113.07</ele>
   </trkpt>
   <trkpt lat="42.573240000000006" lon="2.20439">
    <ele>1113.07</ele>
   </trkpt>
   <trkpt lat="42.5733" lon="2.20434">
    <ele>1113.8400000000001</ele>
   </trkpt>
   <trkpt lat="42.57332" lon="2.20425">
    <ele>1113.8400000000001</ele>
   </trkpt>
   <trkpt lat="42.573330000000006" lon="2.2039500000000003">
    <ele>1114.53</ele>
   </trkpt>
   <trkpt lat="42.573350000000005" lon="2.2038200000000003">
    <ele>1114.53</ele>
   </trkpt>
   <trkpt lat="42.57339" lon="2.20371">
    <ele>1114.53</ele>
   </trkpt>
   <trkpt lat="42.573460000000004" lon="2.20359">
    <ele>1115.5700000000002</ele>
   </trkpt>
   <trkpt lat="42.573530000000005" lon="2.2035400000000003">
    <ele>1115.5700000000002</ele>
   </trkpt>
   <trkpt lat="42.573890000000006" lon="2.2036200000000004">
    <ele>1116.09</ele>
   </trkpt>
   <trkpt lat="42.573980000000006" lon="2.20363">
    <ele>1116.09</ele>
   </trkpt>
   <trkpt lat="42.57405000000001" lon="2.2036000000000002">
    <ele>1116.77</ele>
   </trkpt>
   <trkpt lat="42.574090000000005" lon="2.2035500000000003">
    <ele>1116.77</ele>
   </trkpt>
   <trkpt lat="42.57417" lon="2.20309">
    <ele>1117.5400000000002</ele>
   </trkpt>
   <trkpt lat="42.574250000000006" lon="2.20298">
    <ele>1117.5400000000002</ele>
   </trkpt>
   <trkpt lat="42.57464" lon="2.2026000000000003">
    <ele>1119.3000000000002</ele>
   </trkpt>
   <trkpt lat="42.57482" lon="2.2023800000000002">
    <ele>1119.79</ele>
   </trkpt>
   <trkpt lat="42.57528000000001" lon="2.2021900000000003">
    <ele>1121.69</ele>
   </trkpt>
   <trkpt lat="42.57544" lon="2.20216">
    <ele>1122.3400000000001</ele>
   </trkpt>
   <trkpt lat="42.575570000000006" lon="2.20216">
    <ele>1122.54</ele>
   </trkpt>
   <trkpt lat="42.576100000000004" lon="2.2022700000000004">
    <ele>1122.65</ele>
   </trkpt>
   <trkpt lat="42.576220000000006" lon="2.2022500000000003">
    <ele>1122.83</ele>
   </trkpt>
   <trkpt lat="42.57649000000001" lon="2.20217">
    <ele>1123.43</ele>
   </trkpt>
   <trkpt lat="42.57665" lon="2.20216">
    <ele>1123.61</ele>
   </trkpt>
   <trkpt lat="42.57694" lon="2.20222">
    <ele>1124.09</ele>
   </trkpt>
   <trkpt lat="42.577220000000004" lon="2.20236">
    <ele>1125.2900000000002</ele>
   </trkpt>
   <trkpt lat="42.57726" lon="2.20242">
    <ele>1125.44</ele>
   </trkpt>
   <trkpt lat="42.57732" lon="2.20269">
    <ele>1125.8400000000001</ele>
   </trkpt>
   <trkpt lat="42.577400000000004" lon="2.2028700000000003">
    <ele>1125.8400000000001</ele>
   </trkpt>
   <trkpt lat="42.577560000000005" lon="2.20311">
    <ele>1126.41</ele>
   </trkpt>
   <trkpt lat="42.57768" lon="2.20325">
    <ele>1126.41</ele>
   </trkpt>
   <trkpt lat="42.57777" lon="2.2034000000000002">
    <ele>1126.8200000000002</ele>
   </trkpt>
   <trkpt lat="42.577960000000004" lon="2.2036100000000003">
    <ele>1127.07</ele>
   </trkpt>
   <trkpt lat="42.57815" lon="2.20387">
    <ele>1127.44</ele>
   </trkpt>
   <trkpt lat="42.578230000000005" lon="2.2038800000000003">
    <ele>1127.5900000000001</ele>
   </trkpt>
   <trkpt lat="42.57829" lon="2.20386">
    <ele>1127.64</ele>
   </trkpt>
   <trkpt lat="42.57833" lon="2.2038">
    <ele>1127.66</ele>
   </trkpt>
   <trkpt lat="42.57833" lon="2.2037">
    <ele>1127.6200000000001</ele>
   </trkpt>
   <trkpt lat="42.57828000000001" lon="2.2036200000000004">
    <ele>1127.38</ele>
   </trkpt>
   <trkpt lat="42.578140000000005" lon="2.2029900000000002">
    <ele>1127.2900000000002</ele>
   </trkpt>
   <trkpt lat="42.57815" lon="2.2028000000000003">
    <ele>1127.6200000000001</ele>
   </trkpt>
   <trkpt lat="42.57822" lon="2.2024500000000002">
    <ele>1128.06</ele>
   </trkpt>
   <trkpt lat="42.57824" lon="2.2021">
    <ele>1128.49</ele>
   </trkpt>
   <trkpt lat="42.57833" lon="2.20162">
    <ele>1130.18</ele>
   </trkpt>
   <trkpt lat="42.578300000000006" lon="2.20127">
    <ele>1130.46</ele>
   </trkpt>
   <trkpt lat="42.578210000000006" lon="2.20095">
    <ele>1131.6200000000001</ele>
   </trkpt>
   <trkpt lat="42.57822" lon="2.20085">
    <ele>1131.8000000000002</ele>
   </trkpt>
   <trkpt lat="42.57829" lon="2.2007700000000003">
    <ele>1131.8600000000001</ele>
   </trkpt>
   <trkpt lat="42.578430000000004" lon="2.20068">
    <ele>1132.0</ele>
   </trkpt>
   <trkpt lat="42.578570000000006" lon="2.20053">
    <ele>1132.1000000000001</ele>
   </trkpt>
   <trkpt lat="42.57875000000001" lon="2.2001600000000003">
    <ele>1132.5400000000002</ele>
   </trkpt>
   <trkpt lat="42.57887" lon="2.1999600000000004">
    <ele>1132.7800000000002</ele>
   </trkpt>
   <trkpt lat="42.57934" lon="2.1993300000000002">
    <ele>1133.65</ele>
   </trkpt>
   <trkpt lat="42.57958" lon="2.1989">
    <ele>1134.18</ele>
   </trkpt>
   <trkpt lat="42.579660000000004" lon="2.19884">
    <ele>1134.18</ele>
   </trkpt>
   <trkpt lat="42.579730000000005" lon="2.19884">
    <ele>1134.47</ele>
   </trkpt>
   <trkpt lat="42.580020000000005" lon="2.1989300000000003">
    <ele>1134.67</ele>
   </trkpt>
   <trkpt lat="42.58021" lon="2.19895">
    <ele>1135.16</ele>
   </trkpt>
   <trkpt lat="42.580490000000005" lon="2.1989300000000003">
    <ele>1135.51</ele>
   </trkpt>
   <trkpt lat="42.580830000000006" lon="2.1988600000000003">
    <ele>1135.7700000000002</ele>
   </trkpt>
   <trkpt lat="42.58117" lon="2.19864">
    <ele>1135.95</ele>
   </trkpt>
   <trkpt lat="42.581590000000006" lon="2.1985400000000004">
    <ele>1136.17</ele>
   </trkpt>
   <trkpt lat="42.58176" lon="2.19858">
    <ele>1136.32</ele>
   </trkpt>
   <trkpt lat="42.58189" lon="2.1985900000000003">
    <ele>1136.32</ele>
   </trkpt>
   <trkpt lat="42.581950000000006" lon="2.19857">
    <ele>1136.83</ele>
   </trkpt>
   <trkpt lat="42.58202" lon="2.1986000000000003">
    <ele>1136.83</ele>
   </trkpt>
   <trkpt lat="42.58209" lon="2.1986600000000003">
    <ele>1136.95</ele>
   </trkpt>
   <trkpt lat="42.582150000000006" lon="2.1986600000000003">
    <ele>1136.98</ele>
   </trkpt>
   <trkpt lat="42.5822" lon="2.1986100000000004">
    <ele>1136.97</ele>
   </trkpt>
   <trkpt lat="42.58223" lon="2.19851">
    <ele>1136.97</ele>
   </trkpt>
   <trkpt lat="42.582240000000006" lon="2.1983900000000003">
    <ele>1136.8500000000001</ele>
   </trkpt>
   <trkpt lat="42.582190000000004" lon="2.19821">
    <ele>1136.83</ele>
   </trkpt>
   <trkpt lat="42.582080000000005" lon="2.1980500000000003">
    <ele>1136.88</ele>
   </trkpt>
   <trkpt lat="42.58194" lon="2.19767">
    <ele>1137.1200000000001</ele>
   </trkpt>
   <trkpt lat="42.58189" lon="2.19748">
    <ele>1137.34</ele>
   </trkpt>
   <trkpt lat="42.58182" lon="2.1973200000000004">
    <ele>1137.5900000000001</ele>
   </trkpt>
   <trkpt lat="42.581540000000004" lon="2.19694">
    <ele>1138.38</ele>
   </trkpt>
   <trkpt lat="42.58153" lon="2.19685">
    <ele>1138.38</ele>
   </trkpt>
   <trkpt lat="42.58155" lon="2.19675">
    <ele>1138.47</ele>
   </trkpt>
   <trkpt lat="42.58165" lon="2.1965600000000003">
    <ele>1138.5700000000002</ele>
   </trkpt>
   <trkpt lat="42.58182" lon="2.1963700000000004">
    <ele>1138.9</ele>
   </trkpt>
   <trkpt lat="42.581990000000005" lon="2.19612">
    <ele>1139.3300000000002</ele>
   </trkpt>
   <trkpt lat="42.58211" lon="2.1960100000000002">
    <ele>1139.45</ele>
   </trkpt>
   <trkpt lat="42.582190000000004" lon="2.19598">
    <ele>1139.71</ele>
   </trkpt>
   <trkpt lat="42.582390000000004" lon="2.19597">
    <ele>1139.71</ele>
   </trkpt>
   <trkpt lat="42.58245" lon="2.1959">
    <ele>1139.71</ele>
   </trkpt>
   <trkpt lat="42.582570000000004" lon="2.19566">
    <ele>1139.99</ele>
   </trkpt>
   <trkpt lat="42.58267" lon="2.19558">
    <ele>1140.12</ele>
   </trkpt>
   <trkpt lat="42.58283" lon="2.1955400000000003">
    <ele>1140.43</ele>
   </trkpt>
   <trkpt lat="42.583040000000004" lon="2.19538">
    <ele>1141.01</ele>
   </trkpt>
   <trkpt lat="42.583180000000006" lon="2.19537">
    <ele>1141.2</ele>
   </trkpt>
   <trkpt lat="42.58324" lon="2.19538">
    <ele>1141.2</ele>
   </trkpt>
   <trkpt lat="42.583360000000006" lon="2.19551">
    <ele>1141.2</ele>
   </trkpt>
   <trkpt lat="42.58348" lon="2.19558">
    <ele>1141.96</ele>
   </trkpt>
   <trkpt lat="42.58364" lon="2.19585">
    <ele>1142.1000000000001</ele>
   </trkpt>
   <trkpt lat="42.58375" lon="2.19648">
    <ele>1143.6399999999999</ele>
   </trkpt>
   <trkpt lat="42.583780000000004" lon="2.19653">
    <ele>1143.66</ele>
   </trkpt>
   <trkpt lat="42.583850000000005" lon="2.19653">
    <ele>1143.6200000000001</ele>
   </trkpt>
   <trkpt lat="42.583890000000004" lon="2.19647">
    <ele>1143.6200000000001</ele>
   </trkpt>
   <trkpt lat="42.583920000000006" lon="2.19634">
    <ele>1143.3200000000002</ele>
   </trkpt>
   <trkpt lat="42.58393" lon="2.19613">
    <ele>1143.24</ele>
   </trkpt>
   <trkpt lat="42.584010000000006" lon="2.1956700000000002">
    <ele>1143.41</ele>
   </trkpt>
   <trkpt lat="42.58404" lon="2.19485">
    <ele>1143.97</ele>
   </trkpt>
   <trkpt lat="42.58406" lon="2.19477">
    <ele>1143.97</ele>
   </trkpt>
   <trkpt lat="42.58411" lon="2.1947200000000002">
    <ele>1143.81</ele>
   </trkpt>
   <trkpt lat="42.58444" lon="2.19458">
    <ele>1143.93</ele>
   </trkpt>
   <trkpt lat="42.5846" lon="2.1944600000000003">
    <ele>1143.99</ele>
   </trkpt>
   <trkpt lat="42.584770000000006" lon="2.19421">
    <ele>1144.7800000000002</ele>
   </trkpt>
   <trkpt lat="42.585" lon="2.1936">
    <ele>1146.23</ele>
   </trkpt>
   <trkpt lat="42.585100000000004" lon="2.19315">
    <ele>1147.9099999999999</ele>
   </trkpt>
   <trkpt lat="42.58509" lon="2.193">
    <ele>1149.28</ele>
   </trkpt>
   <trkpt lat="42.58502" lon="2.1926900000000002">
    <ele>1151.1</ele>
   </trkpt>
   <trkpt lat="42.58502" lon="2.19255">
    <ele>1151.1</ele>
   </trkpt>
   <trkpt lat="42.58505" lon="2.19245">
    <ele>1152.3600000000001</ele>
   </trkpt>
   <trkpt lat="42.58512" lon="2.19234">
    <ele>1152.96</ele>
   </trkpt>
   <trkpt lat="42.5852" lon="2.19227">
    <ele>1154.08</ele>
   </trkpt>
   <trkpt lat="42.585420000000006" lon="2.19219">
    <ele>1155.25</ele>
   </trkpt>
   <trkpt lat="42.58559" lon="2.19204">
    <ele>1155.25</ele>
   </trkpt>
   <trkpt lat="42.58568" lon="2.1918800000000003">
    <ele>1159.28</ele>
   </trkpt>
   <trkpt lat="42.585770000000004" lon="2.1916">
    <ele>1159.28</ele>
   </trkpt>
   <trkpt lat="42.5859" lon="2.1913">
    <ele>1160.69</ele>
   </trkpt>
   <trkpt lat="42.585910000000005" lon="2.19057">
    <ele>1163.3500000000001</ele>
   </trkpt>
   <trkpt lat="42.58585" lon="2.18987">
    <ele>1167.92</ele>
   </trkpt>
   <trkpt lat="42.58588" lon="2.1898">
    <ele>1167.92</ele>
   </trkpt>
   <trkpt lat="42.585930000000005" lon="2.18974">
    <ele>1168.52</ele>
   </trkpt>
   <trkpt lat="42.58599" lon="2.1897200000000003">
    <ele>1168.52</ele>
   </trkpt>
   <trkpt lat="42.58605" lon="2.18974">
    <ele>1168.52</ele>
   </trkpt>
   <trkpt lat="42.58621" lon="2.18989">
    <ele>1170.53</ele>
   </trkpt>
   <trkpt lat="42.58632" lon="2.18995">
    <ele>1171.14</ele>
   </trkpt>
   <trkpt lat="42.586450000000006" lon="2.1899800000000003">
    <ele>1171.7900000000002</ele>
   </trkpt>
   <trkpt lat="42.58668" lon="2.1899900000000003">
    <ele>1173.07</ele>
   </trkpt>
   <trkpt lat="42.586800000000004" lon="2.18996">
    <ele>1175.1200000000001</ele>
   </trkpt>
   <trkpt lat="42.586890000000004" lon="2.1899">
    <ele>1175.1200000000001</ele>
   </trkpt>
   <trkpt lat="42.58708" lon="2.1896600000000004">
    <ele>1177.38</ele>
   </trkpt>
   <trkpt lat="42.587300000000006" lon="2.18927">
    <ele>1180.69</ele>
   </trkpt>
   <trkpt lat="42.5874" lon="2.18914">
    <ele>1180.69</ele>
   </trkpt>
   <trkpt lat="42.58766000000001" lon="2.1889000000000003">
    <ele>1183.14</ele>
   </trkpt>
   <trkpt lat="42.588080000000005" lon="2.18861">
    <ele>1186.59</ele>
   </trkpt>
   <trkpt lat="42.588190000000004" lon="2.18855">
    <ele>1186.59</ele>
   </trkpt>
   <trkpt lat="42.58827" lon="2.1885700000000003">
    <ele>1186.59</ele>
   </trkpt>
   <trkpt lat="42.58831000000001" lon="2.1886200000000002">
    <ele>1189.23</ele>
   </trkpt>
   <trkpt lat="42.58851000000001" lon="2.18894">
    <ele>1189.8300000000002</ele>
   </trkpt>
   <trkpt lat="42.58861" lon="2.1891800000000003">
    <ele>1190.8</ele>
   </trkpt>
   <trkpt lat="42.58878000000001" lon="2.1893700000000003">
    <ele>1193.14</ele>
   </trkpt>
   <trkpt lat="42.588800000000006" lon="2.18949">
    <ele>1193.69</ele>
   </trkpt>
   <trkpt lat="42.58878000000001" lon="2.18976">
    <ele>1194.73</ele>
   </trkpt>
   <trkpt lat="42.58881" lon="2.1899100000000002">
    <ele>1195.6100000000001</ele>
   </trkpt>
   <trkpt lat="42.588930000000005" lon="2.1902700000000004">
    <ele>1197.47</ele>
   </trkpt>
   <trkpt lat="42.58899" lon="2.19035">
    <ele>1198.97</ele>
   </trkpt>
   <trkpt lat="42.589110000000005" lon="2.19043">
    <ele>1198.97</ele>
   </trkpt>
   <trkpt lat="42.589220000000005" lon="2.1904600000000003">
    <ele>1198.97</ele>
   </trkpt>
   <trkpt lat="42.58952" lon="2.19043">
    <ele>1201.5200000000002</ele>
   </trkpt>
   <trkpt lat="42.58966" lon="2.19036">
    <ele>1203.3600000000001</ele>
   </trkpt>
   <trkpt lat="42.589940000000006" lon="2.19015">
    <ele>1205.2800000000002</ele>
   </trkpt>
   <trkpt lat="42.590250000000005" lon="2.1897100000000003">
    <ele>1208.18</ele>
   </trkpt>
   <trkpt lat="42.59033" lon="2.1896500000000003">
    <ele>1208.18</ele>
   </trkpt>
   <trkpt lat="42.590410000000006" lon="2.1896400000000003">
    <ele>1209.5800000000002</ele>
   </trkpt>
   <trkpt lat="42.590520000000005" lon="2.1896600000000004">
    <ele>1210.48</ele>
   </trkpt>
   <trkpt lat="42.590740000000004" lon="2.1896400000000003">
    <ele>1212.35</ele>
   </trkpt>
   <trkpt lat="42.59109" lon="2.18955">
    <ele>1214.64</ele>
   </trkpt>
   <trkpt lat="42.5912" lon="2.1895700000000002">
    <ele>1214.64</ele>
   </trkpt>
   <trkpt lat="42.591300000000004" lon="2.18954">
    <ele>1215.89</ele>
   </trkpt>
   <trkpt lat="42.591350000000006" lon="2.18949">
    <ele>1215.89</ele>
   </trkpt>
   <trkpt lat="42.59147" lon="2.18926">
    <ele>1216.75</ele>
   </trkpt>
   <trkpt lat="42.591590000000004" lon="2.18908">
    <ele>1218.3400000000001</ele>
   </trkpt>
   <trkpt lat="42.59187" lon="2.1888300000000003">
    <ele>1221.45</ele>
   </trkpt>
   <trkpt lat="42.591950000000004" lon="2.18873">
    <ele>1221.45</ele>
   </trkpt>
   <trkpt lat="42.59201" lon="2.18859">
    <ele>1221.45</ele>
   </trkpt>
   <trkpt lat="42.59207000000001" lon="2.1879000000000004">
    <ele>1225.57</ele>
   </trkpt>
   <trkpt lat="42.59205" lon="2.1875500000000003">
    <ele>1227.14</ele>
   </trkpt>
   <trkpt lat="42.59192" lon="2.18712">
    <ele>1230.16</ele>
   </trkpt>
   <trkpt lat="42.591910000000006" lon="2.18703">
    <ele>1230.65</ele>
   </trkpt>
   <trkpt lat="42.59197" lon="2.18691">
    <ele>1231.2800000000002</ele>
   </trkpt>
   <trkpt lat="42.59205" lon="2.1868700000000003">
    <ele>1231.2800000000002</ele>
   </trkpt>
   <trkpt lat="42.592360000000006" lon="2.1868700000000003">
    <ele>1233.03</ele>
   </trkpt>
   <trkpt lat="42.592650000000006" lon="2.1868000000000003">
    <ele>1234.65</ele>
   </trkpt>
   <trkpt lat="42.59292000000001" lon="2.18668">
    <ele>1235.6</ele>
   </trkpt>
   <trkpt lat="42.59347" lon="2.18649">
    <ele>1237.93</ele>
   </trkpt>
   <trkpt lat="42.59373" lon="2.1864600000000003">
    <ele>1239.18</ele>
   </trkpt>
   <trkpt lat="42.59393" lon="2.18641">
    <ele>1239.73</ele>
   </trkpt>
   <trkpt lat="42.594030000000004" lon="2.18636">
    <ele>1240.2000000000003</ele>
   </trkpt>
   <trkpt lat="42.59407" lon="2.18629">
    <ele>1240.2300000000002</ele>
   </trkpt>
   <trkpt lat="42.594080000000005" lon="2.18624">
    <ele>1240.28</ele>
   </trkpt>
   <trkpt lat="42.594080000000005" lon="2.18616">
    <ele>1240.28</ele>
   </trkpt>
   <trkpt lat="42.59405" lon="2.18607">
    <ele>1240.4700000000003</ele>
   </trkpt>
   <trkpt lat="42.594" lon="2.18603">
    <ele>1240.4700000000003</ele>
   </trkpt>
   <trkpt lat="42.593920000000004" lon="2.1860000000000004">
    <ele>1240.8100000000002</ele>
   </trkpt>
   <trkpt lat="42.59376" lon="2.18602">
    <ele>1241.21</ele>
   </trkpt>
   <trkpt lat="42.593360000000004" lon="2.18594">
    <ele>1242.9</ele>
   </trkpt>
   <trkpt lat="42.59293" lon="2.1859100000000002">
    <ele>1246.82</ele>
   </trkpt>
   <trkpt lat="42.592830000000006" lon="2.18588">
    <ele>1246.82</ele>
   </trkpt>
   <trkpt lat="42.592670000000005" lon="2.1857">
    <ele>1247.9900000000002</ele>
   </trkpt>
   <trkpt lat="42.59237" lon="2.1852">
    <ele>1251.33</ele>
   </trkpt>
   <trkpt lat="42.592360000000006" lon="2.18513">
    <ele>1251.95</ele>
   </trkpt>
   <trkpt lat="42.59239" lon="2.1850500000000004">
    <ele>1251.95</ele>
   </trkpt>
   <trkpt lat="42.592560000000006" lon="2.18488">
    <ele>1253.3500000000001</ele>
   </trkpt>
   <trkpt lat="42.59272000000001" lon="2.18475">
    <ele>1254.78</ele>
   </trkpt>
   <trkpt lat="42.59292000000001" lon="2.18472">
    <ele>1256.55</ele>
   </trkpt>
   <trkpt lat="42.59301000000001" lon="2.18466">
    <ele>1256.55</ele>
   </trkpt>
   <trkpt lat="42.593090000000004" lon="2.18455">
    <ele>1256.55</ele>
   </trkpt>
   <trkpt lat="42.593160000000005" lon="2.18439">
    <ele>1259.29</ele>
   </trkpt>
   <trkpt lat="42.59319000000001" lon="2.1842">
    <ele>1259.29</ele>
   </trkpt>
   <trkpt lat="42.59317" lon="2.1838300000000004">
    <ele>1260.42</ele>
   </trkpt>
   <trkpt lat="42.59308" lon="2.1834900000000004">
    <ele>1262.0200000000002</ele>
   </trkpt>
   <trkpt lat="42.593070000000004" lon="2.18339">
    <ele>1262.0200000000002</ele>
   </trkpt>
   <trkpt lat="42.59310000000001" lon="2.18333">
    <ele>1264.61</ele>
   </trkpt>
   <trkpt lat="42.593210000000006" lon="2.18326">
    <ele>1264.61</ele>
   </trkpt>
   <trkpt lat="42.59348000000001" lon="2.18323">
    <ele>1266.28</ele>
   </trkpt>
   <trkpt lat="42.593610000000005" lon="2.1832000000000003">
    <ele>1267.4500000000003</ele>
   </trkpt>
   <trkpt lat="42.594240000000006" lon="2.1829">
    <ele>1271.98</ele>
   </trkpt>
   <trkpt lat="42.59438" lon="2.1828100000000004">
    <ele>1273.2700000000002</ele>
   </trkpt>
   <trkpt lat="42.594550000000005" lon="2.1826600000000003">
    <ele>1274.21</ele>
   </trkpt>
   <trkpt lat="42.594820000000006" lon="2.18236">
    <ele>1276.3300000000002</ele>
   </trkpt>
   <trkpt lat="42.59499" lon="2.1822700000000004">
    <ele>1278.01</ele>
   </trkpt>
   <trkpt lat="42.595220000000005" lon="2.1822000000000004">
    <ele>1280.55</ele>
   </trkpt>
   <trkpt lat="42.59546" lon="2.1820600000000003">
    <ele>1281.86</ele>
   </trkpt>
   <trkpt lat="42.595600000000005" lon="2.18194">
    <ele>1282.99</ele>
   </trkpt>
   <trkpt lat="42.59572" lon="2.1818">
    <ele>1283.8700000000001</ele>
   </trkpt>
   <trkpt lat="42.59584" lon="2.18161">
    <ele>1285.38</ele>
   </trkpt>
   <trkpt lat="42.59588" lon="2.1815">
    <ele>1285.5</ele>
   </trkpt>
   <trkpt lat="42.5959" lon="2.1813700000000003">
    <ele>1285.4800000000002</ele>
   </trkpt>
   <trkpt lat="42.596050000000005" lon="2.18087">
    <ele>1283.91</ele>
   </trkpt>
   <trkpt lat="42.596230000000006" lon="2.1803700000000004">
    <ele>1282.45</ele>
   </trkpt>
   <trkpt lat="42.596250000000005" lon="2.1802300000000003">
    <ele>1281.9900000000002</ele>
   </trkpt>
   <trkpt lat="42.596180000000004" lon="2.17997">
    <ele>1281.74</ele>
   </trkpt>
   <trkpt lat="42.59606" lon="2.1798">
    <ele>1282.0200000000002</ele>
   </trkpt>
   <trkpt lat="42.595980000000004" lon="2.1797500000000003">
    <ele>1282.0200000000002</ele>
   </trkpt>
   <trkpt lat="42.595890000000004" lon="2.1797500000000003">
    <ele>1282.3600000000001</ele>
   </trkpt>
   <trkpt lat="42.595800000000004" lon="2.17978">
    <ele>1282.67</ele>
   </trkpt>
   <trkpt lat="42.595650000000006" lon="2.1798900000000003">
    <ele>1283.5100000000002</ele>
   </trkpt>
   <trkpt lat="42.595310000000005" lon="2.1802400000000004">
    <ele>1285.73</ele>
   </trkpt>
   <trkpt lat="42.59514" lon="2.1806">
    <ele>1288.19</ele>
   </trkpt>
   <trkpt lat="42.59499" lon="2.18081">
    <ele>1288.19</ele>
   </trkpt>
   <trkpt lat="42.59479" lon="2.1809100000000003">
    <ele>1290.31</ele>
   </trkpt>
   <trkpt lat="42.594" lon="2.18115">
    <ele>1293.4800000000002</ele>
   </trkpt>
   <trkpt lat="42.593790000000006" lon="2.18128">
    <ele>1295.02</ele>
   </trkpt>
   <trkpt lat="42.5934" lon="2.18163">
    <ele>1298.22</ele>
   </trkpt>
   <trkpt lat="42.593180000000004" lon="2.1818500000000003">
    <ele>1298.22</ele>
   </trkpt>
   <trkpt lat="42.59306" lon="2.1819300000000004">
    <ele>1299.8</ele>
   </trkpt>
   <trkpt lat="42.59293" lon="2.1819900000000003">
    <ele>1300.51</ele>
   </trkpt>
   <trkpt lat="42.59257" lon="2.1820700000000004">
    <ele>1302.3</ele>
   </trkpt>
   <trkpt lat="42.592490000000005" lon="2.18211">
    <ele>1302.3</ele>
   </trkpt>
   <trkpt lat="42.592310000000005" lon="2.18235">
    <ele>1304.3200000000002</ele>
   </trkpt>
   <trkpt lat="42.59221" lon="2.18256">
    <ele>1305.46</ele>
   </trkpt>
   <trkpt lat="42.59216000000001" lon="2.18283">
    <ele>1306.2</ele>
   </trkpt>
   <trkpt lat="42.59212" lon="2.18291">
    <ele>1306.2</ele>
   </trkpt>
   <trkpt lat="42.59197" lon="2.18303">
    <ele>1307.79</ele>
   </trkpt>
   <trkpt lat="42.591930000000005" lon="2.1831400000000003">
    <ele>1307.79</ele>
   </trkpt>
   <trkpt lat="42.59189000000001" lon="2.1833400000000003">
    <ele>1309.41</ele>
   </trkpt>
   <trkpt lat="42.59183" lon="2.18345">
    <ele>1309.8700000000001</ele>
   </trkpt>
   <trkpt lat="42.59178" lon="2.18352">
    <ele>1309.8700000000001</ele>
   </trkpt>
   <trkpt lat="42.591530000000006" lon="2.1837400000000002">
    <ele>1311.91</ele>
   </trkpt>
   <trkpt lat="42.59143" lon="2.1838900000000003">
    <ele>1312.72</ele>
   </trkpt>
   <trkpt lat="42.591260000000005" lon="2.18424">
    <ele>1314.7700000000002</ele>
   </trkpt>
   <trkpt lat="42.59107" lon="2.1845100000000004">
    <ele>1315.32</ele>
   </trkpt>
   <trkpt lat="42.590970000000006" lon="2.18459">
    <ele>1317.39</ele>
   </trkpt>
   <trkpt lat="42.59073" lon="2.1847000000000003">
    <ele>1318.6200000000001</ele>
   </trkpt>
   <trkpt lat="42.59064" lon="2.18479">
    <ele>1318.6200000000001</ele>
   </trkpt>
   <trkpt lat="42.590520000000005" lon="2.18495">
    <ele>1320.18</ele>
   </trkpt>
   <trkpt lat="42.590390000000006" lon="2.18522">
    <ele>1321.15</ele>
   </trkpt>
   <trkpt lat="42.59029" lon="2.18528">
    <ele>1321.7500000000002</ele>
   </trkpt>
   <trkpt lat="42.590120000000006" lon="2.18534">
    <ele>1322.65</ele>
   </trkpt>
   <trkpt lat="42.59006" lon="2.18541">
    <ele>1322.65</ele>
   </trkpt>
   <trkpt lat="42.58997" lon="2.1857">
    <ele>1323.49</ele>
   </trkpt>
   <trkpt lat="42.58991" lon="2.18577">
    <ele>1323.8</ele>
   </trkpt>
   <trkpt lat="42.58986" lon="2.1858">
    <ele>1323.94</ele>
   </trkpt>
   <trkpt lat="42.589780000000005" lon="2.1858">
    <ele>1324.2600000000002</ele>
   </trkpt>
   <trkpt lat="42.5897" lon="2.18574">
    <ele>1324.2600000000002</ele>
   </trkpt>
   <trkpt lat="42.58929000075391" lon="2.1852999970115428">
    <ele>1325.42</ele>
   </trkpt>
   <trkpt lat="42.58888" lon="2.18486">
    <ele>1327.42</ele>
   </trkpt>
   <trkpt lat="42.58874" lon="2.18468">
    <ele>1329.04</ele>
   </trkpt>
   <trkpt lat="42.58859" lon="2.18445">
    <ele>1329.04</ele>
   </trkpt>
   <trkpt lat="42.588350000000005" lon="2.1840100000000002">
    <ele>1331.16</ele>
   </trkpt>
   <trkpt lat="42.588260000000005" lon="2.18371">
    <ele>1332.8300000000002</ele>
   </trkpt>
   <trkpt lat="42.5882" lon="2.1831">
    <ele>1335.04</ele>
   </trkpt>
   <trkpt lat="42.588150000000006" lon="2.18297">
    <ele>1335.29</ele>
   </trkpt>
   <trkpt lat="42.58809" lon="2.18289">
    <ele>1335.29</ele>
   </trkpt>
   <trkpt lat="42.58793" lon="2.18277">
    <ele>1336.21</ele>
   </trkpt>
   <trkpt lat="42.58784000000001" lon="2.18275">
    <ele>1337.19</ele>
   </trkpt>
   <trkpt lat="42.587700000000005" lon="2.18276">
    <ele>1337.19</ele>
   </trkpt>
   <trkpt lat="42.587590000000006" lon="2.1828000000000003">
    <ele>1338.4900000000002</ele>
   </trkpt>
   <trkpt lat="42.58729" lon="2.18299">
    <ele>1339.0900000000001</ele>
   </trkpt>
   <trkpt lat="42.587210000000006" lon="2.18299">
    <ele>1340.13</ele>
   </trkpt>
   <trkpt lat="42.58648" lon="2.1826100000000004">
    <ele>1342.95</ele>
   </trkpt>
   <trkpt lat="42.586330000000004" lon="2.18249">
    <ele>1343.8500000000001</ele>
   </trkpt>
   <trkpt lat="42.58583" lon="2.1815">
    <ele>1347.08</ele>
   </trkpt>
   <trkpt lat="42.585710000000006" lon="2.18142">
    <ele>1347.08</ele>
   </trkpt>
   <trkpt lat="42.585570000000004" lon="2.1814">
    <ele>1348.5900000000001</ele>
   </trkpt>
   <trkpt lat="42.585460000000005" lon="2.1813200000000004">
    <ele>1350.0</ele>
   </trkpt>
   <trkpt lat="42.585390000000004" lon="2.1811800000000003">
    <ele>1351.0000000000002</ele>
   </trkpt>
   <trkpt lat="42.58523" lon="2.1806400000000004">
    <ele>1353.8700000000001</ele>
   </trkpt>
   <trkpt lat="42.585080000000005" lon="2.1803000000000003">
    <ele>1355.66</ele>
   </trkpt>
   <trkpt lat="42.585040000000006" lon="2.1801700000000004">
    <ele>1357.85</ele>
   </trkpt>
   <trkpt lat="42.585010000000004" lon="2.1796100000000003">
    <ele>1360.3400000000001</ele>
   </trkpt>
   <trkpt lat="42.584900000000005" lon="2.1793400000000003">
    <ele>1362.2500000000002</ele>
   </trkpt>
   <trkpt lat="42.58489" lon="2.17925">
    <ele>1362.2500000000002</ele>
   </trkpt>
   <trkpt lat="42.58491" lon="2.1792000000000002">
    <ele>1363.28</ele>
   </trkpt>
   <trkpt lat="42.584950000000006" lon="2.17918">
    <ele>1363.28</ele>
   </trkpt>
   <trkpt lat="42.584990000000005" lon="2.17919">
    <ele>1363.6000000000001</ele>
   </trkpt>
   <trkpt lat="42.58502" lon="2.17925">
    <ele>1363.88</ele>
   </trkpt>
   <trkpt lat="42.58505" lon="2.17946">
    <ele>1364.48</ele>
   </trkpt>
   <trkpt lat="42.58525" lon="2.18014">
    <ele>1367.0800000000002</ele>
   </trkpt>
   <trkpt lat="42.58554" lon="2.1806200000000002">
    <ele>1368.3</ele>
   </trkpt>
   <trkpt lat="42.58578000000001" lon="2.18081">
    <ele>1369.15</ele>
   </trkpt>
   <trkpt lat="42.586020000000005" lon="2.18092">
    <ele>1371.0800000000002</ele>
   </trkpt>
   <trkpt lat="42.58614" lon="2.18094">
    <ele>1371.0800000000002</ele>
   </trkpt>
   <trkpt lat="42.586684999994226" lon="2.180870000615467">
    <ele>1373.15</ele>
   </trkpt>
   <trkpt lat="42.587230000000005" lon="2.1808">
    <ele>1376.3400000000001</ele>
   </trkpt>
   <trkpt lat="42.587410000000006" lon="2.18075">
    <ele>1376.8600000000001</ele>
   </trkpt>
   <trkpt lat="42.58773" lon="2.18059">
    <ele>1379.3000000000002</ele>
   </trkpt>
   <trkpt lat="42.58785" lon="2.18061">
    <ele>1380.14</ele>
   </trkpt>
   <trkpt lat="42.58832" lon="2.1807800000000004">
    <ele>1383.25</ele>
   </trkpt>
   <trkpt lat="42.58838" lon="2.1807700000000003">
    <ele>1384.27</ele>
   </trkpt>
   <trkpt lat="42.5884" lon="2.1807100000000004">
    <ele>1384.27</ele>
   </trkpt>
   <trkpt lat="42.588370000000005" lon="2.1806200000000002">
    <ele>1384.8100000000002</ele>
   </trkpt>
   <trkpt lat="42.58804000000001" lon="2.18054">
    <ele>1385.91</ele>
   </trkpt>
   <trkpt lat="42.587860000000006" lon="2.18046">
    <ele>1388.97</ele>
   </trkpt>
   <trkpt lat="42.58766000000001" lon="2.1804300000000003">
    <ele>1388.97</ele>
   </trkpt>
   <trkpt lat="42.58726" lon="2.18048">
    <ele>1391.17</ele>
   </trkpt>
   <trkpt lat="42.587120000000006" lon="2.18046">
    <ele>1391.17</ele>
   </trkpt>
   <trkpt lat="42.58688" lon="2.1803600000000003">
    <ele>1393.66</ele>
   </trkpt>
   <trkpt lat="42.58608" lon="2.1801500000000003">
    <ele>1400.53</ele>
   </trkpt>
   <trkpt lat="42.586000000000006" lon="2.18011">
    <ele>1400.53</ele>
   </trkpt>
   <trkpt lat="42.58596" lon="2.18004">
    <ele>1400.53</ele>
   </trkpt>
   <trkpt lat="42.58594" lon="2.1799600000000003">
    <ele>1400.53</ele>
   </trkpt>
   <trkpt lat="42.58594" lon="2.1798300000000004">
    <ele>1400.53</ele>
   </trkpt>
   <trkpt lat="42.58605" lon="2.1788600000000002">
    <ele>1404.3300000000002</ele>
   </trkpt>
   <trkpt lat="42.585930000000005" lon="2.1782500000000002">
    <ele>1408.2100000000003</ele>
   </trkpt>
   <trkpt lat="42.585980000000006" lon="2.1779100000000002">
    <ele>1409.66</ele>
   </trkpt>
   <trkpt lat="42.585980000000006" lon="2.1777900000000003">
    <ele>1411.9</ele>
   </trkpt>
   <trkpt lat="42.585820000000005" lon="2.17701">
    <ele>1415.3300000000002</ele>
   </trkpt>
   <trkpt lat="42.585730000000005" lon="2.17675">
    <ele>1415.3300000000002</ele>
   </trkpt>
   <trkpt lat="42.58572" lon="2.17661">
    <ele>1416.7200000000003</ele>
   </trkpt>
   <trkpt lat="42.585730000000005" lon="2.17587">
    <ele>1419.8700000000001</ele>
   </trkpt>
   <trkpt lat="42.58583" lon="2.1755400000000003">
    <ele>1421.16</ele>
   </trkpt>
   <trkpt lat="42.586110000000005" lon="2.1748700000000003">
    <ele>1424.92</ele>
   </trkpt>
   <trkpt lat="42.58625000000001" lon="2.17469">
    <ele>1426.1000000000001</ele>
   </trkpt>
   <trkpt lat="42.586600000000004" lon="2.17431">
    <ele>1429.5000000000002</ele>
   </trkpt>
   <trkpt lat="42.58673" lon="2.17423">
    <ele>1429.5000000000002</ele>
   </trkpt>
   <trkpt lat="42.5869" lon="2.1741800000000002">
    <ele>1429.5000000000002</ele>
   </trkpt>
   <trkpt lat="42.58710000000001" lon="2.1740600000000003">
    <ele>1430.69</ele>
   </trkpt>
   <trkpt lat="42.58757000000001" lon="2.1737100000000003">
    <ele>1434.0400000000002</ele>
   </trkpt>
   <trkpt lat="42.58782" lon="2.17349">
    <ele>1435.4900000000002</ele>
   </trkpt>
   <trkpt lat="42.588265001151605" lon="2.1730200031534004">
    <ele>1437.25</ele>
   </trkpt>
   <trkpt lat="42.588710000000006" lon="2.17255">
    <ele>1439.7000000000003</ele>
   </trkpt>
   <trkpt lat="42.58879" lon="2.17246">
    <ele>1441.8600000000001</ele>
   </trkpt>
   <trkpt lat="42.588890000000006" lon="2.1722900000000003">
    <ele>1442.77</ele>
   </trkpt>
   <trkpt lat="42.588950000000004" lon="2.17213">
    <ele>1443.7300000000002</ele>
   </trkpt>
   <trkpt lat="42.58897" lon="2.172">
    <ele>1445.27</ele>
   </trkpt>
   <trkpt lat="42.5889" lon="2.1718800000000003">
    <ele>1447.4300000000003</ele>
   </trkpt>
   <trkpt lat="42.58881" lon="2.17186">
    <ele>1447.5200000000002</ele>
   </trkpt>
   <trkpt lat="42.5887" lon="2.1718200000000003">
    <ele>1447.99</ele>
   </trkpt>
   <trkpt lat="42.588210000000004" lon="2.1714900000000004">
    <ele>1450.38</ele>
   </trkpt>
   <trkpt lat="42.58804000000001" lon="2.1714200000000003">
    <ele>1452.2100000000003</ele>
   </trkpt>
   <trkpt lat="42.587860000000006" lon="2.1714100000000003">
    <ele>1453.39</ele>
   </trkpt>
   <trkpt lat="42.58735" lon="2.17158">
    <ele>1456.8200000000002</ele>
   </trkpt>
   <trkpt lat="42.58722" lon="2.17171">
    <ele>1458.18</ele>
   </trkpt>
   <trkpt lat="42.58713" lon="2.1718900000000003">
    <ele>1458.92</ele>
   </trkpt>
   <trkpt lat="42.58708" lon="2.17204">
    <ele>1460.47</ele>
   </trkpt>
   <trkpt lat="42.587030000000006" lon="2.17212">
    <ele>1460.47</ele>
   </trkpt>
   <trkpt lat="42.586890000000004" lon="2.17221">
    <ele>1462.2</ele>
   </trkpt>
   <trkpt lat="42.58673" lon="2.1722400000000004">
    <ele>1462.8300000000002</ele>
   </trkpt>
   <trkpt lat="42.58652" lon="2.17221">
    <ele>1464.6100000000001</ele>
   </trkpt>
   <trkpt lat="42.5861" lon="2.172">
    <ele>1468.01</ele>
   </trkpt>
   <trkpt lat="42.586000000000006" lon="2.1720200000000003">
    <ele>1469.4600000000003</ele>
   </trkpt>
   <trkpt lat="42.585750000000004" lon="2.17212">
    <ele>1470.8600000000001</ele>
   </trkpt>
   <trkpt lat="42.58549" lon="2.1721700000000004">
    <ele>1472.0900000000001</ele>
   </trkpt>
   <trkpt lat="42.585300000000004" lon="2.1722300000000003">
    <ele>1474.6100000000001</ele>
   </trkpt>
   <trkpt lat="42.585150000000006" lon="2.17225">
    <ele>1474.6100000000001</ele>
   </trkpt>
   <trkpt lat="42.584900000000005" lon="2.17221">
    <ele>1477.24</ele>
   </trkpt>
   <trkpt lat="42.58478" lon="2.17225">
    <ele>1477.94</ele>
   </trkpt>
   <trkpt lat="42.58467" lon="2.17232">
    <ele>1478.6800000000003</ele>
   </trkpt>
   <trkpt lat="42.58457000000001" lon="2.1723700000000004">
    <ele>1480.22</ele>
   </trkpt>
   <trkpt lat="42.58442" lon="2.17241">
    <ele>1480.92</ele>
   </trkpt>
   <trkpt lat="42.58429" lon="2.1724900000000003">
    <ele>1481.93</ele>
   </trkpt>
   <trkpt lat="42.584230000000005" lon="2.1725800000000004">
    <ele>1483.21</ele>
   </trkpt>
   <trkpt lat="42.58404" lon="2.1730300000000002">
    <ele>1485.0200000000002</ele>
   </trkpt>
   <trkpt lat="42.58391" lon="2.17343">
    <ele>1486.96</ele>
   </trkpt>
   <trkpt lat="42.58375" lon="2.1738500000000003">
    <ele>1491.3500000000001</ele>
   </trkpt>
   <trkpt lat="42.583470000000005" lon="2.1742600000000003">
    <ele>1493.45</ele>
   </trkpt>
   <trkpt lat="42.58337" lon="2.17462">
    <ele>1495.33</ele>
   </trkpt>
   <trkpt lat="42.5833" lon="2.1750100000000003">
    <ele>1498.1100000000001</ele>
   </trkpt>
   <trkpt lat="42.58306" lon="2.17571">
    <ele>1500.4400000000003</ele>
   </trkpt>
   <trkpt lat="42.58272" lon="2.17638">
    <ele>1506.97</ele>
   </trkpt>
   <trkpt lat="42.582570000000004" lon="2.1768300000000003">
    <ele>1508.24</ele>
   </trkpt>
   <trkpt lat="42.58229" lon="2.17742">
    <ele>1511.47</ele>
   </trkpt>
   <trkpt lat="42.58205" lon="2.17775">
    <ele>1514.85</ele>
   </trkpt>
   <trkpt lat="42.58198" lon="2.1779300000000004">
    <ele>1517.45</ele>
   </trkpt>
   <trkpt lat="42.58176" lon="2.1783">
    <ele>1518.82</ele>
   </trkpt>
   <trkpt lat="42.58164" lon="2.17844">
    <ele>1518.82</ele>
   </trkpt>
   <trkpt lat="42.58146000000001" lon="2.1785400000000004">
    <ele>1521.73</ele>
   </trkpt>
   <trkpt lat="42.58138" lon="2.17855">
    <ele>1522.61</ele>
   </trkpt>
   <trkpt lat="42.58129" lon="2.1785400000000004">
    <ele>1522.61</ele>
   </trkpt>
   <trkpt lat="42.58064" lon="2.1783">
    <ele>1528.4</ele>
   </trkpt>
   <trkpt lat="42.58052000000001" lon="2.17829">
    <ele>1529.0700000000002</ele>
   </trkpt>
   <trkpt lat="42.580420000000004" lon="2.17822">
    <ele>1529.64</ele>
   </trkpt>
   <trkpt lat="42.58023" lon="2.17721">
    <ele>1534.5900000000001</ele>
   </trkpt>
   <trkpt lat="42.58023" lon="2.1769000000000003">
    <ele>1536.82</ele>
   </trkpt>
   <trkpt lat="42.580200000000005" lon="2.17673">
    <ele>1536.82</ele>
   </trkpt>
   <trkpt lat="42.58015" lon="2.17659">
    <ele>1538.5000000000002</ele>
   </trkpt>
   <trkpt lat="42.580090000000006" lon="2.17648">
    <ele>1539.13</ele>
   </trkpt>
   <trkpt lat="42.57997" lon="2.1763700000000004">
    <ele>1540.31</ele>
   </trkpt>
   <trkpt lat="42.579860000000004" lon="2.17633">
    <ele>1540.31</ele>
   </trkpt>
   <trkpt lat="42.57954" lon="2.17628">
    <ele>1543.8200000000002</ele>
   </trkpt>
   <trkpt lat="42.579460000000005" lon="2.1762300000000003">
    <ele>1543.8200000000002</ele>
   </trkpt>
   <trkpt lat="42.57938" lon="2.17614">
    <ele>1544.5300000000002</ele>
   </trkpt>
   <trkpt lat="42.57932" lon="2.17599">
    <ele>1545.22</ele>
   </trkpt>
   <trkpt lat="42.579260000000005" lon="2.17592">
    <ele>1545.22</ele>
   </trkpt>
   <trkpt lat="42.57918" lon="2.17586">
    <ele>1547.23</ele>
   </trkpt>
   <trkpt lat="42.57889" lon="2.17585">
    <ele>1549.3700000000001</ele>
   </trkpt>
   <trkpt lat="42.578810000000004" lon="2.1758">
    <ele>1550.03</ele>
   </trkpt>
   <trkpt lat="42.57873" lon="2.17572">
    <ele>1550.03</ele>
   </trkpt>
   <trkpt lat="42.57867" lon="2.1756100000000003">
    <ele>1552.25</ele>
   </trkpt>
   <trkpt lat="42.57862" lon="2.17545">
    <ele>1552.25</ele>
   </trkpt>
   <trkpt lat="42.578570000000006" lon="2.1752000000000002">
    <ele>1553.5700000000002</ele>
   </trkpt>
   <trkpt lat="42.57856" lon="2.1748800000000004">
    <ele>1556.6100000000001</ele>
   </trkpt>
   <trkpt lat="42.57873" lon="2.17448">
    <ele>1558.0200000000002</ele>
   </trkpt>
   <trkpt lat="42.57876" lon="2.1743400000000004">
    <ele>1558.95</ele>
   </trkpt>
   <trkpt lat="42.57876" lon="2.1742500000000002">
    <ele>1559.76</ele>
   </trkpt>
   <trkpt lat="42.57871" lon="2.17409">
    <ele>1560.3300000000002</ele>
   </trkpt>
   <trkpt lat="42.578540000000004" lon="2.17388">
    <ele>1562.5500000000002</ele>
   </trkpt>
   <trkpt lat="42.57847" lon="2.1738500000000003">
    <ele>1562.5500000000002</ele>
   </trkpt>
   <trkpt lat="42.5782" lon="2.1738000000000004">
    <ele>1564.64</ele>
   </trkpt>
   <trkpt lat="42.577760000000005" lon="2.1736600000000004">
    <ele>1567.23</ele>
   </trkpt>
   <trkpt lat="42.577630000000006" lon="2.1736600000000004">
    <ele>1568.91</ele>
   </trkpt>
   <trkpt lat="42.57737" lon="2.1738000000000004">
    <ele>1571.2</ele>
   </trkpt>
   <trkpt lat="42.57725000000001" lon="2.1739300000000004">
    <ele>1571.2</ele>
   </trkpt>
   <trkpt lat="42.577110000000005" lon="2.17415">
    <ele>1573.6000000000001</ele>
   </trkpt>
   <trkpt lat="42.57696000000001" lon="2.1743200000000003">
    <ele>1575.23</ele>
   </trkpt>
   <trkpt lat="42.576600000000006" lon="2.1745300000000003">
    <ele>1578.44</ele>
   </trkpt>
   <trkpt lat="42.57632" lon="2.1745400000000004">
    <ele>1579.73</ele>
   </trkpt>
   <trkpt lat="42.57602000000001" lon="2.17458">
    <ele>1581.83</ele>
   </trkpt>
   <trkpt lat="42.57576" lon="2.1745400000000004">
    <ele>1583.45</ele>
   </trkpt>
   <trkpt lat="42.575660000000006" lon="2.17457">
    <ele>1584.8600000000001</ele>
   </trkpt>
   <trkpt lat="42.575480000000006" lon="2.1746800000000004">
    <ele>1587.29</ele>
   </trkpt>
   <trkpt lat="42.575390000000006" lon="2.1747">
    <ele>1587.29</ele>
   </trkpt>
   <trkpt lat="42.57531" lon="2.1746800000000004">
    <ele>1587.94</ele>
   </trkpt>
   <trkpt lat="42.575230000000005" lon="2.17463">
    <ele>1587.94</ele>
   </trkpt>
   <trkpt lat="42.57482" lon="2.1741300000000003">
    <ele>1592.03</ele>
   </trkpt>
   <trkpt lat="42.57468" lon="2.17403">
    <ele>1593.11</ele>
   </trkpt>
   <trkpt lat="42.574490000000004" lon="2.1739800000000002">
    <ele>1596.3600000000001</ele>
   </trkpt>
   <trkpt lat="42.57401" lon="2.1740500000000003">
    <ele>1599.3100000000002</ele>
   </trkpt>
   <trkpt lat="42.57395" lon="2.17401">
    <ele>1599.7500000000002</ele>
   </trkpt>
   <trkpt lat="42.573910000000005" lon="2.17396">
    <ele>1599.91</ele>
   </trkpt>
   <trkpt lat="42.573820000000005" lon="2.1733200000000004">
    <ele>1601.3700000000001</ele>
   </trkpt>
   <trkpt lat="42.57365" lon="2.1731100000000003">
    <ele>1601.8100000000002</ele>
   </trkpt>
   <trkpt lat="42.57358000000001" lon="2.17254">
    <ele>1602.23</ele>
   </trkpt>
   <trkpt lat="42.57352" lon="2.17239">
    <ele>1602.42</ele>
   </trkpt>
   <trkpt lat="42.573440000000005" lon="2.17225">
    <ele>1602.6</ele>
   </trkpt>
   <trkpt lat="42.57336" lon="2.1721500000000002">
    <ele>1602.6</ele>
   </trkpt>
   <trkpt lat="42.57314" lon="2.17199">
    <ele>1603.2400000000002</ele>
   </trkpt>
   <trkpt lat="42.57227" lon="2.17171">
    <ele>1605.3400000000001</ele>
   </trkpt>
   <trkpt lat="42.57193" lon="2.1715600000000004">
    <ele>1605.4800000000002</ele>
   </trkpt>
   <trkpt lat="42.571760000000005" lon="2.17145">
    <ele>1605.67</ele>
   </trkpt>
   <trkpt lat="42.57137500088324" lon="2.1710099973314696">
    <ele>1606.2500000000002</ele>
   </trkpt>
   <trkpt lat="42.57099" lon="2.17057">
    <ele>1606.43</ele>
   </trkpt>
   <trkpt lat="42.570890000000006" lon="2.1704000000000003">
    <ele>1606.5</ele>
   </trkpt>
   <trkpt lat="42.57059" lon="2.16977">
    <ele>1607.3300000000002</ele>
   </trkpt>
   <trkpt lat="42.57041" lon="2.16935">
    <ele>1608.66</ele>
   </trkpt>
   <trkpt lat="42.57029" lon="2.16868">
    <ele>1609.96</ele>
   </trkpt>
   <trkpt lat="42.57012" lon="2.16792">
    <ele>1611.5700000000002</ele>
   </trkpt>
   <trkpt lat="42.57003" lon="2.1678100000000002">
    <ele>1612.14</ele>
   </trkpt>
   <trkpt lat="42.56958" lon="2.1674700000000002">
    <ele>1613.49</ele>
   </trkpt>
   <trkpt lat="42.569280000000006" lon="2.16732">
    <ele>1614.41</ele>
   </trkpt>
   <trkpt lat="42.56906" lon="2.1671500000000004">
    <ele>1614.89</ele>
   </trkpt>
   <trkpt lat="42.568780000000004" lon="2.1668600000000002">
    <ele>1615.5600000000002</ele>
   </trkpt>
   <trkpt lat="42.568650000000005" lon="2.1666600000000003">
    <ele>1615.93</ele>
   </trkpt>
   <trkpt lat="42.56848" lon="2.16621">
    <ele>1617.04</ele>
   </trkpt>
   <trkpt lat="42.568270000000005" lon="2.16604">
    <ele>1617.69</ele>
   </trkpt>
   <trkpt lat="42.56814000000001" lon="2.1659100000000002">
    <ele>1618.5600000000002</ele>
   </trkpt>
   <trkpt lat="42.568070000000006" lon="2.16577">
    <ele>1618.88</ele>
   </trkpt>
   <trkpt lat="42.56797" lon="2.1655">
    <ele>1619.2900000000002</ele>
   </trkpt>
   <trkpt lat="42.56785" lon="2.16493">
    <ele>1620.2900000000002</ele>
   </trkpt>
   <trkpt lat="42.567780000000006" lon="2.1646900000000002">
    <ele>1621.55</ele>
   </trkpt>
   <trkpt lat="42.5677" lon="2.16454">
    <ele>1621.91</ele>
   </trkpt>
   <trkpt lat="42.567350000000005" lon="2.16412">
    <ele>1624.2800000000002</ele>
   </trkpt>
   <trkpt lat="42.567080000000004" lon="2.16385">
    <ele>1625.04</ele>
   </trkpt>
   <trkpt lat="42.566990000000004" lon="2.16372">
    <ele>1626.16</ele>
   </trkpt>
   <trkpt lat="42.566900000000004" lon="2.16346">
    <ele>1627.65</ele>
   </trkpt>
   <trkpt lat="42.56685" lon="2.16325">
    <ele>1628.93</ele>
   </trkpt>
   <trkpt lat="42.566790000000005" lon="2.16264">
    <ele>1632.3100000000002</ele>
   </trkpt>
   <trkpt lat="42.56665" lon="2.1621200000000003">
    <ele>1636.15</ele>
   </trkpt>
   <trkpt lat="42.566370000000006" lon="2.16187">
    <ele>1638.2</ele>
   </trkpt>
   <trkpt lat="42.56624" lon="2.16181">
    <ele>1638.2</ele>
   </trkpt>
   <trkpt lat="42.5658" lon="2.16174">
    <ele>1642.73</ele>
   </trkpt>
   <trkpt lat="42.56566" lon="2.16169">
    <ele>1643.55</ele>
   </trkpt>
   <trkpt lat="42.565540000000006" lon="2.1615900000000003">
    <ele>1643.55</ele>
   </trkpt>
   <trkpt lat="42.565200000000004" lon="2.1611000000000002">
    <ele>1646.0500000000002</ele>
   </trkpt>
   <trkpt lat="42.565000000000005" lon="2.16087">
    <ele>1647.19</ele>
   </trkpt>
   <trkpt lat="42.56486" lon="2.16067">
    <ele>1648.77</ele>
   </trkpt>
   <trkpt lat="42.56474" lon="2.16047">
    <ele>1648.77</ele>
   </trkpt>
   <trkpt lat="42.564620000000005" lon="2.16014">
    <ele>1649.9</ele>
   </trkpt>
   <trkpt lat="42.56458000000001" lon="2.1600900000000003">
    <ele>1649.9</ele>
   </trkpt>
   <trkpt lat="42.56452" lon="2.16006">
    <ele>1650.6900000000003</ele>
   </trkpt>
   <trkpt lat="42.564440000000005" lon="2.1600800000000002">
    <ele>1650.6900000000003</ele>
   </trkpt>
   <trkpt lat="42.56439" lon="2.1601600000000003">
    <ele>1650.6900000000003</ele>
   </trkpt>
   <trkpt lat="42.56438000000001" lon="2.1602400000000004">
    <ele>1650.6900000000003</ele>
   </trkpt>
   <trkpt lat="42.564600000000006" lon="2.16101">
    <ele>1655.61</ele>
   </trkpt>
   <trkpt lat="42.56458000000001" lon="2.1617100000000002">
    <ele>1658.1100000000001</ele>
   </trkpt>
   <trkpt lat="42.56461" lon="2.1620000000000004">
    <ele>1659.67</ele>
   </trkpt>
   <trkpt lat="42.56468" lon="2.16218">
    <ele>1660.8100000000002</ele>
   </trkpt>
   <trkpt lat="42.564780000000006" lon="2.16236">
    <ele>1661.28</ele>
   </trkpt>
   <trkpt lat="42.565110000000004" lon="2.1626600000000002">
    <ele>1663.92</ele>
   </trkpt>
   <trkpt lat="42.56551" lon="2.16326">
    <ele>1666.8</ele>
   </trkpt>
   <trkpt lat="42.565580000000004" lon="2.1634100000000003">
    <ele>1668.74</ele>
   </trkpt>
   <trkpt lat="42.56575" lon="2.16391">
    <ele>1670.98</ele>
   </trkpt>
   <trkpt lat="42.565760000000004" lon="2.16399">
    <ele>1671.3600000000001</ele>
   </trkpt>
   <trkpt lat="42.565740000000005" lon="2.16406">
    <ele>1671.64</ele>
   </trkpt>
   <trkpt lat="42.56564" lon="2.16418">
    <ele>1672.0700000000002</ele>
   </trkpt>
   <trkpt lat="42.565560000000005" lon="2.16421">
    <ele>1672.0700000000002</ele>
   </trkpt>
   <trkpt lat="42.56544" lon="2.1642200000000003">
    <ele>1672.66</ele>
   </trkpt>
   <trkpt lat="42.564980000000006" lon="2.1641600000000003">
    <ele>1674.43</ele>
   </trkpt>
   <trkpt lat="42.56474" lon="2.16411">
    <ele>1675.44</ele>
   </trkpt>
   <trkpt lat="42.564600000000006" lon="2.16405">
    <ele>1675.8100000000002</ele>
   </trkpt>
   <trkpt lat="42.564490000000006" lon="2.1639700000000004">
    <ele>1676.4</ele>
   </trkpt>
   <trkpt lat="42.56407" lon="2.16325">
    <ele>1679.31</ele>
   </trkpt>
   <trkpt lat="42.56374" lon="2.16283">
    <ele>1681.01</ele>
   </trkpt>
   <trkpt lat="42.563570000000006" lon="2.16244">
    <ele>1682.5</ele>
   </trkpt>
   <trkpt lat="42.563430000000004" lon="2.1621900000000003">
    <ele>1683.54</ele>
   </trkpt>
   <trkpt lat="42.56336" lon="2.16197">
    <ele>1684.3400000000001</ele>
   </trkpt>
   <trkpt lat="42.56335000000001" lon="2.1615300000000004">
    <ele>1686.2500000000002</ele>
   </trkpt>
   <trkpt lat="42.56333" lon="2.1614">
    <ele>1686.98</ele>
   </trkpt>
   <trkpt lat="42.56329" lon="2.16133">
    <ele>1688.91</ele>
   </trkpt>
   <trkpt lat="42.563250000000004" lon="2.1613">
    <ele>1688.91</ele>
   </trkpt>
   <trkpt lat="42.563190000000006" lon="2.1613">
    <ele>1688.91</ele>
   </trkpt>
   <trkpt lat="42.56313" lon="2.16135">
    <ele>1689.2600000000002</ele>
   </trkpt>
   <trkpt lat="42.563100000000006" lon="2.16143">
    <ele>1689.8700000000001</ele>
   </trkpt>
   <trkpt lat="42.56306" lon="2.16183">
    <ele>1691.66</ele>
   </trkpt>
   <trkpt lat="42.56295" lon="2.16228">
    <ele>1693.27</ele>
   </trkpt>
   <trkpt lat="42.562940000000005" lon="2.16245">
    <ele>1694.56</ele>
   </trkpt>
   <trkpt lat="42.562960000000004" lon="2.1627500000000004">
    <ele>1696.4800000000002</ele>
   </trkpt>
   <trkpt lat="42.562940000000005" lon="2.16292">
    <ele>1696.4800000000002</ele>
   </trkpt>
   <trkpt lat="42.56286" lon="2.16306">
    <ele>1696.9900000000002</ele>
   </trkpt>
   <trkpt lat="42.5628" lon="2.1630800000000003">
    <ele>1697.96</ele>
   </trkpt>
   <trkpt lat="42.56268" lon="2.1630800000000003">
    <ele>1697.96</ele>
   </trkpt>
   <trkpt lat="42.56253" lon="2.16297">
    <ele>1699.5300000000002</ele>
   </trkpt>
   <trkpt lat="42.56214000000001" lon="2.16263">
    <ele>1699.64</ele>
   </trkpt>
   <trkpt lat="42.56201" lon="2.16242">
    <ele>1699.1</ele>
   </trkpt>
   <trkpt lat="42.561960000000006" lon="2.1622600000000003">
    <ele>1698.0900000000001</ele>
   </trkpt>
   <trkpt lat="42.56188" lon="2.1621">
    <ele>1697.5200000000002</ele>
   </trkpt>
   <trkpt lat="42.56175" lon="2.16194">
    <ele>1696.3000000000002</ele>
   </trkpt>
   <trkpt lat="42.561370000625566" lon="2.1615449975394414">
    <ele>1695.44</ele>
   </trkpt>
   <trkpt lat="42.560990000000004" lon="2.16115">
    <ele>1694.22</ele>
   </trkpt>
   <trkpt lat="42.560860000000005" lon="2.1609800000000003">
    <ele>1693.72</ele>
   </trkpt>
   <trkpt lat="42.560810000000004" lon="2.1607800000000004">
    <ele>1693.2300000000002</ele>
   </trkpt>
   <trkpt lat="42.560790000000004" lon="2.1604300000000003">
    <ele>1692.8500000000001</ele>
   </trkpt>
   <trkpt lat="42.560750000000006" lon="2.16025">
    <ele>1691.0200000000002</ele>
   </trkpt>
   <trkpt lat="42.560660000000006" lon="2.16">
    <ele>1690.67</ele>
   </trkpt>
   <trkpt lat="42.56053" lon="2.1598100000000002">
    <ele>1690.0100000000002</ele>
   </trkpt>
   <trkpt lat="42.560320000000004" lon="2.15964">
    <ele>1688.8100000000002</ele>
   </trkpt>
   <trkpt lat="42.560190000000006" lon="2.1595600000000004">
    <ele>1687.9</ele>
   </trkpt>
   <trkpt lat="42.55959000017257" lon="2.159329997766347">
    <ele>1686.8</ele>
   </trkpt>
   <trkpt lat="42.55899" lon="2.1591">
    <ele>1687.4700000000003</ele>
   </trkpt>
   <trkpt lat="42.558890000000005" lon="2.1590200000000004">
    <ele>1687.13</ele>
   </trkpt>
   <trkpt lat="42.55883" lon="2.1589300000000002">
    <ele>1687.01</ele>
   </trkpt>
   <trkpt lat="42.55868" lon="2.15855">
    <ele>1685.88</ele>
   </trkpt>
   <trkpt lat="42.55857" lon="2.1584600000000003">
    <ele>1685.5900000000001</ele>
   </trkpt>
   <trkpt lat="42.5585" lon="2.15844">
    <ele>1685.5900000000001</ele>
   </trkpt>
   <trkpt lat="42.558260000000004" lon="2.1584800000000004">
    <ele>1685.1100000000001</ele>
   </trkpt>
   <trkpt lat="42.55792" lon="2.15858">
    <ele>1684.97</ele>
   </trkpt>
   <trkpt lat="42.557750000000006" lon="2.15858">
    <ele>1684.98</ele>
   </trkpt>
   <trkpt lat="42.55767" lon="2.1585400000000003">
    <ele>1684.9</ele>
   </trkpt>
   <trkpt lat="42.557610000000004" lon="2.1584800000000004">
    <ele>1684.9</ele>
   </trkpt>
   <trkpt lat="42.55747" lon="2.15823">
    <ele>1684.9</ele>
   </trkpt>
   <trkpt lat="42.55731" lon="2.15787">
    <ele>1684.1800000000003</ele>
   </trkpt>
   <trkpt lat="42.5572" lon="2.15768">
    <ele>1683.7900000000002</ele>
   </trkpt>
   <trkpt lat="42.55677" lon="2.1571900000000004">
    <ele>1682.13</ele>
   </trkpt>
   <trkpt lat="42.55664" lon="2.15706">
    <ele>1681.0300000000002</ele>
   </trkpt>
   <trkpt lat="42.55653" lon="2.1569800000000003">
    <ele>1681.0300000000002</ele>
   </trkpt>
   <trkpt lat="42.55635" lon="2.15694">
    <ele>1679.37</ele>
   </trkpt>
   <trkpt lat="42.55622" lon="2.1569800000000003">
    <ele>1678.3600000000001</ele>
   </trkpt>
   <trkpt lat="42.5559" lon="2.1571200000000004">
    <ele>1677.13</ele>
   </trkpt>
   <trkpt lat="42.55579" lon="2.15714">
    <ele>1676.7900000000002</ele>
   </trkpt>
   <trkpt lat="42.555510000000005" lon="2.15708">
    <ele>1676.5800000000002</ele>
   </trkpt>
   <trkpt lat="42.55543" lon="2.15707">
    <ele>1676.5800000000002</ele>
   </trkpt>
   <trkpt lat="42.555310000000006" lon="2.1571000000000002">
    <ele>1676.4200000000003</ele>
   </trkpt>
   <trkpt lat="42.55503" lon="2.15723">
    <ele>1675.8100000000002</ele>
   </trkpt>
   <trkpt lat="42.55496" lon="2.15723">
    <ele>1675.67</ele>
   </trkpt>
   <trkpt lat="42.55489" lon="2.1572">
    <ele>1675.34</ele>
   </trkpt>
   <trkpt lat="42.5548" lon="2.15713">
    <ele>1675.34</ele>
   </trkpt>
   <trkpt lat="42.55471" lon="2.1570300000000002">
    <ele>1673.7400000000002</ele>
   </trkpt>
   <trkpt lat="42.554640000000006" lon="2.1569200000000004">
    <ele>1673.7400000000002</ele>
   </trkpt>
   <trkpt lat="42.554590000000005" lon="2.1568">
    <ele>1673.7400000000002</ele>
   </trkpt>
   <trkpt lat="42.55456" lon="2.15662">
    <ele>1673.3500000000001</ele>
   </trkpt>
   <trkpt lat="42.554570000000005" lon="2.15612">
    <ele>1671.43</ele>
   </trkpt>
   <trkpt lat="42.55456" lon="2.1560200000000003">
    <ele>1671.34</ele>
   </trkpt>
   <trkpt lat="42.554500000000004" lon="2.15591">
    <ele>1671.22</ele>
   </trkpt>
   <trkpt lat="42.55449" lon="2.1556200000000003">
    <ele>1671.38</ele>
   </trkpt>
   <trkpt lat="42.55444000000001" lon="2.1553400000000003">
    <ele>1671.38</ele>
   </trkpt>
   <trkpt lat="42.5544" lon="2.1552100000000003">
    <ele>1671.66</ele>
   </trkpt>
   <trkpt lat="42.554190000000006" lon="2.1549500000000004">
    <ele>1671.8100000000002</ele>
   </trkpt>
   <trkpt lat="42.553900000000006" lon="2.15477">
    <ele>1672.3300000000002</ele>
   </trkpt>
   <trkpt lat="42.553580000000004" lon="2.15464">
    <ele>1673.55</ele>
   </trkpt>
   <trkpt lat="42.55346" lon="2.15462">
    <ele>1674.3700000000001</ele>
   </trkpt>
   <trkpt lat="42.553180000000005" lon="2.15469">
    <ele>1676.02</ele>
   </trkpt>
   <trkpt lat="42.55308" lon="2.15469">
    <ele>1676.77</ele>
   </trkpt>
   <trkpt lat="42.552980000000005" lon="2.1546600000000002">
    <ele>1677.58</ele>
   </trkpt>
   <trkpt lat="42.55284" lon="2.15455">
    <ele>1680.0800000000002</ele>
   </trkpt>
   <trkpt lat="42.55247000000001" lon="2.15417">
    <ele>1683.13</ele>
   </trkpt>
   <trkpt lat="42.5519" lon="2.1537300000000004">
    <ele>1688.44</ele>
   </trkpt>
   <trkpt lat="42.551770000000005" lon="2.15367">
    <ele>1688.44</ele>
   </trkpt>
   <trkpt lat="42.55136" lon="2.1536500000000003">
    <ele>1689.46</ele>
   </trkpt>
   <trkpt lat="42.55124" lon="2.1535900000000003">
    <ele>1689.6000000000001</ele>
   </trkpt>
   <trkpt lat="42.551100000000005" lon="2.15347">
    <ele>1689.8400000000001</ele>
   </trkpt>
   <trkpt lat="42.550940000000004" lon="2.15328">
    <ele>1690.44</ele>
   </trkpt>
   <trkpt lat="42.550580000000004" lon="2.15295">
    <ele>1692.76</ele>
   </trkpt>
   <trkpt lat="42.550050000000006" lon="2.15267">
    <ele>1695.47</ele>
   </trkpt>
   <trkpt lat="42.549490000000006" lon="2.1522200000000002">
    <ele>1702.5</ele>
   </trkpt>
   <trkpt lat="42.54934" lon="2.1521600000000003">
    <ele>1702.5</ele>
   </trkpt>
   <trkpt lat="42.54918000000001" lon="2.15214">
    <ele>1704.56</ele>
   </trkpt>
   <trkpt lat="42.549020000000006" lon="2.15219">
    <ele>1706.14</ele>
   </trkpt>
   <trkpt lat="42.548820000000006" lon="2.15221">
    <ele>1707.13</ele>
   </trkpt>
   <trkpt lat="42.54806000000001" lon="2.1521700000000004">
    <ele>1713.2800000000002</ele>
   </trkpt>
   <trkpt lat="42.54795" lon="2.1521500000000002">
    <ele>1714.3300000000002</ele>
   </trkpt>
   <trkpt lat="42.54784" lon="2.15208">
    <ele>1714.93</ele>
   </trkpt>
   <trkpt lat="42.54778" lon="2.15198">
    <ele>1714.93</ele>
   </trkpt>
   <trkpt lat="42.54773" lon="2.15185">
    <ele>1716.5800000000002</ele>
   </trkpt>
   <trkpt lat="42.54769" lon="2.15166">
    <ele>1717.47</ele>
   </trkpt>
   <trkpt lat="42.547670000000004" lon="2.1513400000000003">
    <ele>1719.44</ele>
   </trkpt>
   <trkpt lat="42.547610000000006" lon="2.15104">
    <ele>1721.6200000000001</ele>
   </trkpt>
   <trkpt lat="42.54755" lon="2.1509">
    <ele>1721.6200000000001</ele>
   </trkpt>
   <trkpt lat="42.547250000000005" lon="2.15042">
    <ele>1724.41</ele>
   </trkpt>
   <trkpt lat="42.547140000000006" lon="2.15031">
    <ele>1727.5</ele>
   </trkpt>
   <trkpt lat="42.547050000000006" lon="2.15025">
    <ele>1727.5</ele>
   </trkpt>
   <trkpt lat="42.546670000000006" lon="2.15022">
    <ele>1730.45</ele>
   </trkpt>
   <trkpt lat="42.54655" lon="2.15017">
    <ele>1731.6200000000001</ele>
   </trkpt>
   <trkpt lat="42.54647000000001" lon="2.1501">
    <ele>1731.6200000000001</ele>
   </trkpt>
   <trkpt lat="42.54607" lon="2.1495900000000003">
    <ele>1737.9700000000003</ele>
   </trkpt>
   <trkpt lat="42.54596" lon="2.1495">
    <ele>1737.9700000000003</ele>
   </trkpt>
   <trkpt lat="42.54585" lon="2.1494400000000002">
    <ele>1737.9700000000003</ele>
   </trkpt>
   <trkpt lat="42.54578" lon="2.1494400000000002">
    <ele>1740.69</ele>
   </trkpt>
   <trkpt lat="42.54571000000001" lon="2.14949">
    <ele>1740.69</ele>
   </trkpt>
   <trkpt lat="42.54556" lon="2.1497300000000004">
    <ele>1741.5300000000002</ele>
   </trkpt>
   <trkpt lat="42.54554" lon="2.14983">
    <ele>1741.5300000000002</ele>
   </trkpt>
   <trkpt lat="42.54563" lon="2.15036">
    <ele>1744.96</ele>
   </trkpt>
   <trkpt lat="42.54561" lon="2.15049">
    <ele>1744.96</ele>
   </trkpt>
   <trkpt lat="42.54556" lon="2.1506100000000004">
    <ele>1746.2000000000003</ele>
   </trkpt>
   <trkpt lat="42.54542" lon="2.15076">
    <ele>1746.2000000000003</ele>
   </trkpt>
   <trkpt lat="42.545320000000004" lon="2.15082">
    <ele>1748.02</ele>
   </trkpt>
   <trkpt lat="42.54522" lon="2.15083">
    <ele>1748.02</ele>
   </trkpt>
   <trkpt lat="42.54505" lon="2.15079">
    <ele>1748.93</ele>
   </trkpt>
   <trkpt lat="42.54489" lon="2.1506600000000002">
    <ele>1750.1200000000001</ele>
   </trkpt>
   <trkpt lat="42.544360000000005" lon="2.1504700000000003">
    <ele>1752.5800000000002</ele>
   </trkpt>
   <trkpt lat="42.544250000000005" lon="2.15038">
    <ele>1753.8600000000001</ele>
   </trkpt>
   <trkpt lat="42.54399" lon="2.1499200000000003">
    <ele>1757.68</ele>
   </trkpt>
   <trkpt lat="42.543960000000006" lon="2.14981">
    <ele>1757.68</ele>
   </trkpt>
   <trkpt lat="42.54395" lon="2.1495">
    <ele>1759.5900000000001</ele>
   </trkpt>
   <trkpt lat="42.54393" lon="2.1494">
    <ele>1759.5900000000001</ele>
   </trkpt>
   <trkpt lat="42.54388" lon="2.14929">
    <ele>1760.52</ele>
   </trkpt>
   <trkpt lat="42.54374000000001" lon="2.14915">
    <ele>1761.1200000000001</ele>
   </trkpt>
   <trkpt lat="42.5433" lon="2.14879">
    <ele>1765.14</ele>
   </trkpt>
   <trkpt lat="42.54285" lon="2.1483700000000003">
    <ele>1770.24</ele>
   </trkpt>
   <trkpt lat="42.54249" lon="2.14811">
    <ele>1773.0700000000002</ele>
   </trkpt>
   <trkpt lat="42.542170000000006" lon="2.1478300000000004">
    <ele>1775.3500000000001</ele>
   </trkpt>
   <trkpt lat="42.542060000000006" lon="2.14778">
    <ele>1776.22</ele>
   </trkpt>
   <trkpt lat="42.541760000000004" lon="2.1477000000000004">
    <ele>1778.01</ele>
   </trkpt>
   <trkpt lat="42.541650000000004" lon="2.14765">
    <ele>1778.63</ele>
   </trkpt>
   <trkpt lat="42.5416" lon="2.14759">
    <ele>1778.63</ele>
   </trkpt>
   <trkpt lat="42.54158" lon="2.1474800000000003">
    <ele>1779.8600000000001</ele>
   </trkpt>
   <trkpt lat="42.5416" lon="2.1474">
    <ele>1779.8600000000001</ele>
   </trkpt>
   <trkpt lat="42.54171" lon="2.14733">
    <ele>1780.2900000000002</ele>
   </trkpt>
   <trkpt lat="42.541790000000006" lon="2.1473400000000002">
    <ele>1780.65</ele>
   </trkpt>
   <trkpt lat="42.542320000000004" lon="2.14764">
    <ele>1783.26</ele>
   </trkpt>
   <trkpt lat="42.542570000000005" lon="2.14772">
    <ele>1784.85</ele>
   </trkpt>
   <trkpt lat="42.54285" lon="2.14771">
    <ele>1786.5900000000001</ele>
   </trkpt>
   <trkpt lat="42.54309000000001" lon="2.1476100000000002">
    <ele>1788.73</ele>
   </trkpt>
   <trkpt lat="42.54364" lon="2.1475">
    <ele>1792.17</ele>
   </trkpt>
   <trkpt lat="42.543730000000004" lon="2.14744">
    <ele>1792.17</ele>
   </trkpt>
   <trkpt lat="42.54384" lon="2.1472700000000002">
    <ele>1793.0400000000002</ele>
   </trkpt>
   <trkpt lat="42.543890000000005" lon="2.14699">
    <ele>1795.68</ele>
   </trkpt>
   <trkpt lat="42.543870000000005" lon="2.14686">
    <ele>1795.68</ele>
   </trkpt>
   <trkpt lat="42.54375" lon="2.1465300000000003">
    <ele>1795.68</ele>
   </trkpt>
   <trkpt lat="42.543730000000004" lon="2.14642">
    <ele>1797.95</ele>
   </trkpt>
   <trkpt lat="42.54375" lon="2.14618">
    <ele>1797.95</ele>
   </trkpt>
   <trkpt lat="42.54383000000001" lon="2.14581">
    <ele>1799.5800000000002</ele>
   </trkpt>
   <trkpt lat="42.543820000000004" lon="2.1457200000000003">
    <ele>1800.07</ele>
   </trkpt>
   <trkpt lat="42.543780000000005" lon="2.14564">
    <ele>1800.44</ele>
   </trkpt>
   <trkpt lat="42.543710000000004" lon="2.1456000000000004">
    <ele>1800.5700000000002</ele>
   </trkpt>
   <trkpt lat="42.54366" lon="2.14561">
    <ele>1800.73</ele>
   </trkpt>
   <trkpt lat="42.543580000000006" lon="2.1457300000000004">
    <ele>1800.73</ele>
   </trkpt>
   <trkpt lat="42.54355" lon="2.1462000000000003">
    <ele>1801.26</ele>
   </trkpt>
   <trkpt lat="42.54357" lon="2.14665">
    <ele>1803.0100000000002</ele>
   </trkpt>
   <trkpt lat="42.54356000000001" lon="2.14677">
    <ele>1803.0100000000002</ele>
   </trkpt>
   <trkpt lat="42.54352" lon="2.14686">
    <ele>1803.0100000000002</ele>
   </trkpt>
   <trkpt lat="42.54346" lon="2.1469400000000003">
    <ele>1804.0800000000002</ele>
   </trkpt>
   <trkpt lat="42.54337" lon="2.14697">
    <ele>1804.0800000000002</ele>
   </trkpt>
   <trkpt lat="42.543290000000006" lon="2.14697">
    <ele>1804.5300000000002</ele>
   </trkpt>
   <trkpt lat="42.543150000000004" lon="2.1469400000000003">
    <ele>1805.49</ele>
   </trkpt>
   <trkpt lat="42.543000000000006" lon="2.1468700000000003">
    <ele>1806.0</ele>
   </trkpt>
   <trkpt lat="42.5429" lon="2.14676">
    <ele>1806.8400000000001</ele>
   </trkpt>
   <trkpt lat="42.54274" lon="2.1464800000000004">
    <ele>1808.63</ele>
   </trkpt>
   <trkpt lat="42.542640000000006" lon="2.1463400000000004">
    <ele>1809.5400000000002</ele>
   </trkpt>
   <trkpt lat="42.542590000000004" lon="2.1463200000000002">
    <ele>1810.7900000000002</ele>
   </trkpt>
   <trkpt lat="42.54238" lon="2.14629">
    <ele>1811.9900000000002</ele>
   </trkpt>
   <trkpt lat="42.542260000000006" lon="2.14624">
    <ele>1811.9900000000002</ele>
   </trkpt>
   <trkpt lat="42.54198" lon="2.1460600000000003">
    <ele>1815.1200000000001</ele>
   </trkpt>
   <trkpt lat="42.541720000000005" lon="2.1457800000000002">
    <ele>1816.5300000000002</ele>
   </trkpt>
   <trkpt lat="42.54144" lon="2.14527">
    <ele>1819.97</ele>
   </trkpt>
   <trkpt lat="42.541230000000006" lon="2.14508">
    <ele>1821.77</ele>
   </trkpt>
   <trkpt lat="42.54113" lon="2.14502">
    <ele>1821.77</ele>
   </trkpt>
   <trkpt lat="42.54106" lon="2.145">
    <ele>1823.02</ele>
   </trkpt>
   <trkpt lat="42.54073" lon="2.14502">
    <ele>1825.3400000000001</ele>
   </trkpt>
   <trkpt lat="42.540600000000005" lon="2.1449900000000004">
    <ele>1825.3400000000001</ele>
   </trkpt>
   <trkpt lat="42.54027000000001" lon="2.14487">
    <ele>1828.48</ele>
   </trkpt>
   <trkpt lat="42.540020000000005" lon="2.14473">
    <ele>1829.1200000000001</ele>
   </trkpt>
   <trkpt lat="42.539930000000005" lon="2.1446400000000003">
    <ele>1831.2700000000002</ele>
   </trkpt>
   <trkpt lat="42.539320000000004" lon="2.14386">
    <ele>1836.6700000000003</ele>
   </trkpt>
   <trkpt lat="42.539210000000004" lon="2.14379">
    <ele>1836.6700000000003</ele>
   </trkpt>
   <trkpt lat="42.53891" lon="2.1436900000000003">
    <ele>1839.7800000000002</ele>
   </trkpt>
   <trkpt lat="42.538790000000006" lon="2.1436300000000004">
    <ele>1839.7800000000002</ele>
   </trkpt>
   <trkpt lat="42.53822" lon="2.14326">
    <ele>1843.59</ele>
   </trkpt>
   <trkpt lat="42.53806" lon="2.14312">
    <ele>1845.1200000000001</ele>
   </trkpt>
   <trkpt lat="42.537650000000006" lon="2.14262">
    <ele>1848.8500000000001</ele>
   </trkpt>
   <trkpt lat="42.537310000000005" lon="2.1423400000000004">
    <ele>1852.98</ele>
   </trkpt>
   <trkpt lat="42.53719" lon="2.1422700000000003">
    <ele>1852.98</ele>
   </trkpt>
   <trkpt lat="42.537060000000004" lon="2.14222">
    <ele>1853.97</ele>
   </trkpt>
   <trkpt lat="42.53698000000001" lon="2.14222">
    <ele>1853.97</ele>
   </trkpt>
   <trkpt lat="42.53663" lon="2.1423400000000004">
    <ele>1857.02</ele>
   </trkpt>
   <trkpt lat="42.536500000000004" lon="2.14237">
    <ele>1858.3500000000001</ele>
   </trkpt>
   <trkpt lat="42.536390000000004" lon="2.14237">
    <ele>1858.3500000000001</ele>
   </trkpt>
   <trkpt lat="42.53589" lon="2.14224">
    <ele>1861.5100000000002</ele>
   </trkpt>
   <trkpt lat="42.53575" lon="2.14217">
    <ele>1861.9</ele>
   </trkpt>
   <trkpt lat="42.53558" lon="2.1420000000000003">
    <ele>1861.8600000000001</ele>
   </trkpt>
   <trkpt lat="42.535430000000005" lon="2.1417200000000003">
    <ele>1860.9400000000003</ele>
   </trkpt>
   <trkpt lat="42.53522" lon="2.14123">
    <ele>1857.16</ele>
   </trkpt>
   <trkpt lat="42.53511" lon="2.1410400000000003">
    <ele>1855.94</ele>
   </trkpt>
   <trkpt lat="42.53493" lon="2.14081">
    <ele>1852.0800000000002</ele>
   </trkpt>
   <trkpt lat="42.53475" lon="2.14066">
    <ele>1852.0800000000002</ele>
   </trkpt>
   <trkpt lat="42.53427000000001" lon="2.1403100000000004">
    <ele>1848.72</ele>
   </trkpt>
   <trkpt lat="42.53408" lon="2.14019">
    <ele>1844.7000000000003</ele>
   </trkpt>
   <trkpt lat="42.53379" lon="2.14008">
    <ele>1843.53</ele>
   </trkpt>
   <trkpt lat="42.533390000000004" lon="2.14005">
    <ele>1840.3100000000002</ele>
   </trkpt>
   <trkpt lat="42.53338" lon="2.14005">
    <ele>1840.2600000000002</ele>
   </trkpt>
   <trkpt lat="42.533240000000006" lon="2.14007">
    <ele>1838.3</ele>
   </trkpt>
   <trkpt lat="42.533030000000004" lon="2.14015">
    <ele>1837.59</ele>
   </trkpt>
   <trkpt lat="42.53285" lon="2.14019">
    <ele>1834.98</ele>
   </trkpt>
   <trkpt lat="42.53269" lon="2.14012">
    <ele>1834.98</ele>
   </trkpt>
   <trkpt lat="42.532450000000004" lon="2.1399500000000002">
    <ele>1832.0600000000002</ele>
   </trkpt>
   <trkpt lat="42.53219" lon="2.13985">
    <ele>1829.7800000000002</ele>
   </trkpt>
   <trkpt lat="42.53204" lon="2.1398300000000003">
    <ele>1829.7800000000002</ele>
   </trkpt>
   <trkpt lat="42.5319" lon="2.13984">
    <ele>1826.16</ele>
   </trkpt>
   <trkpt lat="42.53164" lon="2.1399000000000004">
    <ele>1826.16</ele>
   </trkpt>
   <trkpt lat="42.53128" lon="2.13991">
    <ele>1822.3700000000001</ele>
   </trkpt>
   <trkpt lat="42.53121" lon="2.13993">
    <ele>1822.3700000000001</ele>
   </trkpt>
   <trkpt lat="42.531150000000004" lon="2.1399600000000003">
    <ele>1820.95</ele>
   </trkpt>
   <trkpt lat="42.531020000000005" lon="2.14008">
    <ele>1820.95</ele>
   </trkpt>
   <trkpt lat="42.53078" lon="2.14047">
    <ele>1816.66</ele>
   </trkpt>
   <trkpt lat="42.530620000000006" lon="2.14059">
    <ele>1816.66</ele>
   </trkpt>
   <trkpt lat="42.53042000000001" lon="2.1406500000000004">
    <ele>1812.7000000000003</ele>
   </trkpt>
   <trkpt lat="42.52964" lon="2.1407000000000003">
    <ele>1808.7700000000002</ele>
   </trkpt>
   <trkpt lat="42.52951" lon="2.14075">
    <ele>1805.97</ele>
   </trkpt>
   <trkpt lat="42.52928" lon="2.14089">
    <ele>1804.5000000000002</ele>
   </trkpt>
   <trkpt lat="42.5287" lon="2.14141">
    <ele>1798.6200000000001</ele>
   </trkpt>
   <trkpt lat="42.52861" lon="2.14147">
    <ele>1798.6200000000001</ele>
   </trkpt>
   <trkpt lat="42.52846" lon="2.1415200000000003">
    <ele>1796.2300000000002</ele>
   </trkpt>
   <trkpt lat="42.528040000000004" lon="2.14149">
    <ele>1793.65</ele>
   </trkpt>
   <trkpt lat="42.527950000000004" lon="2.14156">
    <ele>1793.65</ele>
   </trkpt>
   <trkpt lat="42.52785" lon="2.1417200000000003">
    <ele>1791.77</ele>
   </trkpt>
   <trkpt lat="42.527680000000004" lon="2.1421900000000003">
    <ele>1788.95</ele>
   </trkpt>
   <trkpt lat="42.52751000000001" lon="2.14249">
    <ele>1788.0200000000002</ele>
   </trkpt>
   <trkpt lat="42.5274" lon="2.14255">
    <ele>1787.6600000000003</ele>
   </trkpt>
   <trkpt lat="42.527350000000006" lon="2.14255">
    <ele>1787.2400000000002</ele>
   </trkpt>
   <trkpt lat="42.52727" lon="2.14242">
    <ele>1786.7700000000002</ele>
   </trkpt>
   <trkpt lat="42.527260000000005" lon="2.14236">
    <ele>1786.21</ele>
   </trkpt>
   <trkpt lat="42.527280000000005" lon="2.14229">
    <ele>1786.21</ele>
   </trkpt>
   <trkpt lat="42.52756" lon="2.1417800000000002">
    <ele>1783.38</ele>
   </trkpt>
   <trkpt lat="42.52761" lon="2.14163">
    <ele>1780.94</ele>
   </trkpt>
   <trkpt lat="42.527820000000006" lon="2.1405700000000003">
    <ele>1775.14</ele>
   </trkpt>
   <trkpt lat="42.52787" lon="2.14039">
    <ele>1772.8400000000001</ele>
   </trkpt>
   <trkpt lat="42.527930000000005" lon="2.1402200000000002">
    <ele>1772.0600000000002</ele>
   </trkpt>
   <trkpt lat="42.528180000000006" lon="2.13979">
    <ele>1768.2000000000003</ele>
   </trkpt>
   <trkpt lat="42.528270000000006" lon="2.13952">
    <ele>1768.2000000000003</ele>
   </trkpt>
   <trkpt lat="42.5283" lon="2.1393600000000004">
    <ele>1765.2</ele>
   </trkpt>
   <trkpt lat="42.528310000000005" lon="2.1388100000000003">
    <ele>1765.2</ele>
   </trkpt>
   <trkpt lat="42.52837" lon="2.1385300000000003">
    <ele>1759.8400000000001</ele>
   </trkpt>
   <trkpt lat="42.52853" lon="2.1383">
    <ele>1759.8400000000001</ele>
   </trkpt>
   <trkpt lat="42.529050000000005" lon="2.13782">
    <ele>1752.89</ele>
   </trkpt>
   <trkpt lat="42.529630000000004" lon="2.13715">
    <ele>1747.4</ele>
   </trkpt>
   <trkpt lat="42.529770000000006" lon="2.13696">
    <ele>1746.48</ele>
   </trkpt>
   <trkpt lat="42.529880000000006" lon="2.13686">
    <ele>1745.21</ele>
   </trkpt>
   <trkpt lat="42.529990000000005" lon="2.13681">
    <ele>1743.2200000000003</ele>
   </trkpt>
   <trkpt lat="42.530439999883704" lon="2.136695000872934">
    <ele>1741.64</ele>
   </trkpt>
   <trkpt lat="42.53089000000001" lon="2.1365800000000004">
    <ele>1738.7800000000002</ele>
   </trkpt>
   <trkpt lat="42.531200000000005" lon="2.13647">
    <ele>1736.9800000000002</ele>
   </trkpt>
   <trkpt lat="42.53191" lon="2.13607">
    <ele>1732.01</ele>
   </trkpt>
   <trkpt lat="42.532120000000006" lon="2.1359700000000004">
    <ele>1730.52</ele>
   </trkpt>
   <trkpt lat="42.532500000000006" lon="2.1358800000000002">
    <ele>1726.66</ele>
   </trkpt>
   <trkpt lat="42.532680000000006" lon="2.13581">
    <ele>1726.66</ele>
   </trkpt>
   <trkpt lat="42.532880000000006" lon="2.13567">
    <ele>1723.8500000000001</ele>
   </trkpt>
   <trkpt lat="42.533080000000005" lon="2.1354800000000003">
    <ele>1722.23</ele>
   </trkpt>
   <trkpt lat="42.533530000000006" lon="2.1349400000000003">
    <ele>1719.2600000000002</ele>
   </trkpt>
   <trkpt lat="42.53379" lon="2.13438">
    <ele>1715.3</ele>
   </trkpt>
   <trkpt lat="42.533860000000004" lon="2.13415">
    <ele>1713.2800000000002</ele>
   </trkpt>
   <trkpt lat="42.53389000000001" lon="2.1339400000000004">
    <ele>1711.98</ele>
   </trkpt>
   <trkpt lat="42.53395000261644" lon="2.133165000674492">
    <ele>1708.79</ele>
   </trkpt>
   <trkpt lat="42.53401" lon="2.13239">
    <ele>1705.0800000000002</ele>
   </trkpt>
   <trkpt lat="42.534000000000006" lon="2.132">
    <ele>1705.0800000000002</ele>
   </trkpt>
   <trkpt lat="42.533930000000005" lon="2.1311">
    <ele>1702.17</ele>
   </trkpt>
   <trkpt lat="42.53387" lon="2.13072">
    <ele>1700.7500000000002</ele>
   </trkpt>
   <trkpt lat="42.533730000000006" lon="2.1303300000000003">
    <ele>1698.66</ele>
   </trkpt>
   <trkpt lat="42.53356" lon="2.13008">
    <ele>1697.27</ele>
   </trkpt>
   <trkpt lat="42.53342000000001" lon="2.1299400000000004">
    <ele>1696.5</ele>
   </trkpt>
   <trkpt lat="42.53316" lon="2.12977">
    <ele>1695.72</ele>
   </trkpt>
   <trkpt lat="42.53273000023002" lon="2.1295399984165027">
    <ele>1695.5600000000002</ele>
   </trkpt>
   <trkpt lat="42.532300000000006" lon="2.1293100000000003">
    <ele>1697.14</ele>
   </trkpt>
   <trkpt lat="42.53219" lon="2.12923">
    <ele>1697.19</ele>
   </trkpt>
   <trkpt lat="42.532090000000004" lon="2.1291100000000003">
    <ele>1696.8400000000001</ele>
   </trkpt>
   <trkpt lat="42.532000000000004" lon="2.12896">
    <ele>1696.44</ele>
   </trkpt>
   <trkpt lat="42.531940000000006" lon="2.12879">
    <ele>1695.5700000000002</ele>
   </trkpt>
   <trkpt lat="42.53191" lon="2.12862">
    <ele>1695.21</ele>
   </trkpt>
   <trkpt lat="42.53191" lon="2.12846">
    <ele>1695.17</ele>
   </trkpt>
   <trkpt lat="42.53197" lon="2.12821">
    <ele>1695.5900000000001</ele>
   </trkpt>
   <trkpt lat="42.532225002072224" lon="2.1275300026106994">
    <ele>1699.45</ele>
   </trkpt>
   <trkpt lat="42.53248000000001" lon="2.12685">
    <ele>1701.4300000000003</ele>
   </trkpt>
   <trkpt lat="42.53253" lon="2.1266700000000003">
    <ele>1701.27</ele>
   </trkpt>
   <trkpt lat="42.53255" lon="2.12642">
    <ele>1700.52</ele>
   </trkpt>
   <trkpt lat="42.53253" lon="2.1262000000000003">
    <ele>1700.3300000000002</ele>
   </trkpt>
   <trkpt lat="42.53246" lon="2.12597">
    <ele>1700.3500000000001</ele>
   </trkpt>
   <trkpt lat="42.532430000000005" lon="2.1256700000000004">
    <ele>1700.49</ele>
   </trkpt>
   <trkpt lat="42.53238" lon="2.12564">
    <ele>1701.03</ele>
   </trkpt>
   <trkpt lat="42.53231" lon="2.12564">
    <ele>1700.7500000000002</ele>
   </trkpt>
   <trkpt lat="42.53204" lon="2.1257900000000003">
    <ele>1699.9700000000003</ele>
   </trkpt>
   <trkpt lat="42.531940000000006" lon="2.12588">
    <ele>1699.65</ele>
   </trkpt>
   <trkpt lat="42.531870000000005" lon="2.1259900000000003">
    <ele>1698.63</ele>
   </trkpt>
   <trkpt lat="42.531620000000004" lon="2.1266700000000003">
    <ele>1696.9</ele>
   </trkpt>
   <trkpt lat="42.53146" lon="2.1268200000000004">
    <ele>1696.9</ele>
   </trkpt>
   <trkpt lat="42.53136000000001" lon="2.12686">
    <ele>1696.9</ele>
   </trkpt>
   <trkpt lat="42.53099" lon="2.12685">
    <ele>1695.27</ele>
   </trkpt>
   <trkpt lat="42.5309" lon="2.1268700000000003">
    <ele>1695.27</ele>
   </trkpt>
   <trkpt lat="42.53081" lon="2.12692">
    <ele>1694.7900000000002</ele>
   </trkpt>
   <trkpt lat="42.530390000000004" lon="2.12725">
    <ele>1693.4</ele>
   </trkpt>
   <trkpt lat="42.530280000000005" lon="2.1273">
    <ele>1693.4</ele>
   </trkpt>
   <trkpt lat="42.530150000000006" lon="2.12732">
    <ele>1692.56</ele>
   </trkpt>
   <trkpt lat="42.53002" lon="2.1273">
    <ele>1692.56</ele>
   </trkpt>
   <trkpt lat="42.529860000000006" lon="2.12723">
    <ele>1691.7400000000002</ele>
   </trkpt>
   <trkpt lat="42.52975" lon="2.1271500000000003">
    <ele>1690.8500000000001</ele>
   </trkpt>
   <trkpt lat="42.52957000000001" lon="2.1268700000000003">
    <ele>1688.0900000000001</ele>
   </trkpt>
   <trkpt lat="42.52929" lon="2.12608">
    <ele>1685.68</ele>
   </trkpt>
   <trkpt lat="42.52919000000001" lon="2.1259">
    <ele>1684.2</ele>
   </trkpt>
   <trkpt lat="42.528870000000005" lon="2.1255200000000003">
    <ele>1682.16</ele>
   </trkpt>
   <trkpt lat="42.528800000000004" lon="2.1253900000000003">
    <ele>1682.16</ele>
   </trkpt>
   <trkpt lat="42.528740000000006" lon="2.12523">
    <ele>1680.4200000000003</ele>
   </trkpt>
   <trkpt lat="42.5287" lon="2.12489">
    <ele>1679.1200000000001</ele>
   </trkpt>
   <trkpt lat="42.528710000000004" lon="2.12468">
    <ele>1679.1200000000001</ele>
   </trkpt>
   <trkpt lat="42.52877" lon="2.12447">
    <ele>1677.51</ele>
   </trkpt>
   <trkpt lat="42.52906" lon="2.12398">
    <ele>1675.27</ele>
   </trkpt>
   <trkpt lat="42.529090000000004" lon="2.12385">
    <ele>1675.27</ele>
   </trkpt>
   <trkpt lat="42.52908" lon="2.12372">
    <ele>1674.1200000000001</ele>
   </trkpt>
   <trkpt lat="42.529" lon="2.1235500000000003">
    <ele>1674.1200000000001</ele>
   </trkpt>
   <trkpt lat="42.52888" lon="2.12346">
    <ele>1672.91</ele>
   </trkpt>
   <trkpt lat="42.528670000000005" lon="2.1234">
    <ele>1671.28</ele>
   </trkpt>
   <trkpt lat="42.52854000000001" lon="2.12332">
    <ele>1670.5700000000002</ele>
   </trkpt>
   <trkpt lat="42.528380000000006" lon="2.12319">
    <ele>1669.68</ele>
   </trkpt>
   <trkpt lat="42.52792" lon="2.12276">
    <ele>1665.93</ele>
   </trkpt>
   <trkpt lat="42.52781" lon="2.1226800000000003">
    <ele>1665.21</ele>
   </trkpt>
   <trkpt lat="42.527730000000005" lon="2.12265">
    <ele>1665.21</ele>
   </trkpt>
   <trkpt lat="42.52763" lon="2.12264">
    <ele>1664.41</ele>
   </trkpt>
   <trkpt lat="42.52752" lon="2.12265">
    <ele>1664.41</ele>
   </trkpt>
   <trkpt lat="42.527065000039144" lon="2.122835001392061">
    <ele>1662.7800000000002</ele>
   </trkpt>
   <trkpt lat="42.526610000000005" lon="2.1230200000000004">
    <ele>1661.31</ele>
   </trkpt>
   <trkpt lat="42.52646" lon="2.12305">
    <ele>1660.6900000000003</ele>
   </trkpt>
   <trkpt lat="42.52638" lon="2.12303">
    <ele>1660.6900000000003</ele>
   </trkpt>
   <trkpt lat="42.52555" lon="2.12277">
    <ele>1657.8000000000002</ele>
   </trkpt>
   <trkpt lat="42.52507000000001" lon="2.12278">
    <ele>1655.91</ele>
   </trkpt>
   <trkpt lat="42.52485" lon="2.12271">
    <ele>1655.04</ele>
   </trkpt>
   <trkpt lat="42.5247" lon="2.12263">
    <ele>1653.92</ele>
   </trkpt>
   <trkpt lat="42.524095001023866" lon="2.122154995433951">
    <ele>1650.27</ele>
   </trkpt>
   <trkpt lat="42.52349" lon="2.12168">
    <ele>1647.49</ele>
   </trkpt>
   <trkpt lat="42.52331" lon="2.12157">
    <ele>1646.0400000000002</ele>
   </trkpt>
   <trkpt lat="42.522960000000005" lon="2.12128">
    <ele>1644.47</ele>
   </trkpt>
   <trkpt lat="42.522540000000006" lon="2.1207000000000003">
    <ele>1641.4</ele>
   </trkpt>
   <trkpt lat="42.52193500354171" lon="2.1197999913157917">
    <ele>1636.8100000000002</ele>
   </trkpt>
   <trkpt lat="42.521330000000006" lon="2.1189">
    <ele>1633.7100000000003</ele>
   </trkpt>
   <trkpt lat="42.521330000000006" lon="2.1188900000000004">
    <ele>1633.6800000000003</ele>
   </trkpt>
   <trkpt lat="42.52078" lon="2.11803">
    <ele>1631.28</ele>
   </trkpt>
   <trkpt lat="42.520590000000006" lon="2.1178000000000003">
    <ele>1628.78</ele>
   </trkpt>
   <trkpt lat="42.52033" lon="2.1176000000000004">
    <ele>1627.5600000000002</ele>
   </trkpt>
   <trkpt lat="42.52017" lon="2.11749">
    <ele>1627.41</ele>
   </trkpt>
   <trkpt lat="42.51941200500472" lon="2.116953973998137">
    <ele>1623.49</ele>
   </trkpt>
   <trkpt lat="42.51865400751151" lon="2.116417961001049">
    <ele>1622.4</ele>
   </trkpt>
   <trkpt lat="42.5178960075205" lon="2.115881961008119">
    <ele>1622.71</ele>
   </trkpt>
   <trkpt lat="42.51713800503183" lon="2.1153459740187293">
    <ele>1623.15</ele>
   </trkpt>
   <trkpt lat="42.516380000000005" lon="2.1148100000000003">
    <ele>1623.22</ele>
   </trkpt>
   <trkpt lat="42.516040000000004" lon="2.11452">
    <ele>1623.2900000000002</ele>
   </trkpt>
   <trkpt lat="42.51581" lon="2.1142600000000003">
    <ele>1623.3000000000002</ele>
   </trkpt>
   <trkpt lat="42.515640000000005" lon="2.11402">
    <ele>1622.0400000000002</ele>
   </trkpt>
   <trkpt lat="42.515250003019176" lon="2.113204995189411">
    <ele>1618.1900000000003</ele>
   </trkpt>
   <trkpt lat="42.514860000000006" lon="2.11239">
    <ele>1613.72</ele>
   </trkpt>
   <trkpt lat="42.51482" lon="2.11219">
    <ele>1612.67</ele>
   </trkpt>
   <trkpt lat="42.51483" lon="2.1120300000000003">
    <ele>1612.1200000000001</ele>
   </trkpt>
   <trkpt lat="42.51496" lon="2.11146">
    <ele>1608.8000000000002</ele>
   </trkpt>
   <trkpt lat="42.514990000000004" lon="2.11126">
    <ele>1608.8000000000002</ele>
   </trkpt>
   <trkpt lat="42.514990000000004" lon="2.1111">
    <ele>1606.8300000000002</ele>
   </trkpt>
   <trkpt lat="42.514950000000006" lon="2.1109400000000003">
    <ele>1606.8300000000002</ele>
   </trkpt>
   <trkpt lat="42.51489" lon="2.11077">
    <ele>1605.39</ele>
   </trkpt>
   <trkpt lat="42.51478" lon="2.11065">
    <ele>1605.39</ele>
   </trkpt>
   <trkpt lat="42.514630000000004" lon="2.11059">
    <ele>1604.4600000000003</ele>
   </trkpt>
   <trkpt lat="42.51390000000001" lon="2.11045">
    <ele>1602.1000000000001</ele>
   </trkpt>
   <trkpt lat="42.51382" lon="2.1104600000000002">
    <ele>1602.1100000000001</ele>
   </trkpt>
   <trkpt lat="42.51375" lon="2.11049">
    <ele>1602.1100000000001</ele>
   </trkpt>
   <trkpt lat="42.513670000000005" lon="2.11058">
    <ele>1601.91</ele>
   </trkpt>
   <trkpt lat="42.51359" lon="2.11071">
    <ele>1601.91</ele>
   </trkpt>
   <trkpt lat="42.513470000000005" lon="2.1110800000000003">
    <ele>1601.8100000000002</ele>
   </trkpt>
   <trkpt lat="42.513360000000006" lon="2.1112900000000003">
    <ele>1601.5600000000002</ele>
   </trkpt>
   <trkpt lat="42.51281" lon="2.11206">
    <ele>1601.18</ele>
   </trkpt>
   <trkpt lat="42.512350000000005" lon="2.11288">
    <ele>1601.0600000000002</ele>
   </trkpt>
   <trkpt lat="42.512280000000004" lon="2.11309">
    <ele>1600.98</ele>
   </trkpt>
   <trkpt lat="42.512240000000006" lon="2.1133">
    <ele>1600.98</ele>
   </trkpt>
   <trkpt lat="42.51216" lon="2.11422">
    <ele>1600.7900000000002</ele>
   </trkpt>
   <trkpt lat="42.51212" lon="2.1144000000000003">
    <ele>1600.72</ele>
   </trkpt>
   <trkpt lat="42.51207" lon="2.1145">
    <ele>1600.66</ele>
   </trkpt>
   <trkpt lat="42.511970000000005" lon="2.11463">
    <ele>1600.48</ele>
   </trkpt>
   <trkpt lat="42.511860000000006" lon="2.11469">
    <ele>1600.3</ele>
   </trkpt>
   <trkpt lat="42.51173" lon="2.1147">
    <ele>1600.2200000000003</ele>
   </trkpt>
   <trkpt lat="42.51144" lon="2.1146000000000003">
    <ele>1600.2600000000002</ele>
   </trkpt>
   <trkpt lat="42.511190000000006" lon="2.1144000000000003">
    <ele>1600.24</ele>
   </trkpt>
   <trkpt lat="42.511070000000004" lon="2.11416">
    <ele>1601.0300000000002</ele>
   </trkpt>
   <trkpt lat="42.51102" lon="2.11412">
    <ele>1601.0300000000002</ele>
   </trkpt>
   <trkpt lat="42.51097" lon="2.11411">
    <ele>1601.0300000000002</ele>
   </trkpt>
   <trkpt lat="42.51088" lon="2.1141400000000004">
    <ele>1601.2400000000002</ele>
   </trkpt>
   <trkpt lat="42.510650000000005" lon="2.11411">
    <ele>1598.42</ele>
   </trkpt>
   <trkpt lat="42.51039" lon="2.11416">
    <ele>1595.67</ele>
   </trkpt>
   <trkpt lat="42.51021" lon="2.1142600000000003">
    <ele>1594.3400000000001</ele>
   </trkpt>
   <trkpt lat="42.509710000000005" lon="2.1144700000000003">
    <ele>1591.2100000000003</ele>
   </trkpt>
   <trkpt lat="42.509170000000005" lon="2.11469">
    <ele>1588.0800000000002</ele>
   </trkpt>
   <trkpt lat="42.50876" lon="2.11491">
    <ele>1584.93</ele>
   </trkpt>
   <trkpt lat="42.50826" lon="2.1152800000000003">
    <ele>1581.4</ele>
   </trkpt>
   <trkpt lat="42.50818" lon="2.11532">
    <ele>1581.4</ele>
   </trkpt>
   <trkpt lat="42.50775" lon="2.1154">
    <ele>1580.1600000000003</ele>
   </trkpt>
   <trkpt lat="42.50761000000001" lon="2.11546">
    <ele>1579.6000000000001</ele>
   </trkpt>
   <trkpt lat="42.50748" lon="2.1154900000000003">
    <ele>1578.93</ele>
   </trkpt>
   <trkpt lat="42.507400000000004" lon="2.11545">
    <ele>1579.0700000000002</ele>
   </trkpt>
   <trkpt lat="42.50733" lon="2.11547">
    <ele>1579.0700000000002</ele>
   </trkpt>
   <trkpt lat="42.50726" lon="2.1155600000000003">
    <ele>1577.64</ele>
   </trkpt>
   <trkpt lat="42.507250000000006" lon="2.1156800000000002">
    <ele>1577.64</ele>
   </trkpt>
   <trkpt lat="42.507290000000005" lon="2.1158">
    <ele>1577.52</ele>
   </trkpt>
   <trkpt lat="42.507380000000005" lon="2.11585">
    <ele>1577.52</ele>
   </trkpt>
   <trkpt lat="42.50753" lon="2.11601">
    <ele>1577.68</ele>
   </trkpt>
   <trkpt lat="42.507760000000005" lon="2.11614">
    <ele>1577.71</ele>
   </trkpt>
   <trkpt lat="42.50790000000001" lon="2.1161800000000004">
    <ele>1576.15</ele>
   </trkpt>
   <trkpt lat="42.508070000000004" lon="2.1161800000000004">
    <ele>1575.39</ele>
   </trkpt>
   <trkpt lat="42.50838" lon="2.11626">
    <ele>1574.3200000000002</ele>
   </trkpt>
   <trkpt lat="42.50854" lon="2.1163600000000002">
    <ele>1573.5700000000002</ele>
   </trkpt>
   <trkpt lat="42.50864000000001" lon="2.11647">
    <ele>1573.38</ele>
   </trkpt>
   <trkpt lat="42.508700000000005" lon="2.1166">
    <ele>1573.22</ele>
   </trkpt>
   <trkpt lat="42.50874" lon="2.1168">
    <ele>1573.19</ele>
   </trkpt>
   <trkpt lat="42.508720000000004" lon="2.117">
    <ele>1572.8500000000001</ele>
   </trkpt>
   <trkpt lat="42.50844" lon="2.11777">
    <ele>1571.6100000000001</ele>
   </trkpt>
   <trkpt lat="42.508340000000004" lon="2.1179900000000003">
    <ele>1571.0400000000002</ele>
   </trkpt>
   <trkpt lat="42.50824" lon="2.11817">
    <ele>1571.0400000000002</ele>
   </trkpt>
   <trkpt lat="42.50813" lon="2.1183400000000003">
    <ele>1570.3700000000001</ele>
   </trkpt>
   <trkpt lat="42.507850000000005" lon="2.11864">
    <ele>1569.47</ele>
   </trkpt>
   <trkpt lat="42.50768" lon="2.1188900000000004">
    <ele>1568.93</ele>
   </trkpt>
   <trkpt lat="42.50764" lon="2.119">
    <ele>1568.93</ele>
   </trkpt>
   <trkpt lat="42.5075" lon="2.11958">
    <ele>1567.22</ele>
   </trkpt>
   <trkpt lat="42.50732" lon="2.1199700000000004">
    <ele>1566.7600000000002</ele>
   </trkpt>
   <trkpt lat="42.507160000000006" lon="2.12022">
    <ele>1566.3500000000001</ele>
   </trkpt>
   <trkpt lat="42.50672" lon="2.1207700000000003">
    <ele>1566.0800000000002</ele>
   </trkpt>
   <trkpt lat="42.506640000000004" lon="2.1209800000000003">
    <ele>1566.1299999999999</ele>
   </trkpt>
   <trkpt lat="42.506620000000005" lon="2.12122">
    <ele>1566.25</ele>
   </trkpt>
   <trkpt lat="42.506710000000005" lon="2.12183">
    <ele>1566.8200000000002</ele>
   </trkpt>
   <trkpt lat="42.506710000000005" lon="2.12245">
    <ele>1566.5600000000002</ele>
   </trkpt>
   <trkpt lat="42.506750000000004" lon="2.12265">
    <ele>1566.4600000000003</ele>
   </trkpt>
   <trkpt lat="42.50685" lon="2.12283">
    <ele>1566.25</ele>
   </trkpt>
   <trkpt lat="42.50705000000001" lon="2.1230200000000004">
    <ele>1566.25</ele>
   </trkpt>
   <trkpt lat="42.50721" lon="2.12327">
    <ele>1565.92</ele>
   </trkpt>
   <trkpt lat="42.50746" lon="2.1240200000000002">
    <ele>1565.08</ele>
   </trkpt>
   <trkpt lat="42.50753" lon="2.1241100000000004">
    <ele>1565.08</ele>
   </trkpt>
   <trkpt lat="42.50782" lon="2.12434">
    <ele>1564.3700000000001</ele>
   </trkpt>
   <trkpt lat="42.508100000000006" lon="2.12466">
    <ele>1562.39</ele>
   </trkpt>
   <trkpt lat="42.50822" lon="2.1247700000000003">
    <ele>1562.39</ele>
   </trkpt>
   <trkpt lat="42.508480000000006" lon="2.12493">
    <ele>1558.9700000000003</ele>
   </trkpt>
   <trkpt lat="42.5086" lon="2.1250400000000003">
    <ele>1557.5</ele>
   </trkpt>
   <trkpt lat="42.50869" lon="2.12514">
    <ele>1555.29</ele>
   </trkpt>
   <trkpt lat="42.50894" lon="2.1256600000000003">
    <ele>1553.38</ele>
   </trkpt>
   <trkpt lat="42.50903" lon="2.12576">
    <ele>1552.51</ele>
   </trkpt>
   <trkpt lat="42.50909" lon="2.1257900000000003">
    <ele>1552.51</ele>
   </trkpt>
   <trkpt lat="42.50923" lon="2.12576">
    <ele>1551.7500000000002</ele>
   </trkpt>
   <trkpt lat="42.509310000000006" lon="2.12563">
    <ele>1550.7700000000002</ele>
   </trkpt>
   <trkpt lat="42.509330000000006" lon="2.1255200000000003">
    <ele>1550.7700000000002</ele>
   </trkpt>
   <trkpt lat="42.50927" lon="2.12479">
    <ele>1546.52</ele>
   </trkpt>
   <trkpt lat="42.50929" lon="2.1245600000000002">
    <ele>1544.41</ele>
   </trkpt>
   <trkpt lat="42.50934" lon="2.1244400000000003">
    <ele>1544.41</ele>
   </trkpt>
   <trkpt lat="42.509440000000005" lon="2.12428">
    <ele>1544.41</ele>
   </trkpt>
   <trkpt lat="42.50979000126061" lon="2.123755002845962">
    <ele>1540.2300000000002</ele>
   </trkpt>
   <trkpt lat="42.51014000000001" lon="2.1232300000000004">
    <ele>1538.0300000000002</ele>
   </trkpt>
   <trkpt lat="42.51023" lon="2.1231600000000004">
    <ele>1537.66</ele>
   </trkpt>
   <trkpt lat="42.51035" lon="2.1231400000000002">
    <ele>1536.92</ele>
   </trkpt>
   <trkpt lat="42.510830000000006" lon="2.12324">
    <ele>1534.28</ele>
   </trkpt>
   <trkpt lat="42.51091" lon="2.1232200000000003">
    <ele>1534.28</ele>
   </trkpt>
   <trkpt lat="42.51106" lon="2.12312">
    <ele>1531.7900000000002</ele>
   </trkpt>
   <trkpt lat="42.51158" lon="2.1225400000000003">
    <ele>1529.66</ele>
   </trkpt>
   <trkpt lat="42.511660000000006" lon="2.1224800000000004">
    <ele>1529.66</ele>
   </trkpt>
   <trkpt lat="42.511720000000004" lon="2.1224600000000002">
    <ele>1529.41</ele>
   </trkpt>
   <trkpt lat="42.51185" lon="2.12252">
    <ele>1529.41</ele>
   </trkpt>
   <trkpt lat="42.512080000000005" lon="2.12272">
    <ele>1529.68</ele>
   </trkpt>
   <trkpt lat="42.51216" lon="2.1228200000000004">
    <ele>1530.16</ele>
   </trkpt>
   <trkpt lat="42.5122" lon="2.12298">
    <ele>1530.16</ele>
   </trkpt>
   <trkpt lat="42.5122" lon="2.12305">
    <ele>1530.16</ele>
   </trkpt>
   <trkpt lat="42.51216" lon="2.1232800000000003">
    <ele>1529.5100000000002</ele>
   </trkpt>
   <trkpt lat="42.511970000000005" lon="2.1238">
    <ele>1528.8300000000002</ele>
   </trkpt>
   <trkpt lat="42.511880000000005" lon="2.12388">
    <ele>1528.8300000000002</ele>
   </trkpt>
   <trkpt lat="42.51165" lon="2.12401">
    <ele>1528.66</ele>
   </trkpt>
   <trkpt lat="42.51137000000001" lon="2.12425">
    <ele>1528.4</ele>
   </trkpt>
   <trkpt lat="42.511300000000006" lon="2.1242900000000002">
    <ele>1528.4</ele>
   </trkpt>
   <trkpt lat="42.51115" lon="2.12434">
    <ele>1528.04</ele>
   </trkpt>
   <trkpt lat="42.511070000000004" lon="2.12439">
    <ele>1527.8100000000002</ele>
   </trkpt>
   <trkpt lat="42.511" lon="2.1245100000000003">
    <ele>1527.4</ele>
   </trkpt>
   <trkpt lat="42.51091" lon="2.1247700000000003">
    <ele>1526.93</ele>
   </trkpt>
   <trkpt lat="42.51093" lon="2.12502">
    <ele>1526.2000000000003</ele>
   </trkpt>
   <trkpt lat="42.511050000000004" lon="2.12571">
    <ele>1523.3300000000002</ele>
   </trkpt>
   <trkpt lat="42.511230000000005" lon="2.1262600000000003">
    <ele>1521.5500000000002</ele>
   </trkpt>
   <trkpt lat="42.51127" lon="2.12662">
    <ele>1520.5700000000002</ele>
   </trkpt>
   <trkpt lat="42.51124" lon="2.1267400000000003">
    <ele>1520.5700000000002</ele>
   </trkpt>
   <trkpt lat="42.51108000000001" lon="2.12723">
    <ele>1517.2800000000002</ele>
   </trkpt>
   <trkpt lat="42.51097" lon="2.1278300000000003">
    <ele>1516.1200000000001</ele>
   </trkpt>
   <trkpt lat="42.51084" lon="2.12815">
    <ele>1515.7500000000002</ele>
   </trkpt>
   <trkpt lat="42.510810000000006" lon="2.12827">
    <ele>1515.42</ele>
   </trkpt>
   <trkpt lat="42.510830000000006" lon="2.12881">
    <ele>1515.36</ele>
   </trkpt>
   <trkpt lat="42.510810000000006" lon="2.12889">
    <ele>1515.36</ele>
   </trkpt>
   <trkpt lat="42.51077" lon="2.12896">
    <ele>1515.3400000000001</ele>
   </trkpt>
   <trkpt lat="42.51033" lon="2.1292600000000004">
    <ele>1514.96</ele>
   </trkpt>
   <trkpt lat="42.510220000000004" lon="2.12927">
    <ele>1514.6200000000001</ele>
   </trkpt>
   <trkpt lat="42.51003" lon="2.1292400000000002">
    <ele>1514.6200000000001</ele>
   </trkpt>
   <trkpt lat="42.50987000000001" lon="2.1293">
    <ele>1514.2700000000002</ele>
   </trkpt>
   <trkpt lat="42.509510000000006" lon="2.12968">
    <ele>1513.51</ele>
   </trkpt>
   <trkpt lat="42.508950000000006" lon="2.1302000000000003">
    <ele>1509.7600000000002</ele>
   </trkpt>
   <trkpt lat="42.50889" lon="2.13022">
    <ele>1509.0700000000002</ele>
   </trkpt>
   <trkpt lat="42.50856" lon="2.13024">
    <ele>1506.15</ele>
   </trkpt>
   <trkpt lat="42.508320000000005" lon="2.1303">
    <ele>1504.3000000000002</ele>
   </trkpt>
   <trkpt lat="42.50806" lon="2.1303400000000003">
    <ele>1502.3400000000001</ele>
   </trkpt>
   <trkpt lat="42.50798" lon="2.1303900000000002">
    <ele>1501.78</ele>
   </trkpt>
   <trkpt lat="42.507780000000004" lon="2.13062">
    <ele>1500.4400000000003</ele>
   </trkpt>
   <trkpt lat="42.507670000000005" lon="2.13069">
    <ele>1500.13</ele>
   </trkpt>
   <trkpt lat="42.507380000000005" lon="2.13083">
    <ele>1499.1100000000001</ele>
   </trkpt>
   <trkpt lat="42.50732" lon="2.13092">
    <ele>1498.3700000000001</ele>
   </trkpt>
   <trkpt lat="42.507290000000005" lon="2.13104">
    <ele>1498.0600000000002</ele>
   </trkpt>
   <trkpt lat="42.507270000000005" lon="2.1313500000000003">
    <ele>1496.0700000000002</ele>
   </trkpt>
   <trkpt lat="42.50721" lon="2.13174">
    <ele>1494.5700000000002</ele>
   </trkpt>
   <trkpt lat="42.507090000000005" lon="2.1321100000000004">
    <ele>1491.66</ele>
   </trkpt>
   <trkpt lat="42.50703" lon="2.1324400000000003">
    <ele>1490.8300000000002</ele>
   </trkpt>
   <trkpt lat="42.507020000000004" lon="2.13269">
    <ele>1490.8300000000002</ele>
   </trkpt>
   <trkpt lat="42.50706" lon="2.1334600000000004">
    <ele>1487.78</ele>
   </trkpt>
   <trkpt lat="42.506980000000006" lon="2.13377">
    <ele>1484.31</ele>
   </trkpt>
   <trkpt lat="42.50676000000001" lon="2.1340600000000003">
    <ele>1483.1000000000001</ele>
   </trkpt>
   <trkpt lat="42.506420000000006" lon="2.13432">
    <ele>1481.8000000000002</ele>
   </trkpt>
   <trkpt lat="42.50629000000001" lon="2.13444">
    <ele>1481.39</ele>
   </trkpt>
   <trkpt lat="42.50618" lon="2.1346000000000003">
    <ele>1480.7800000000002</ele>
   </trkpt>
   <trkpt lat="42.506130000000006" lon="2.1347400000000003">
    <ele>1480.3500000000001</ele>
   </trkpt>
   <trkpt lat="42.5061" lon="2.1349">
    <ele>1479.24</ele>
   </trkpt>
   <trkpt lat="42.50611000000001" lon="2.1350200000000004">
    <ele>1478.5800000000002</ele>
   </trkpt>
   <trkpt lat="42.50616" lon="2.1351600000000004">
    <ele>1478.5800000000002</ele>
   </trkpt>
   <trkpt lat="42.506220000000006" lon="2.1352700000000002">
    <ele>1476.17</ele>
   </trkpt>
   <trkpt lat="42.5063" lon="2.1353500000000003">
    <ele>1476.17</ele>
   </trkpt>
   <trkpt lat="42.50641" lon="2.13544">
    <ele>1474.8300000000002</ele>
   </trkpt>
   <trkpt lat="42.50699" lon="2.1358">
    <ele>1470.93</ele>
   </trkpt>
   <trkpt lat="42.50753" lon="2.1362400000000004">
    <ele>1468.1200000000001</ele>
   </trkpt>
   <trkpt lat="42.50761000000001" lon="2.13635">
    <ele>1468.1200000000001</ele>
   </trkpt>
   <trkpt lat="42.50775" lon="2.13694">
    <ele>1465.03</ele>
   </trkpt>
   <trkpt lat="42.507810000000006" lon="2.1371200000000004">
    <ele>1464.29</ele>
   </trkpt>
   <trkpt lat="42.50790000000001" lon="2.13727">
    <ele>1464.29</ele>
   </trkpt>
   <trkpt lat="42.508570000000006" lon="2.13774">
    <ele>1461.99</ele>
   </trkpt>
   <trkpt lat="42.50862" lon="2.1378000000000004">
    <ele>1461.5500000000002</ele>
   </trkpt>
   <trkpt lat="42.50867" lon="2.1379">
    <ele>1461.3</ele>
   </trkpt>
   <trkpt lat="42.508680000000005" lon="2.1381">
    <ele>1460.0900000000001</ele>
   </trkpt>
   <trkpt lat="42.50865" lon="2.1382100000000004">
    <ele>1459.7300000000002</ele>
   </trkpt>
   <trkpt lat="42.508520000000004" lon="2.1383900000000002">
    <ele>1458.96</ele>
   </trkpt>
   <trkpt lat="42.508390000000006" lon="2.1387500000000004">
    <ele>1454.8200000000002</ele>
   </trkpt>
   <trkpt lat="42.508370000000006" lon="2.13924">
    <ele>1452.6100000000001</ele>
   </trkpt>
   <trkpt lat="42.5083950016464" lon="2.1398549998110252">
    <ele>1448.92</ele>
   </trkpt>
   <trkpt lat="42.50842" lon="2.14047">
    <ele>1443.63</ele>
   </trkpt>
   <trkpt lat="42.50831" lon="2.14148">
    <ele>1435.44</ele>
   </trkpt>
   <trkpt lat="42.508230000000005" lon="2.14188">
    <ele>1432.9</ele>
   </trkpt>
   <trkpt lat="42.50815" lon="2.14218">
    <ele>1432.9</ele>
   </trkpt>
   <trkpt lat="42.50806" lon="2.1424000000000003">
    <ele>1428.77</ele>
   </trkpt>
   <trkpt lat="42.507940000000005" lon="2.1426000000000003">
    <ele>1427.6000000000001</ele>
   </trkpt>
   <trkpt lat="42.50751" lon="2.14316">
    <ele>1423.19</ele>
   </trkpt>
   <trkpt lat="42.50742" lon="2.14325">
    <ele>1422.44</ele>
   </trkpt>
   <trkpt lat="42.507310000000004" lon="2.14338">
    <ele>1420.8100000000002</ele>
   </trkpt>
   <trkpt lat="42.50714000000001" lon="2.1437000000000004">
    <ele>1419.69</ele>
   </trkpt>
   <trkpt lat="42.50704" lon="2.14384">
    <ele>1418.3000000000002</ele>
   </trkpt>
   <trkpt lat="42.50659" lon="2.14428">
    <ele>1415.8300000000002</ele>
   </trkpt>
   <trkpt lat="42.506510000000006" lon="2.1444900000000002">
    <ele>1413.66</ele>
   </trkpt>
   <trkpt lat="42.50654" lon="2.14467">
    <ele>1412.7500000000002</ele>
   </trkpt>
   <trkpt lat="42.50658000000001" lon="2.14475">
    <ele>1412.7500000000002</ele>
   </trkpt>
   <trkpt lat="42.5067" lon="2.1448400000000003">
    <ele>1410.41</ele>
   </trkpt>
   <trkpt lat="42.506870000000006" lon="2.14488">
    <ele>1409.0800000000002</ele>
   </trkpt>
   <trkpt lat="42.50723000000001" lon="2.1448500000000004">
    <ele>1405.96</ele>
   </trkpt>
   <trkpt lat="42.50753" lon="2.1449100000000003">
    <ele>1403.8400000000001</ele>
   </trkpt>
   <trkpt lat="42.50799000000001" lon="2.14503">
    <ele>1402.0</ele>
   </trkpt>
   <trkpt lat="42.508070000000004" lon="2.1451000000000002">
    <ele>1401.5000000000002</ele>
   </trkpt>
   <trkpt lat="42.50813" lon="2.14521">
    <ele>1400.8500000000001</ele>
   </trkpt>
   <trkpt lat="42.508160000000004" lon="2.1453">
    <ele>1400.03</ele>
   </trkpt>
   <trkpt lat="42.50815" lon="2.14543">
    <ele>1399.1</ele>
   </trkpt>
   <trkpt lat="42.508120000000005" lon="2.14555">
    <ele>1397.63</ele>
   </trkpt>
   <trkpt lat="42.508070000000004" lon="2.14567">
    <ele>1396.6900000000003</ele>
   </trkpt>
   <trkpt lat="42.50782" lon="2.1461300000000003">
    <ele>1393.9</ele>
   </trkpt>
   <trkpt lat="42.50773" lon="2.14635">
    <ele>1391.76</ele>
   </trkpt>
   <trkpt lat="42.50766" lon="2.14676">
    <ele>1389.45</ele>
   </trkpt>
   <trkpt lat="42.507650000000005" lon="2.1470700000000003">
    <ele>1387.04</ele>
   </trkpt>
   <trkpt lat="42.50768" lon="2.1473">
    <ele>1386.16</ele>
   </trkpt>
   <trkpt lat="42.507720000000006" lon="2.14747">
    <ele>1385.0300000000002</ele>
   </trkpt>
   <trkpt lat="42.50784" lon="2.14773">
    <ele>1386.83</ele>
   </trkpt>
   <trkpt lat="42.508" lon="2.14818">
    <ele>1383.41</ele>
   </trkpt>
   <trkpt lat="42.50804" lon="2.1485100000000004">
    <ele>1380.68</ele>
   </trkpt>
   <trkpt lat="42.50804" lon="2.1489700000000003">
    <ele>1376.8200000000002</ele>
   </trkpt>
   <trkpt lat="42.50806" lon="2.14913">
    <ele>1375.91</ele>
   </trkpt>
   <trkpt lat="42.508100000000006" lon="2.1492400000000003">
    <ele>1374.94</ele>
   </trkpt>
   <trkpt lat="42.5082" lon="2.1493900000000004">
    <ele>1372.43</ele>
   </trkpt>
   <trkpt lat="42.508520000000004" lon="2.1497800000000002">
    <ele>1370.0400000000002</ele>
   </trkpt>
   <trkpt lat="42.5086" lon="2.14991">
    <ele>1366.92</ele>
   </trkpt>
   <trkpt lat="42.50865" lon="2.15004">
    <ele>1366.92</ele>
   </trkpt>
   <trkpt lat="42.508680000000005" lon="2.1502600000000003">
    <ele>1365.99</ele>
   </trkpt>
   <trkpt lat="42.50873000000001" lon="2.15037">
    <ele>1365.99</ele>
   </trkpt>
   <trkpt lat="42.508990000000004" lon="2.1506600000000002">
    <ele>1364.0100000000002</ele>
   </trkpt>
   <trkpt lat="42.50902000000001" lon="2.1507400000000003">
    <ele>1363.2300000000002</ele>
   </trkpt>
   <trkpt lat="42.50903" lon="2.15092">
    <ele>1362.2800000000002</ele>
   </trkpt>
   <trkpt lat="42.509" lon="2.1510200000000004">
    <ele>1361.2300000000002</ele>
   </trkpt>
   <trkpt lat="42.50893000000001" lon="2.1511500000000003">
    <ele>1359.02</ele>
   </trkpt>
   <trkpt lat="42.508520000000004" lon="2.1516300000000004">
    <ele>1353.18</ele>
   </trkpt>
   <trkpt lat="42.50833" lon="2.1519000000000004">
    <ele>1351.4400000000003</ele>
   </trkpt>
   <trkpt lat="42.50798" lon="2.1521600000000003">
    <ele>1348.65</ele>
   </trkpt>
   <trkpt lat="42.50786" lon="2.15228">
    <ele>1347.2700000000002</ele>
   </trkpt>
   <trkpt lat="42.507760000000005" lon="2.1524300000000003">
    <ele>1347.2700000000002</ele>
   </trkpt>
   <trkpt lat="42.50770000000001" lon="2.15261">
    <ele>1344.2</ele>
   </trkpt>
   <trkpt lat="42.50766" lon="2.1528300000000002">
    <ele>1342.96</ele>
   </trkpt>
   <trkpt lat="42.507555003413" lon="2.153720001750319">
    <ele>1338.0800000000002</ele>
   </trkpt>
   <trkpt lat="42.507450000000006" lon="2.1546100000000004">
    <ele>1334.23</ele>
   </trkpt>
   <trkpt lat="42.507470000000005" lon="2.1548800000000004">
    <ele>1331.4</ele>
   </trkpt>
   <trkpt lat="42.50752000000001" lon="2.1550900000000004">
    <ele>1331.4</ele>
   </trkpt>
   <trkpt lat="42.50770000000001" lon="2.1553600000000004">
    <ele>1329.7</ele>
   </trkpt>
   <trkpt lat="42.50779" lon="2.15545">
    <ele>1328.42</ele>
   </trkpt>
   <trkpt lat="42.50793" lon="2.15552">
    <ele>1327.8400000000001</ele>
   </trkpt>
   <trkpt lat="42.508100000000006" lon="2.1555600000000004">
    <ele>1326.77</ele>
   </trkpt>
   <trkpt lat="42.508320000000005" lon="2.15557">
    <ele>1325.44</ele>
   </trkpt>
   <trkpt lat="42.508430000000004" lon="2.1556100000000002">
    <ele>1324.99</ele>
   </trkpt>
   <trkpt lat="42.50858" lon="2.15573">
    <ele>1323.94</ele>
   </trkpt>
   <trkpt lat="42.50864000000001" lon="2.15585">
    <ele>1323.29</ele>
   </trkpt>
   <trkpt lat="42.508680000000005" lon="2.15598">
    <ele>1322.57</ele>
   </trkpt>
   <trkpt lat="42.508700000000005" lon="2.1561500000000002">
    <ele>1322.57</ele>
   </trkpt>
   <trkpt lat="42.50865" lon="2.15721">
    <ele>1317.08</ele>
   </trkpt>
   <trkpt lat="42.508630000000004" lon="2.15733">
    <ele>1314.14</ele>
   </trkpt>
   <trkpt lat="42.50854" lon="2.1575200000000003">
    <ele>1310.0900000000001</ele>
   </trkpt>
   <trkpt lat="42.5082" lon="2.1577800000000003">
    <ele>1307.96</ele>
   </trkpt>
   <trkpt lat="42.5077200004418" lon="2.158170003172923">
    <ele>1303.73</ele>
   </trkpt>
   <trkpt lat="42.50724" lon="2.15856">
    <ele>1302.66</ele>
   </trkpt>
   <trkpt lat="42.50704" lon="2.15889">
    <ele>1302.47</ele>
   </trkpt>
   <trkpt lat="42.50699" lon="2.15892">
    <ele>1302.27</ele>
   </trkpt>
   <trkpt lat="42.50694" lon="2.1589400000000003">
    <ele>1302.27</ele>
   </trkpt>
   <trkpt lat="42.50683" lon="2.15891">
    <ele>1301.29</ele>
   </trkpt>
   <trkpt lat="42.50674" lon="2.15879">
    <ele>1301.29</ele>
   </trkpt>
   <trkpt lat="42.506710000000005" lon="2.15869">
    <ele>1301.29</ele>
   </trkpt>
   <trkpt lat="42.50672" lon="2.15852">
    <ele>1300.28</ele>
   </trkpt>
   <trkpt lat="42.506800000000005" lon="2.1584000000000003">
    <ele>1300.0</ele>
   </trkpt>
   <trkpt lat="42.506870000000006" lon="2.15837">
    <ele>1300.0</ele>
   </trkpt>
   <trkpt lat="42.50712" lon="2.1583300000000003">
    <ele>1299.14</ele>
   </trkpt>
   <trkpt lat="42.50724" lon="2.1582600000000003">
    <ele>1298.19</ele>
   </trkpt>
   <trkpt lat="42.50739" lon="2.1581300000000003">
    <ele>1296.38</ele>
   </trkpt>
   <trkpt lat="42.507660001317596" lon="2.157595002165317">
    <ele>1293.97</ele>
   </trkpt>
   <trkpt lat="42.50793" lon="2.15706">
    <ele>1288.6200000000001</ele>
   </trkpt>
   <trkpt lat="42.50798" lon="2.15687">
    <ele>1287.0300000000002</ele>
   </trkpt>
   <trkpt lat="42.50795" lon="2.15669">
    <ele>1285.7900000000002</ele>
   </trkpt>
   <trkpt lat="42.50788" lon="2.15654">
    <ele>1283.8400000000001</ele>
   </trkpt>
   <trkpt lat="42.507810000000006" lon="2.15647">
    <ele>1283.8400000000001</ele>
   </trkpt>
   <trkpt lat="42.50766" lon="2.15641">
    <ele>1282.18</ele>
   </trkpt>
   <trkpt lat="42.507020000000004" lon="2.15632">
    <ele>1277.6100000000001</ele>
   </trkpt>
   <trkpt lat="42.506750000000004" lon="2.15634">
    <ele>1276.68</ele>
   </trkpt>
   <trkpt lat="42.506640000000004" lon="2.1563000000000003">
    <ele>1276.44</ele>
   </trkpt>
   <trkpt lat="42.50658000000001" lon="2.15625">
    <ele>1276.3200000000002</ele>
   </trkpt>
   <trkpt lat="42.506510000000006" lon="2.1561000000000003">
    <ele>1275.8200000000002</ele>
   </trkpt>
   <trkpt lat="42.50649000000001" lon="2.156">
    <ele>1275.8200000000002</ele>
   </trkpt>
   <trkpt lat="42.50652" lon="2.1558300000000004">
    <ele>1274.81</ele>
   </trkpt>
   <trkpt lat="42.50659" lon="2.15571">
    <ele>1274.43</ele>
   </trkpt>
   <trkpt lat="42.50665" lon="2.15543">
    <ele>1273.76</ele>
   </trkpt>
   <trkpt lat="42.506510000000006" lon="2.15486">
    <ele>1270.92</ele>
   </trkpt>
   <trkpt lat="42.50648" lon="2.15462">
    <ele>1269.89</ele>
   </trkpt>
   <trkpt lat="42.50652" lon="2.15389">
    <ele>1268.39</ele>
   </trkpt>
   <trkpt lat="42.50649000000001" lon="2.15376">
    <ele>1268.2300000000002</ele>
   </trkpt>
   <trkpt lat="42.50638" lon="2.15361">
    <ele>1266.69</ele>
   </trkpt>
   <trkpt lat="42.50636" lon="2.1535200000000003">
    <ele>1266.69</ele>
   </trkpt>
   <trkpt lat="42.506370000000004" lon="2.15322">
    <ele>1264.16</ele>
   </trkpt>
   <trkpt lat="42.50636" lon="2.15307">
    <ele>1262.69</ele>
   </trkpt>
   <trkpt lat="42.50623" lon="2.15238">
    <ele>1258.07</ele>
   </trkpt>
   <trkpt lat="42.50621" lon="2.1521500000000002">
    <ele>1257.0400000000002</ele>
   </trkpt>
   <trkpt lat="42.506280000000004" lon="2.15179">
    <ele>1255.7200000000003</ele>
   </trkpt>
   <trkpt lat="42.506350000000005" lon="2.1516800000000003">
    <ele>1255.77</ele>
   </trkpt>
   <trkpt lat="42.50638" lon="2.1516">
    <ele>1255.77</ele>
   </trkpt>
   <trkpt lat="42.50639" lon="2.1514900000000003">
    <ele>1255.77</ele>
   </trkpt>
   <trkpt lat="42.506350000000005" lon="2.15133">
    <ele>1255.68</ele>
   </trkpt>
   <trkpt lat="42.506310000000006" lon="2.1512800000000003">
    <ele>1255.47</ele>
   </trkpt>
   <trkpt lat="42.50621" lon="2.15123">
    <ele>1255.14</ele>
   </trkpt>
   <trkpt lat="42.50614" lon="2.15124">
    <ele>1254.71</ele>
   </trkpt>
   <trkpt lat="42.50603" lon="2.1513600000000004">
    <ele>1254.71</ele>
   </trkpt>
   <trkpt lat="42.506" lon="2.15144">
    <ele>1253.21</ele>
   </trkpt>
   <trkpt lat="42.50598" lon="2.15158">
    <ele>1253.21</ele>
   </trkpt>
   <trkpt lat="42.50609000545637" lon="2.152699998067411">
    <ele>1251.17</ele>
   </trkpt>
   <trkpt lat="42.50620000000001" lon="2.15382">
    <ele>1248.2000000000003</ele>
   </trkpt>
   <trkpt lat="42.506175002102516" lon="2.1545150001973807">
    <ele>1246.0</ele>
   </trkpt>
   <trkpt lat="42.506150000000005" lon="2.1552100000000003">
    <ele>1243.0800000000002</ele>
   </trkpt>
   <trkpt lat="42.506130000000006" lon="2.1553600000000004">
    <ele>1242.3500000000001</ele>
   </trkpt>
   <trkpt lat="42.50607" lon="2.15552">
    <ele>1241.5500000000002</ele>
   </trkpt>
   <trkpt lat="42.50562" lon="2.1561600000000003">
    <ele>1236.72</ele>
   </trkpt>
   <trkpt lat="42.50554" lon="2.1563100000000004">
    <ele>1235.88</ele>
   </trkpt>
   <trkpt lat="42.505500000000005" lon="2.15662">
    <ele>1234.07</ele>
   </trkpt>
   <trkpt lat="42.505520000000004" lon="2.1567600000000002">
    <ele>1232.75</ele>
   </trkpt>
   <trkpt lat="42.505570000000006" lon="2.1569100000000003">
    <ele>1231.48</ele>
   </trkpt>
   <trkpt lat="42.50571" lon="2.15716">
    <ele>1228.46</ele>
   </trkpt>
   <trkpt lat="42.505720000000004" lon="2.15729">
    <ele>1228.46</ele>
   </trkpt>
   <trkpt lat="42.50571" lon="2.15741">
    <ele>1227.67</ele>
   </trkpt>
   <trkpt lat="42.505660000000006" lon="2.1575800000000003">
    <ele>1226.4400000000003</ele>
   </trkpt>
   <trkpt lat="42.505590000000005" lon="2.1576600000000004">
    <ele>1226.4400000000003</ele>
   </trkpt>
   <trkpt lat="42.50549" lon="2.1577300000000004">
    <ele>1224.24</ele>
   </trkpt>
   <trkpt lat="42.50538" lon="2.1578500000000003">
    <ele>1223.19</ele>
   </trkpt>
   <trkpt lat="42.505300000000005" lon="2.1580000000000004">
    <ele>1223.19</ele>
   </trkpt>
   <trkpt lat="42.50526000000001" lon="2.15815">
    <ele>1221.5800000000002</ele>
   </trkpt>
   <trkpt lat="42.505250000000004" lon="2.15831">
    <ele>1220.05</ele>
   </trkpt>
   <trkpt lat="42.50533" lon="2.1586000000000003">
    <ele>1220.0000000000002</ele>
   </trkpt>
   <trkpt lat="42.505650001192926" lon="2.1591199973667483">
    <ele>1217.18</ele>
   </trkpt>
   <trkpt lat="42.505970000000005" lon="2.15964">
    <ele>1213.48</ele>
   </trkpt>
   <trkpt lat="42.506240000000005" lon="2.1608">
    <ele>1202.91</ele>
   </trkpt>
   <trkpt lat="42.506260000000005" lon="2.1609800000000003">
    <ele>1201.75</ele>
   </trkpt>
   <trkpt lat="42.506260000000005" lon="2.1611900000000004">
    <ele>1201.03</ele>
   </trkpt>
   <trkpt lat="42.506150000000005" lon="2.16177">
    <ele>1197.87</ele>
   </trkpt>
   <trkpt lat="42.50616" lon="2.1619300000000004">
    <ele>1196.88</ele>
   </trkpt>
   <trkpt lat="42.50621" lon="2.1620700000000004">
    <ele>1195.7900000000002</ele>
   </trkpt>
   <trkpt lat="42.506460000000004" lon="2.16238">
    <ele>1192.82</ele>
   </trkpt>
   <trkpt lat="42.50649000000001" lon="2.16245">
    <ele>1192.82</ele>
   </trkpt>
   <trkpt lat="42.50649000000001" lon="2.1627300000000003">
    <ele>1190.93</ele>
   </trkpt>
   <trkpt lat="42.506440000000005" lon="2.1628700000000003">
    <ele>1188.4</ele>
   </trkpt>
   <trkpt lat="42.50639" lon="2.1629300000000002">
    <ele>1188.4</ele>
   </trkpt>
   <trkpt lat="42.50621" lon="2.16306">
    <ele>1185.99</ele>
   </trkpt>
   <trkpt lat="42.50614" lon="2.1631500000000004">
    <ele>1185.15</ele>
   </trkpt>
   <trkpt lat="42.50609" lon="2.1632700000000002">
    <ele>1184.23</ele>
   </trkpt>
   <trkpt lat="42.506060000000005" lon="2.1634200000000003">
    <ele>1184.23</ele>
   </trkpt>
   <trkpt lat="42.506040000000006" lon="2.1639600000000003">
    <ele>1179.5600000000002</ele>
   </trkpt>
   <trkpt lat="42.50611000000001" lon="2.1644300000000003">
    <ele>1176.38</ele>
   </trkpt>
   <trkpt lat="42.506060000000005" lon="2.1646300000000003">
    <ele>1175.0200000000002</ele>
   </trkpt>
   <trkpt lat="42.50592" lon="2.16487">
    <ele>1173.5600000000002</ele>
   </trkpt>
   <trkpt lat="42.505860000000006" lon="2.1650400000000003">
    <ele>1172.39</ele>
   </trkpt>
   <trkpt lat="42.50583" lon="2.1653200000000004">
    <ele>1170.7500000000002</ele>
   </trkpt>
   <trkpt lat="42.50589" lon="2.16557">
    <ele>1168.63</ele>
   </trkpt>
   <trkpt lat="42.505950000000006" lon="2.1657">
    <ele>1168.63</ele>
   </trkpt>
   <trkpt lat="42.50616" lon="2.1659900000000003">
    <ele>1165.2</ele>
   </trkpt>
   <trkpt lat="42.50627" lon="2.16623">
    <ele>1163.37</ele>
   </trkpt>
   <trkpt lat="42.506350000000005" lon="2.16657">
    <ele>1160.9900000000002</ele>
   </trkpt>
   <trkpt lat="42.506400000000006" lon="2.16696">
    <ele>1158.43</ele>
   </trkpt>
   <trkpt lat="42.50647" lon="2.16724">
    <ele>1157.43</ele>
   </trkpt>
   <trkpt lat="42.50658000000001" lon="2.16751">
    <ele>1155.65</ele>
   </trkpt>
   <trkpt lat="42.5067" lon="2.16771">
    <ele>1155.14</ele>
   </trkpt>
   <trkpt lat="42.50688" lon="2.16791">
    <ele>1153.1100000000001</ele>
   </trkpt>
   <trkpt lat="42.50692" lon="2.16801">
    <ele>1153.1100000000001</ele>
   </trkpt>
   <trkpt lat="42.50695" lon="2.16818">
    <ele>1152.0900000000001</ele>
   </trkpt>
   <trkpt lat="42.50694" lon="2.16838">
    <ele>1150.94</ele>
   </trkpt>
   <trkpt lat="42.50688" lon="2.1685700000000003">
    <ele>1148.89</ele>
   </trkpt>
   <trkpt lat="42.50659" lon="2.16929">
    <ele>1143.78</ele>
   </trkpt>
   <trkpt lat="42.50625" lon="2.17008">
    <ele>1140.08</ele>
   </trkpt>
   <trkpt lat="42.506190000000004" lon="2.17024">
    <ele>1134.9900000000002</ele>
   </trkpt>
   <trkpt lat="42.506130000000006" lon="2.17051">
    <ele>1134.9900000000002</ele>
   </trkpt>
   <trkpt lat="42.50611000000001" lon="2.1707300000000003">
    <ele>1134.26</ele>
   </trkpt>
   <trkpt lat="42.50612" lon="2.17111">
    <ele>1131.42</ele>
   </trkpt>
   <trkpt lat="42.50620000237704" lon="2.171854998715597">
    <ele>1126.73</ele>
   </trkpt>
   <trkpt lat="42.506280000000004" lon="2.1726">
    <ele>1122.77</ele>
   </trkpt>
   <trkpt lat="42.50641" lon="2.17302">
    <ele>1120.43</ele>
   </trkpt>
   <trkpt lat="42.5065" lon="2.17316">
    <ele>1119.5900000000001</ele>
   </trkpt>
   <trkpt lat="42.506800000000005" lon="2.17354">
    <ele>1117.82</ele>
   </trkpt>
   <trkpt lat="42.506870000000006" lon="2.17376">
    <ele>1116.77</ele>
   </trkpt>
   <trkpt lat="42.506980000000006" lon="2.1744700000000003">
    <ele>1114.44</ele>
   </trkpt>
   <trkpt lat="42.50706" lon="2.1746000000000003">
    <ele>1113.3200000000002</ele>
   </trkpt>
   <trkpt lat="42.50717" lon="2.17469">
    <ele>1112.54</ele>
   </trkpt>
   <trkpt lat="42.507290000000005" lon="2.17472">
    <ele>1111.66</ele>
   </trkpt>
   <trkpt lat="42.50757" lon="2.17475">
    <ele>1108.64</ele>
   </trkpt>
   <trkpt lat="42.507690000000004" lon="2.1747900000000002">
    <ele>1107.92</ele>
   </trkpt>
   <trkpt lat="42.507850000000005" lon="2.1749">
    <ele>1106.0800000000002</ele>
   </trkpt>
   <trkpt lat="42.507960000000004" lon="2.1750200000000004">
    <ele>1105.5700000000002</ele>
   </trkpt>
   <trkpt lat="42.508030000000005" lon="2.1751300000000002">
    <ele>1105.1000000000001</ele>
   </trkpt>
   <trkpt lat="42.508100000000006" lon="2.1752800000000003">
    <ele>1104.4900000000002</ele>
   </trkpt>
   <trkpt lat="42.5082" lon="2.17559">
    <ele>1103.39</ele>
   </trkpt>
   <trkpt lat="42.50829" lon="2.1757">
    <ele>1102.68</ele>
   </trkpt>
   <trkpt lat="42.508410000000005" lon="2.1757500000000003">
    <ele>1101.75</ele>
   </trkpt>
   <trkpt lat="42.50855000000001" lon="2.17573">
    <ele>1101.75</ele>
   </trkpt>
   <trkpt lat="42.50862" lon="2.1756800000000003">
    <ele>1099.5300000000002</ele>
   </trkpt>
   <trkpt lat="42.508680000000005" lon="2.1756100000000003">
    <ele>1099.5300000000002</ele>
   </trkpt>
   <trkpt lat="42.508770000000005" lon="2.17546">
    <ele>1098.23</ele>
   </trkpt>
   <trkpt lat="42.50885" lon="2.17539">
    <ele>1097.68</ele>
   </trkpt>
   <trkpt lat="42.50893000000001" lon="2.1753500000000003">
    <ele>1097.68</ele>
   </trkpt>
   <trkpt lat="42.50902000000001" lon="2.17536">
    <ele>1096.69</ele>
   </trkpt>
   <trkpt lat="42.509100000000004" lon="2.1754100000000003">
    <ele>1096.0800000000002</ele>
   </trkpt>
   <trkpt lat="42.50927" lon="2.17572">
    <ele>1093.6100000000001</ele>
   </trkpt>
   <trkpt lat="42.50939" lon="2.1758">
    <ele>1092.17</ele>
   </trkpt>
   <trkpt lat="42.51024" lon="2.17593">
    <ele>1081.7</ele>
   </trkpt>
   <trkpt lat="42.510400000000004" lon="2.17598">
    <ele>1081.7</ele>
   </trkpt>
   <trkpt lat="42.51066" lon="2.1761500000000003">
    <ele>1079.55</ele>
   </trkpt>
   <trkpt lat="42.5108" lon="2.17628">
    <ele>1077.5100000000002</ele>
   </trkpt>
   <trkpt lat="42.51091" lon="2.1764200000000002">
    <ele>1075.8300000000002</ele>
   </trkpt>
   <trkpt lat="42.5112300011654" lon="2.176924997504191">
    <ele>1071.5</ele>
   </trkpt>
   <trkpt lat="42.51155000000001" lon="2.17743">
    <ele>1067.67</ele>
   </trkpt>
   <trkpt lat="42.511630000000004" lon="2.17762">
    <ele>1067.8500000000001</ele>
   </trkpt>
   <trkpt lat="42.51167" lon="2.17776">
    <ele>1068.0800000000002</ele>
   </trkpt>
   <trkpt lat="42.51178" lon="2.17836">
    <ele>1068.64</ele>
   </trkpt>
   <trkpt lat="42.51193500351165" lon="2.179259997713983">
    <ele>1067.6100000000001</ele>
   </trkpt>
   <trkpt lat="42.51209" lon="2.1801600000000003">
    <ele>1064.6200000000001</ele>
   </trkpt>
   <trkpt lat="42.51211000000001" lon="2.1804">
    <ele>1063.22</ele>
   </trkpt>
   <trkpt lat="42.512040000000006" lon="2.18086">
    <ele>1062.42</ele>
   </trkpt>
   <trkpt lat="42.51205" lon="2.18143">
    <ele>1061.21</ele>
   </trkpt>
   <trkpt lat="42.51228000394142" lon="2.182379996579856">
    <ele>1057.3700000000001</ele>
   </trkpt>
   <trkpt lat="42.512510000000006" lon="2.18333">
    <ele>1053.29</ele>
   </trkpt>
   <trkpt lat="42.512550000000005" lon="2.18353">
    <ele>1052.91</ele>
   </trkpt>
   <trkpt lat="42.51258000000001" lon="2.1838900000000003">
    <ele>1051.7500000000002</ele>
   </trkpt>
   <trkpt lat="42.51261" lon="2.18405">
    <ele>1051.7500000000002</ele>
   </trkpt>
   <trkpt lat="42.512690000000006" lon="2.18428">
    <ele>1049.95</ele>
   </trkpt>
   <trkpt lat="42.51296500201464" lon="2.1849499972062096">
    <ele>1044.48</ele>
   </trkpt>
   <trkpt lat="42.51324" lon="2.18562">
    <ele>1037.96</ele>
   </trkpt>
   <trkpt lat="42.513270000000006" lon="2.18576">
    <ele>1037.1200000000001</ele>
   </trkpt>
   <trkpt lat="42.513290000000005" lon="2.1859200000000003">
    <ele>1036.0900000000001</ele>
   </trkpt>
   <trkpt lat="42.513250000000006" lon="2.18622">
    <ele>1034.7700000000002</ele>
   </trkpt>
   <trkpt lat="42.513070000000006" lon="2.1869400000000003">
    <ele>1032.8500000000001</ele>
   </trkpt>
   <trkpt lat="42.513130000000004" lon="2.1875">
    <ele>1031.7</ele>
   </trkpt>
   <trkpt lat="42.513020000000004" lon="2.18818">
    <ele>1029.46</ele>
   </trkpt>
   <trkpt lat="42.513020000000004" lon="2.1884200000000003">
    <ele>1029.46</ele>
   </trkpt>
   <trkpt lat="42.51306" lon="2.1887000000000003">
    <ele>1028.93</ele>
   </trkpt>
   <trkpt lat="42.51324500208279" lon="2.1893899980068996">
    <ele>1023.9200000000002</ele>
   </trkpt>
   <trkpt lat="42.51343000000001" lon="2.19008">
    <ele>1019.8200000000002</ele>
   </trkpt>
   <trkpt lat="42.51355" lon="2.19075">
    <ele>1016.7900000000001</ele>
   </trkpt>
   <trkpt lat="42.513630000000006" lon="2.19099">
    <ele>1015.1700000000001</ele>
   </trkpt>
   <trkpt lat="42.51373" lon="2.19119">
    <ele>1013.76</ele>
   </trkpt>
   <trkpt lat="42.514160000000004" lon="2.19186">
    <ele>1010.78</ele>
   </trkpt>
   <trkpt lat="42.51429" lon="2.19219">
    <ele>1009.5</ele>
   </trkpt>
   <trkpt lat="42.51436" lon="2.19232">
    <ele>1007.6700000000001</ele>
   </trkpt>
   <trkpt lat="42.514480000000006" lon="2.1924900000000003">
    <ele>1006.5500000000001</ele>
   </trkpt>
   <trkpt lat="42.51485" lon="2.19286">
    <ele>1005.36</ele>
   </trkpt>
   <trkpt lat="42.51491" lon="2.1929800000000004">
    <ele>1005.36</ele>
   </trkpt>
   <trkpt lat="42.51496" lon="2.19321">
    <ele>1003.93</ele>
   </trkpt>
   <trkpt lat="42.514920000000004" lon="2.1937800000000003">
    <ele>1002.0400000000001</ele>
   </trkpt>
   <trkpt lat="42.51493000000001" lon="2.19404">
    <ele>999.2400000000001</ele>
   </trkpt>
   <trkpt lat="42.51505" lon="2.1944600000000003">
    <ele>994.5</ele>
   </trkpt>
   <trkpt lat="42.51511" lon="2.19455">
    <ele>991.83</ele>
   </trkpt>
   <trkpt lat="42.515280000000004" lon="2.19476">
    <ele>990.4900000000001</ele>
   </trkpt>
   <trkpt lat="42.51596000000001" lon="2.1953300000000002">
    <ele>984.8500000000001</ele>
   </trkpt>
   <trkpt lat="42.516630000000006" lon="2.1955600000000004">
    <ele>981.1700000000001</ele>
   </trkpt>
   <trkpt lat="42.516740000000006" lon="2.19564">
    <ele>980.7300000000001</ele>
   </trkpt>
   <trkpt lat="42.516850000000005" lon="2.1957500000000003">
    <ele>980.25</ele>
   </trkpt>
   <trkpt lat="42.516940000000005" lon="2.19591">
    <ele>979.1</ele>
   </trkpt>
   <trkpt lat="42.517010000000006" lon="2.19614">
    <ele>979.1</ele>
   </trkpt>
   <trkpt lat="42.51702" lon="2.1963600000000003">
    <ele>975.64</ele>
   </trkpt>
   <trkpt lat="42.517" lon="2.1965600000000003">
    <ele>974.9000000000001</ele>
   </trkpt>
   <trkpt lat="42.516890000000004" lon="2.19694">
    <ele>971.4100000000001</ele>
   </trkpt>
   <trkpt lat="42.51688" lon="2.1973000000000003">
    <ele>969.5300000000001</ele>
   </trkpt>
   <trkpt lat="42.517010000000006" lon="2.19789">
    <ele>967.72</ele>
   </trkpt>
   <trkpt lat="42.517010000000006" lon="2.19824">
    <ele>964.5400000000001</ele>
   </trkpt>
   <trkpt lat="42.51681000000001" lon="2.1989400000000003">
    <ele>961.0</ele>
   </trkpt>
   <trkpt lat="42.51664" lon="2.19945">
    <ele>960.4200000000001</ele>
   </trkpt>
   <trkpt lat="42.51662" lon="2.1996800000000003">
    <ele>960.32</ele>
   </trkpt>
   <trkpt lat="42.51664" lon="2.19984">
    <ele>960.1700000000001</ele>
   </trkpt>
   <trkpt lat="42.516690000000004" lon="2.20005">
    <ele>959.91</ele>
   </trkpt>
   <trkpt lat="42.51713" lon="2.2009100000000004">
    <ele>958.6300000000001</ele>
   </trkpt>
   <trkpt lat="42.51742000162472" lon="2.201509997339289">
    <ele>952.61</ele>
   </trkpt>
   <trkpt lat="42.51771" lon="2.2021100000000002">
    <ele>949.21</ele>
   </trkpt>
   <trkpt lat="42.517920000000004" lon="2.2027300000000003">
    <ele>945.25</ele>
   </trkpt>
   <trkpt lat="42.518060000000006" lon="2.20292">
    <ele>943.1700000000001</ele>
   </trkpt>
   <trkpt lat="42.5185" lon="2.20345">
    <ele>939.6700000000001</ele>
   </trkpt>
   <trkpt lat="42.51878000000001" lon="2.20373">
    <ele>939.94</ele>
   </trkpt>
   <trkpt lat="42.518910000000005" lon="2.20379">
    <ele>940.22</ele>
   </trkpt>
   <trkpt lat="42.51919" lon="2.20386">
    <ele>938.7900000000001</ele>
   </trkpt>
   <trkpt lat="42.51932" lon="2.20393">
    <ele>937.91</ele>
   </trkpt>
   <trkpt lat="42.519450000000006" lon="2.20404">
    <ele>935.03</ele>
   </trkpt>
   <trkpt lat="42.519540000000006" lon="2.20419">
    <ele>935.03</ele>
   </trkpt>
   <trkpt lat="42.51961" lon="2.20438">
    <ele>928.37</ele>
   </trkpt>
   <trkpt lat="42.519690000000004" lon="2.2048200000000002">
    <ele>924.9200000000001</ele>
   </trkpt>
   <trkpt lat="42.51971" lon="2.2057">
    <ele>922.12</ele>
   </trkpt>
   <trkpt lat="42.51977" lon="2.20601">
    <ele>922.1400000000001</ele>
   </trkpt>
   <trkpt lat="42.51982" lon="2.2061">
    <ele>922.1100000000001</ele>
   </trkpt>
   <trkpt lat="42.51995" lon="2.20623">
    <ele>921.95</ele>
   </trkpt>
   <trkpt lat="42.520070000000004" lon="2.20628">
    <ele>921.6500000000001</ele>
   </trkpt>
   <trkpt lat="42.52031" lon="2.2063300000000003">
    <ele>918.51</ele>
   </trkpt>
   <trkpt lat="42.520450000000004" lon="2.20641">
    <ele>914.82</ele>
   </trkpt>
   <trkpt lat="42.520590000000006" lon="2.2065400000000004">
    <ele>912.9800000000001</ele>
   </trkpt>
   <trkpt lat="42.520770000000006" lon="2.2068600000000003">
    <ele>910.6200000000001</ele>
   </trkpt>
   <trkpt lat="42.52111" lon="2.20771">
    <ele>905.45</ele>
   </trkpt>
   <trkpt lat="42.521170000000005" lon="2.20811">
    <ele>903.4900000000001</ele>
   </trkpt>
   <trkpt lat="42.52118" lon="2.20854">
    <ele>901.21</ele>
   </trkpt>
   <trkpt lat="42.521080000000005" lon="2.2094">
    <ele>897.17</ele>
   </trkpt>
   <trkpt lat="42.521100000000004" lon="2.20975">
    <ele>896.17</ele>
   </trkpt>
   <trkpt lat="42.521150000000006" lon="2.2099">
    <ele>895.3000000000001</ele>
   </trkpt>
   <trkpt lat="42.521300000000004" lon="2.21014">
    <ele>893.72</ele>
   </trkpt>
   <trkpt lat="42.52138" lon="2.2104600000000003">
    <ele>890.47</ele>
   </trkpt>
   <trkpt lat="42.52145" lon="2.2109900000000002">
    <ele>888.07</ele>
   </trkpt>
   <trkpt lat="42.52145" lon="2.2116000000000002">
    <ele>885.8600000000001</ele>
   </trkpt>
   <trkpt lat="42.52147" lon="2.21177">
    <ele>883.5600000000001</ele>
   </trkpt>
   <trkpt lat="42.521735002526626" lon="2.2125449964664146">
    <ele>880.2800000000001</ele>
   </trkpt>
   <trkpt lat="42.522000000000006" lon="2.2133200000000004">
    <ele>876.58</ele>
   </trkpt>
   <trkpt lat="42.52206" lon="2.2141">
    <ele>873.11</ele>
   </trkpt>
   <trkpt lat="42.52206" lon="2.2144700000000004">
    <ele>871.8500000000001</ele>
   </trkpt>
   <trkpt lat="42.521950000000004" lon="2.21497">
    <ele>869.6100000000001</ele>
   </trkpt>
   <trkpt lat="42.521950000000004" lon="2.2152100000000003">
    <ele>869.1</ele>
   </trkpt>
   <trkpt lat="42.521980000000006" lon="2.2153300000000002">
    <ele>868.3000000000001</ele>
   </trkpt>
   <trkpt lat="42.52219" lon="2.2156700000000003">
    <ele>866.4900000000001</ele>
   </trkpt>
   <trkpt lat="42.52228" lon="2.21591">
    <ele>863.7900000000001</ele>
   </trkpt>
   <trkpt lat="42.5223" lon="2.2160800000000003">
    <ele>863.7900000000001</ele>
   </trkpt>
   <trkpt lat="42.52225000000001" lon="2.21652">
    <ele>861.13</ele>
   </trkpt>
   <trkpt lat="42.52225000000001" lon="2.21688">
    <ele>859.2</ele>
   </trkpt>
   <trkpt lat="42.522270000000006" lon="2.21706">
    <ele>857.47</ele>
   </trkpt>
   <trkpt lat="42.522380000000005" lon="2.21735">
    <ele>857.47</ele>
   </trkpt>
   <trkpt lat="42.52263000000001" lon="2.21769">
    <ele>854.4</ele>
   </trkpt>
   <trkpt lat="42.52273" lon="2.21789">
    <ele>853.43</ele>
   </trkpt>
   <trkpt lat="42.52281000000001" lon="2.21817">
    <ele>852.52</ele>
   </trkpt>
   <trkpt lat="42.52281000000001" lon="2.21816">
    <ele>852.5600000000001</ele>
   </trkpt>
   <trkpt lat="42.522920000000006" lon="2.2183900000000003">
    <ele>851.38</ele>
   </trkpt>
   <trkpt lat="42.523010000000006" lon="2.21849">
    <ele>850.82</ele>
   </trkpt>
   <trkpt lat="42.52311" lon="2.21856">
    <ele>849.9000000000001</ele>
   </trkpt>
   <trkpt lat="42.52326" lon="2.21862">
    <ele>847.9200000000001</ele>
   </trkpt>
   <trkpt lat="42.523360000000004" lon="2.2187">
    <ele>847.9200000000001</ele>
   </trkpt>
   <trkpt lat="42.523610000000005" lon="2.21897">
    <ele>845.3000000000001</ele>
   </trkpt>
   <trkpt lat="42.52373" lon="2.2190700000000003">
    <ele>845.3000000000001</ele>
   </trkpt>
   <trkpt lat="42.52413000000001" lon="2.2193400000000003">
    <ele>841.9700000000001</ele>
   </trkpt>
   <trkpt lat="42.52425" lon="2.21946">
    <ele>841.9700000000001</ele>
   </trkpt>
   <trkpt lat="42.52441" lon="2.2196700000000003">
    <ele>839.57</ele>
   </trkpt>
   <trkpt lat="42.52451000000001" lon="2.21985">
    <ele>839.57</ele>
   </trkpt>
   <trkpt lat="42.52461" lon="2.2200800000000003">
    <ele>836.74</ele>
   </trkpt>
   <trkpt lat="42.524770000000004" lon="2.2206900000000003">
    <ele>832.37</ele>
   </trkpt>
   <trkpt lat="42.52500000115834" lon="2.221219997904144">
    <ele>831.35</ele>
   </trkpt>
   <trkpt lat="42.52523" lon="2.22175">
    <ele>828.13</ele>
   </trkpt>
   <trkpt lat="42.525290000000005" lon="2.2221300000000004">
    <ele>826.64</ele>
   </trkpt>
   <trkpt lat="42.52558000211107" lon="2.2228199968955247">
    <ele>823.83</ele>
   </trkpt>
   <trkpt lat="42.525870000000005" lon="2.22351">
    <ele>822.7700000000001</ele>
   </trkpt>
   <trkpt lat="42.5259" lon="2.2237">
    <ele>822.88</ele>
   </trkpt>
   <trkpt lat="42.525920000000006" lon="2.22404">
    <ele>823.5000000000001</ele>
   </trkpt>
   <trkpt lat="42.52588" lon="2.22434">
    <ele>824.4800000000001</ele>
   </trkpt>
   <trkpt lat="42.525760000000005" lon="2.2247000000000003">
    <ele>825.06</ele>
   </trkpt>
   <trkpt lat="42.52557" lon="2.22563">
    <ele>819.5300000000001</ele>
   </trkpt>
   <trkpt lat="42.5255" lon="2.2257700000000002">
    <ele>818.69</ele>
   </trkpt>
   <trkpt lat="42.52532" lon="2.22594">
    <ele>818.96</ele>
   </trkpt>
   <trkpt lat="42.52517" lon="2.2259800000000003">
    <ele>819.1700000000001</ele>
   </trkpt>
   <trkpt lat="42.52503" lon="2.2259900000000004">
    <ele>819.1700000000001</ele>
   </trkpt>
   <trkpt lat="42.52478000000001" lon="2.2259900000000004">
    <ele>819.12</ele>
   </trkpt>
   <trkpt lat="42.52469000000001" lon="2.22602">
    <ele>819.09</ele>
   </trkpt>
   <trkpt lat="42.52461" lon="2.2261100000000003">
    <ele>818.44</ele>
   </trkpt>
   <trkpt lat="42.52447" lon="2.2265200000000003">
    <ele>816.64</ele>
   </trkpt>
   <trkpt lat="42.5242" lon="2.2271400000000003">
    <ele>814.7</ele>
   </trkpt>
   <trkpt lat="42.524150000000006" lon="2.2273">
    <ele>814.7</ele>
   </trkpt>
   <trkpt lat="42.52403" lon="2.2279">
    <ele>813.6700000000001</ele>
   </trkpt>
   <trkpt lat="42.52402" lon="2.22806">
    <ele>813.4100000000001</ele>
   </trkpt>
   <trkpt lat="42.52404000000001" lon="2.22825">
    <ele>812.8700000000001</ele>
   </trkpt>
   <trkpt lat="42.52416" lon="2.22894">
    <ele>811.6800000000001</ele>
   </trkpt>
   <trkpt lat="42.52438334020938" lon="2.22982999359489">
    <ele>810.45</ele>
   </trkpt>
   <trkpt lat="42.524606673532254" lon="2.2307199935530373">
    <ele>808.91</ele>
   </trkpt>
   <trkpt lat="42.52483" lon="2.2316100000000003">
    <ele>806.5000000000001</ele>
   </trkpt>
   <trkpt lat="42.52487" lon="2.23191">
    <ele>804.59</ele>
   </trkpt>
   <trkpt lat="42.52506" lon="2.2325700000000004">
    <ele>803.19</ele>
   </trkpt>
   <trkpt lat="42.52516000000001" lon="2.23305">
    <ele>801.94</ele>
   </trkpt>
   <trkpt lat="42.52533500149368" lon="2.2336249985746663">
    <ele>799.54</ele>
   </trkpt>
   <trkpt lat="42.525510000000004" lon="2.2342">
    <ele>797.3500000000001</ele>
   </trkpt>
   <trkpt lat="42.52563000000001" lon="2.2344700000000004">
    <ele>796.54</ele>
   </trkpt>
   <trkpt lat="42.525710000000004" lon="2.23471">
    <ele>795.7</ele>
   </trkpt>
   <trkpt lat="42.525780000000005" lon="2.2350600000000003">
    <ele>795.24</ele>
   </trkpt>
   <trkpt lat="42.52591" lon="2.23545">
    <ele>793.0600000000001</ele>
   </trkpt>
   <trkpt lat="42.525980000000004" lon="2.23598">
    <ele>793.0600000000001</ele>
   </trkpt>
   <trkpt lat="42.52613" lon="2.23626">
    <ele>791.97</ele>
   </trkpt>
   <trkpt lat="42.52617" lon="2.23637">
    <ele>791.97</ele>
   </trkpt>
   <trkpt lat="42.526230000000005" lon="2.23672">
    <ele>791.49</ele>
   </trkpt>
   <trkpt lat="42.52629" lon="2.2369600000000003">
    <ele>789.99</ele>
   </trkpt>
   <trkpt lat="42.52653" lon="2.2375100000000003">
    <ele>787.5500000000001</ele>
   </trkpt>
   <trkpt lat="42.526740000000004" lon="2.2382500000000003">
    <ele>785.98</ele>
   </trkpt>
   <trkpt lat="42.526920000000004" lon="2.23881">
    <ele>783.71</ele>
   </trkpt>
   <trkpt lat="42.52713000402813" lon="2.239769996872706">
    <ele>780.14</ele>
   </trkpt>
   <trkpt lat="42.52734" lon="2.24073">
    <ele>777.08</ele>
   </trkpt>
   <trkpt lat="42.52747" lon="2.2415100000000003">
    <ele>774.0</ele>
   </trkpt>
   <trkpt lat="42.527660000000004" lon="2.2421300000000004">
    <ele>771.2500000000001</ele>
   </trkpt>
   <trkpt lat="42.52772" lon="2.2425100000000002">
    <ele>769.85</ele>
   </trkpt>
   <trkpt lat="42.52792" lon="2.2431900000000002">
    <ele>768.0400000000001</ele>
   </trkpt>
   <trkpt lat="42.52810500399177" lon="2.244144997311585">
    <ele>764.3000000000001</ele>
   </trkpt>
   <trkpt lat="42.528290000000005" lon="2.2451000000000003">
    <ele>761.8000000000001</ele>
   </trkpt>
   <trkpt lat="42.52835" lon="2.24574">
    <ele>761.3100000000001</ele>
   </trkpt>
   <trkpt lat="42.52839" lon="2.24589">
    <ele>761.17</ele>
   </trkpt>
   <trkpt lat="42.52845000000001" lon="2.24595">
    <ele>760.99</ele>
   </trkpt>
   <trkpt lat="42.528800000000004" lon="2.2459900000000004">
    <ele>755.3700000000001</ele>
   </trkpt>
   <trkpt lat="42.528870000000005" lon="2.2460400000000003">
    <ele>755.3700000000001</ele>
   </trkpt>
   <trkpt lat="42.52892000000001" lon="2.2461">
    <ele>755.29</ele>
   </trkpt>
   <trkpt lat="42.52902" lon="2.24634">
    <ele>755.36</ele>
   </trkpt>
   <trkpt lat="42.529250000000005" lon="2.24703">
    <ele>752.02</ele>
   </trkpt>
   <trkpt lat="42.529300000000006" lon="2.2471300000000003">
    <ele>751.5600000000001</ele>
   </trkpt>
   <trkpt lat="42.52944" lon="2.24724">
    <ele>750.02</ele>
   </trkpt>
   <trkpt lat="42.529740000000004" lon="2.2474100000000004">
    <ele>748.92</ele>
   </trkpt>
   <trkpt lat="42.529860000000006" lon="2.2475">
    <ele>748.46</ele>
   </trkpt>
   <trkpt lat="42.530080000000005" lon="2.2478000000000002">
    <ele>748.29</ele>
   </trkpt>
   <trkpt lat="42.53016" lon="2.2478700000000003">
    <ele>748.5600000000001</ele>
   </trkpt>
   <trkpt lat="42.53027" lon="2.24791">
    <ele>748.84</ele>
   </trkpt>
   <trkpt lat="42.5304" lon="2.24792">
    <ele>749.4000000000001</ele>
   </trkpt>
   <trkpt lat="42.53060000000001" lon="2.24786">
    <ele>750.9</ele>
   </trkpt>
   <trkpt lat="42.5307" lon="2.24777">
    <ele>750.9</ele>
   </trkpt>
   <trkpt lat="42.53079" lon="2.24763">
    <ele>752.29</ele>
   </trkpt>
   <trkpt lat="42.53087" lon="2.2475500000000004">
    <ele>752.8800000000001</ele>
   </trkpt>
   <trkpt lat="42.531000000000006" lon="2.24749">
    <ele>753.5</ele>
   </trkpt>
   <trkpt lat="42.531110000000005" lon="2.2475">
    <ele>755.8900000000001</ele>
   </trkpt>
   <trkpt lat="42.53128" lon="2.24756">
    <ele>755.8900000000001</ele>
   </trkpt>
   <trkpt lat="42.53137" lon="2.2476700000000003">
    <ele>757.7600000000001</ele>
   </trkpt>
   <trkpt lat="42.53157" lon="2.24803">
    <ele>759.6400000000001</ele>
   </trkpt>
   <trkpt lat="42.53164" lon="2.2483600000000004">
    <ele>760.6400000000001</ele>
   </trkpt>
   <trkpt lat="42.53168" lon="2.24845">
    <ele>762.0500000000001</ele>
   </trkpt>
   <trkpt lat="42.53175" lon="2.24853">
    <ele>762.38</ele>
   </trkpt>
   <trkpt lat="42.53183000000001" lon="2.2485600000000003">
    <ele>762.9800000000001</ele>
   </trkpt>
   <trkpt lat="42.531890000000004" lon="2.2485600000000003">
    <ele>762.9800000000001</ele>
   </trkpt>
   <trkpt lat="42.53204" lon="2.2485000000000004">
    <ele>765.24</ele>
   </trkpt>
   <trkpt lat="42.53213" lon="2.24851">
    <ele>765.24</ele>
   </trkpt>
   <trkpt lat="42.532410000000006" lon="2.24874">
    <ele>766.96</ele>
   </trkpt>
   <trkpt lat="42.532880000000006" lon="2.24891">
    <ele>768.24</ele>
   </trkpt>
   <trkpt lat="42.532970000000006" lon="2.2489700000000004">
    <ele>768.27</ele>
   </trkpt>
   <trkpt lat="42.533030000000004" lon="2.24906">
    <ele>768.26</ele>
   </trkpt>
   <trkpt lat="42.53311" lon="2.24942">
    <ele>768.1000000000001</ele>
   </trkpt>
   <trkpt lat="42.53314" lon="2.2497700000000003">
    <ele>768.12</ele>
   </trkpt>
   <trkpt lat="42.53311" lon="2.24993">
    <ele>768.12</ele>
   </trkpt>
   <trkpt lat="42.53284" lon="2.25057">
    <ele>768.2800000000001</ele>
   </trkpt>
   <trkpt lat="42.53278" lon="2.25083">
    <ele>768.47</ele>
   </trkpt>
   <trkpt lat="42.532740000000004" lon="2.25117">
    <ele>768.5400000000001</ele>
   </trkpt>
   <trkpt lat="42.532770000000006" lon="2.25159">
    <ele>768.8000000000001</ele>
   </trkpt>
   <trkpt lat="42.53282" lon="2.2518200000000004">
    <ele>768.7100000000002</ele>
   </trkpt>
   <trkpt lat="42.53291" lon="2.2520900000000004">
    <ele>768.7400000000001</ele>
   </trkpt>
   <trkpt lat="42.53313000000001" lon="2.2524900000000003">
    <ele>768.6800000000001</ele>
   </trkpt>
   <trkpt lat="42.53318" lon="2.25264">
    <ele>768.5600000000001</ele>
   </trkpt>
   <trkpt lat="42.533190000000005" lon="2.25285">
    <ele>768.5600000000001</ele>
   </trkpt>
   <trkpt lat="42.53318" lon="2.2535600000000002">
    <ele>766.9300000000001</ele>
   </trkpt>
   <trkpt lat="42.533210000000004" lon="2.25376">
    <ele>766.0</ele>
   </trkpt>
   <trkpt lat="42.533280000000005" lon="2.25393">
    <ele>765.4300000000001</ele>
   </trkpt>
   <trkpt lat="42.533350000000006" lon="2.2540500000000003">
    <ele>764.09</ele>
   </trkpt>
   <trkpt lat="42.533440000000006" lon="2.25414">
    <ele>762.62</ele>
   </trkpt>
   <trkpt lat="42.533550000000005" lon="2.25421">
    <ele>762.62</ele>
   </trkpt>
   <trkpt lat="42.533680000000004" lon="2.2542600000000004">
    <ele>761.24</ele>
   </trkpt>
   <trkpt lat="42.53385" lon="2.2542500000000003">
    <ele>760.07</ele>
   </trkpt>
   <trkpt lat="42.53446" lon="2.25416">
    <ele>757.34</ele>
   </trkpt>
   <trkpt lat="42.53528500008885" lon="2.254254998750711">
    <ele>753.24</ele>
   </trkpt>
   <trkpt lat="42.53611" lon="2.25435">
    <ele>749.2200000000001</ele>
   </trkpt>
   <trkpt lat="42.53680000000001" lon="2.25437">
    <ele>745.33</ele>
   </trkpt>
   <trkpt lat="42.53727000000001" lon="2.25423">
    <ele>742.8800000000001</ele>
   </trkpt>
   <trkpt lat="42.537560000000006" lon="2.25422">
    <ele>741.23</ele>
   </trkpt>
   <trkpt lat="42.538070000000005" lon="2.2542500000000003">
    <ele>737.38</ele>
   </trkpt>
   <trkpt lat="42.53839000000001" lon="2.2542400000000002">
    <ele>736.2700000000001</ele>
   </trkpt>
   <trkpt lat="42.53849" lon="2.25421">
    <ele>736.2700000000001</ele>
   </trkpt>
   <trkpt lat="42.538720000000005" lon="2.25408">
    <ele>732.1800000000001</ele>
   </trkpt>
   <trkpt lat="42.53884" lon="2.25403">
    <ele>732.1800000000001</ele>
   </trkpt>
   <trkpt lat="42.53895000000001" lon="2.25403">
    <ele>732.1800000000001</ele>
   </trkpt>
   <trkpt lat="42.539080000000006" lon="2.25407">
    <ele>732.1800000000001</ele>
   </trkpt>
   <trkpt lat="42.539190000000005" lon="2.25414">
    <ele>730.7300000000001</ele>
   </trkpt>
   <trkpt lat="42.53938" lon="2.25434">
    <ele>728.6300000000001</ele>
   </trkpt>
   <trkpt lat="42.539530000000006" lon="2.25455">
    <ele>728.6300000000001</ele>
   </trkpt>
   <trkpt lat="42.539680000000004" lon="2.25471">
    <ele>728.1200000000001</ele>
   </trkpt>
   <trkpt lat="42.5399" lon="2.2548700000000004">
    <ele>727.84</ele>
   </trkpt>
   <trkpt lat="42.54036000000001" lon="2.2551">
    <ele>726.6800000000001</ele>
   </trkpt>
   <trkpt lat="42.54043" lon="2.25518">
    <ele>726.6800000000001</ele>
   </trkpt>
   <trkpt lat="42.540780000000005" lon="2.2560100000000003">
    <ele>723.0300000000001</ele>
   </trkpt>
   <trkpt lat="42.54084" lon="2.25633">
    <ele>721.04</ele>
   </trkpt>
   <trkpt lat="42.54084" lon="2.25674">
    <ele>718.7500000000001</ele>
   </trkpt>
   <trkpt lat="42.540870000000005" lon="2.2569000000000004">
    <ele>718.7500000000001</ele>
   </trkpt>
   <trkpt lat="42.541000000000004" lon="2.25715">
    <ele>717.57</ele>
   </trkpt>
   <trkpt lat="42.54113" lon="2.25725">
    <ele>717.57</ele>
   </trkpt>
   <trkpt lat="42.541340000000005" lon="2.2574500000000004">
    <ele>714.35</ele>
   </trkpt>
   <trkpt lat="42.54142" lon="2.2575800000000004">
    <ele>714.35</ele>
   </trkpt>
   <trkpt lat="42.54151" lon="2.2577700000000003">
    <ele>713.8500000000001</ele>
   </trkpt>
   <trkpt lat="42.54155" lon="2.25794">
    <ele>713.13</ele>
   </trkpt>
   <trkpt lat="42.54157" lon="2.25814">
    <ele>712.46</ele>
   </trkpt>
   <trkpt lat="42.541700000000006" lon="2.2584400000000002">
    <ele>710.35</ele>
   </trkpt>
   <trkpt lat="42.541940000000004" lon="2.2586600000000003">
    <ele>709.6600000000001</ele>
   </trkpt>
   <trkpt lat="42.54213" lon="2.2589300000000003">
    <ele>707.23</ele>
   </trkpt>
   <trkpt lat="42.54271000000001" lon="2.25956">
    <ele>704.2400000000001</ele>
   </trkpt>
   <trkpt lat="42.54298" lon="2.2598800000000003">
    <ele>702.8700000000001</ele>
   </trkpt>
   <trkpt lat="42.54308" lon="2.26012">
    <ele>701.4300000000001</ele>
   </trkpt>
   <trkpt lat="42.54319" lon="2.2606100000000002">
    <ele>700.55</ele>
   </trkpt>
   <trkpt lat="42.543260000000004" lon="2.2607600000000003">
    <ele>699.1400000000001</ele>
   </trkpt>
   <trkpt lat="42.54337" lon="2.2609000000000004">
    <ele>699.1400000000001</ele>
   </trkpt>
   <trkpt lat="42.543470000000006" lon="2.26099">
    <ele>696.9200000000001</ele>
   </trkpt>
   <trkpt lat="42.54413" lon="2.26147">
    <ele>694.9399999999999</ele>
   </trkpt>
   <trkpt lat="42.544270000000004" lon="2.2616300000000003">
    <ele>691.5500000000001</ele>
   </trkpt>
   <trkpt lat="42.54448" lon="2.26196">
    <ele>691.5500000000001</ele>
   </trkpt>
   <trkpt lat="42.54458" lon="2.26208">
    <ele>690.25</ele>
   </trkpt>
   <trkpt lat="42.54468000000001" lon="2.2623">
    <ele>689.71</ele>
   </trkpt>
   <trkpt lat="42.54482" lon="2.2628700000000004">
    <ele>686.5000000000001</ele>
   </trkpt>
   <trkpt lat="42.54491" lon="2.26343">
    <ele>682.7500000000001</ele>
   </trkpt>
   <trkpt lat="42.54496" lon="2.2636100000000003">
    <ele>682.7500000000001</ele>
   </trkpt>
   <trkpt lat="42.54504" lon="2.26376">
    <ele>680.46</ele>
   </trkpt>
   <trkpt lat="42.5452" lon="2.2640000000000002">
    <ele>680.0</ele>
   </trkpt>
   <trkpt lat="42.54531" lon="2.2640900000000004">
    <ele>679.52</ele>
   </trkpt>
   <trkpt lat="42.54543" lon="2.2641600000000004">
    <ele>678.01</ele>
   </trkpt>
   <trkpt lat="42.54556" lon="2.2642">
    <ele>678.01</ele>
   </trkpt>
   <trkpt lat="42.545790000000004" lon="2.26419">
    <ele>676.6700000000001</ele>
   </trkpt>
   <trkpt lat="42.54625" lon="2.26403">
    <ele>673.72</ele>
   </trkpt>
   <trkpt lat="42.54636" lon="2.2640200000000004">
    <ele>673.72</ele>
   </trkpt>
   <trkpt lat="42.546780000000005" lon="2.2640700000000002">
    <ele>671.85</ele>
   </trkpt>
   <trkpt lat="42.54702" lon="2.2641600000000004">
    <ele>670.85</ele>
   </trkpt>
   <trkpt lat="42.547140000000006" lon="2.26424">
    <ele>670.49</ele>
   </trkpt>
   <trkpt lat="42.54726" lon="2.2643600000000004">
    <ele>669.8000000000001</ele>
   </trkpt>
   <trkpt lat="42.54751" lon="2.26472">
    <ele>667.7700000000001</ele>
   </trkpt>
   <trkpt lat="42.54757" lon="2.26484">
    <ele>667.7700000000001</ele>
   </trkpt>
   <trkpt lat="42.547760000000004" lon="2.26539">
    <ele>665.4300000000001</ele>
   </trkpt>
   <trkpt lat="42.54786" lon="2.26555">
    <ele>664.71</ele>
   </trkpt>
   <trkpt lat="42.54805" lon="2.26574">
    <ele>664.71</ele>
   </trkpt>
   <trkpt lat="42.54829" lon="2.26582">
    <ele>662.99</ele>
   </trkpt>
   <trkpt lat="42.54862000000001" lon="2.2659900000000004">
    <ele>661.21</ele>
   </trkpt>
   <trkpt lat="42.548700000000004" lon="2.266">
    <ele>661.21</ele>
   </trkpt>
   <trkpt lat="42.54869" lon="2.266">
    <ele>661.27</ele>
   </trkpt>
   <trkpt lat="42.548840000000006" lon="2.266">
    <ele>660.73</ele>
   </trkpt>
   <trkpt lat="42.54955" lon="2.2658400000000003">
    <ele>657.45</ele>
   </trkpt>
   <trkpt lat="42.54965000000001" lon="2.2658400000000003">
    <ele>655.85</ele>
   </trkpt>
   <trkpt lat="42.55033" lon="2.26601">
    <ele>653.7700000000001</ele>
   </trkpt>
   <trkpt lat="42.55044" lon="2.2660600000000004">
    <ele>651.7400000000001</ele>
   </trkpt>
   <trkpt lat="42.55053" lon="2.26613">
    <ele>651.7400000000001</ele>
   </trkpt>
   <trkpt lat="42.55107" lon="2.2666600000000003">
    <ele>649.8900000000001</ele>
   </trkpt>
   <trkpt lat="42.551550000000006" lon="2.26723">
    <ele>647.24</ele>
   </trkpt>
   <trkpt lat="42.551840000000006" lon="2.2675">
    <ele>642.6200000000001</ele>
   </trkpt>
   <trkpt lat="42.55203" lon="2.26765">
    <ele>642.6200000000001</ele>
   </trkpt>
   <trkpt lat="42.552150000000005" lon="2.2677">
    <ele>637.46</ele>
   </trkpt>
   <trkpt lat="42.552260000000004" lon="2.2676800000000004">
    <ele>637.46</ele>
   </trkpt>
   <trkpt lat="42.552350000000004" lon="2.2676100000000003">
    <ele>637.46</ele>
   </trkpt>
   <trkpt lat="42.55246" lon="2.2674600000000003">
    <ele>638.14</ele>
   </trkpt>
   <trkpt lat="42.552580000000006" lon="2.2674000000000003">
    <ele>638.3700000000001</ele>
   </trkpt>
   <trkpt lat="42.552760000000006" lon="2.2673900000000002">
    <ele>637.4300000000001</ele>
   </trkpt>
   <trkpt lat="42.55294000000001" lon="2.26743">
    <ele>636.6700000000001</ele>
   </trkpt>
   <trkpt lat="42.55332000000001" lon="2.2675500000000004">
    <ele>636.4399999999999</ele>
   </trkpt>
   <trkpt lat="42.553540000000005" lon="2.26779">
    <ele>634.32</ele>
   </trkpt>
   <trkpt lat="42.55387" lon="2.26796">
    <ele>633.36</ele>
   </trkpt>
   <trkpt lat="42.55393" lon="2.26803">
    <ele>633.36</ele>
   </trkpt>
   <trkpt lat="42.554030000000004" lon="2.26824">
    <ele>633.1300000000001</ele>
   </trkpt>
   <trkpt lat="42.554100000000005" lon="2.2683400000000002">
    <ele>632.8000000000001</ele>
   </trkpt>
   <trkpt lat="42.55444000000001" lon="2.26865">
    <ele>632.53</ele>
   </trkpt>
   <trkpt lat="42.554610000000004" lon="2.2688300000000003">
    <ele>632.1500000000001</ele>
   </trkpt>
   <trkpt lat="42.554640000000006" lon="2.26892">
    <ele>632.1500000000001</ele>
   </trkpt>
   <trkpt lat="42.55471" lon="2.2694">
    <ele>631.5400000000001</ele>
   </trkpt>
   <trkpt lat="42.55481" lon="2.2697200000000004">
    <ele>631.22</ele>
   </trkpt>
   <trkpt lat="42.55521" lon="2.2707800000000002">
    <ele>629.4000000000001</ele>
   </trkpt>
   <trkpt lat="42.55538000000001" lon="2.2714000000000003">
    <ele>629.9300000000001</ele>
   </trkpt>
   <trkpt lat="42.555490000000006" lon="2.2716700000000003">
    <ele>630.09</ele>
   </trkpt>
   <trkpt lat="42.55568" lon="2.2724800000000003">
    <ele>632.47</ele>
   </trkpt>
   <trkpt lat="42.55566" lon="2.27312">
    <ele>635.8100000000001</ele>
   </trkpt>
   <trkpt lat="42.55572" lon="2.27407">
    <ele>636.3000000000001</ele>
   </trkpt>
   <trkpt lat="42.555820000000004" lon="2.2750600000000003">
    <ele>635.38</ele>
   </trkpt>
   <trkpt lat="42.55584" lon="2.2752100000000004">
    <ele>635.38</ele>
   </trkpt>
   <trkpt lat="42.5560200019638" lon="2.2758799981129316">
    <ele>634.7700000000001</ele>
   </trkpt>
   <trkpt lat="42.556200000000004" lon="2.2765500000000003">
    <ele>634.1600000000001</ele>
   </trkpt>
   <trkpt lat="42.556090000000005" lon="2.2776400000000003">
    <ele>633.7900000000001</ele>
   </trkpt>
   <trkpt lat="42.55613" lon="2.2780400000000003">
    <ele>633.4399999999999</ele>
   </trkpt>
   <trkpt lat="42.55621" lon="2.2783">
    <ele>633.23</ele>
   </trkpt>
   <trkpt lat="42.55649667141743" lon="2.279039993173923">
    <ele>632.9200000000001</ele>
   </trkpt>
   <trkpt lat="42.55678333807354" lon="2.2797799931466107">
    <ele>632.53</ele>
   </trkpt>
   <trkpt lat="42.55707" lon="2.28052">
    <ele>631.4000000000001</ele>
   </trkpt>
   <trkpt lat="42.557170000000006" lon="2.28071">
    <ele>630.7600000000001</ele>
   </trkpt>
   <trkpt lat="42.557300000000005" lon="2.2808900000000003">
    <ele>630.7600000000001</ele>
   </trkpt>
   <trkpt lat="42.55763" lon="2.28119">
    <ele>628.47</ele>
   </trkpt>
   <trkpt lat="42.55773000000001" lon="2.2813100000000004">
    <ele>628.47</ele>
   </trkpt>
   <trkpt lat="42.557990000000004" lon="2.2817600000000002">
    <ele>626.69</ele>
   </trkpt>
   <trkpt lat="42.55807" lon="2.2819800000000003">
    <ele>626.69</ele>
   </trkpt>
   <trkpt lat="42.55814" lon="2.28228">
    <ele>626.21</ele>
   </trkpt>
   <trkpt lat="42.55814" lon="2.2824600000000004">
    <ele>625.3000000000001</ele>
   </trkpt>
   <trkpt lat="42.55807" lon="2.2828000000000004">
    <ele>623.86</ele>
   </trkpt>
   <trkpt lat="42.558060000000005" lon="2.28296">
    <ele>623.86</ele>
   </trkpt>
   <trkpt lat="42.558110000000006" lon="2.28331">
    <ele>622.9</ele>
   </trkpt>
   <trkpt lat="42.55821" lon="2.2836100000000004">
    <ele>622.2700000000001</ele>
   </trkpt>
   <trkpt lat="42.558420000000005" lon="2.28397">
    <ele>620.58</ele>
   </trkpt>
   <trkpt lat="42.5589" lon="2.28457">
    <ele>618.9499999999999</ele>
   </trkpt>
   <trkpt lat="42.559265000642675" lon="2.2849499977926695">
    <ele>616.82</ele>
   </trkpt>
   <trkpt lat="42.559630000000006" lon="2.28533">
    <ele>615.1600000000001</ele>
   </trkpt>
   <trkpt lat="42.559850000000004" lon="2.28561">
    <ele>613.0699999999999</ele>
   </trkpt>
   <trkpt lat="42.56009" lon="2.28596">
    <ele>613.0699999999999</ele>
   </trkpt>
   <trkpt lat="42.5602" lon="2.28614">
    <ele>609.44</ele>
   </trkpt>
   <trkpt lat="42.56047" lon="2.28669">
    <ele>609.44</ele>
   </trkpt>
   <trkpt lat="42.56091000000001" lon="2.2873900000000003">
    <ele>606.16</ele>
   </trkpt>
   <trkpt lat="42.561060000000005" lon="2.28772">
    <ele>605.02</ele>
   </trkpt>
   <trkpt lat="42.56132000123789" lon="2.2882299980848573">
    <ele>604.62</ele>
   </trkpt>
   <trkpt lat="42.561580000000006" lon="2.28874">
    <ele>605.02</ele>
   </trkpt>
   <trkpt lat="42.561640000000004" lon="2.2889600000000003">
    <ele>605.04</ele>
   </trkpt>
  </trkseg>
 </trk>
</gpx>
